id,train_acc,val_acc,test_acc,best_epoch,loss_function,loss_precision,num_bits,weight_init_bits,low_precision_weights,activation_bits,vdecay,hidden_layer,out_layer,n_filters,kernel_size,reduce_dim,lr_hidden,lr_output,lr_scheduler,gradient_clip,weight_decay,train_activations,val_activations,test_activations,train_activations_fb,train_batch_size,test_batch_size,fb_angle,fb_ratio,session_name,seed,epochs
68,0.89802,0.9113,0.9086,7,"('random', (-1, 2))",32,16,16,8,16,0.5,"[500.0, 1000.0]","[500.0, 500.0]",32,5,True,0.00390625,0.00390625,none,512,False,"tensor([23.9415, 12.6978])","tensor([23.6675, 12.3643])","tensor([24.0483, 12.2162])","tensor([nan, nan])",128,256,0,0,mnist_biograd_cnn_1_layers_int_16_16_8_transposed_loss_direct_100364571_exp_id_68,100364571,50
153,0.8185,0.8494,0.8333,46,"('random', (-1, 2))",128,16,16,8,16,0.5,"[1000.0, 2000.0]","[1000.0, 1000.0]",32,5,True,3.0517578125e-05,0.0625,none,512,False,"tensor([ 3.2574, 30.0368])","tensor([ 3.2189, 28.7873])","tensor([ 3.2735, 29.1124])","tensor([nan, nan])",128,256,0,0,mnist_biograd_cnn_1_layers_int_16_16_8_transposed_loss_direct_100364571_exp_id_153,100364571,50
58,0.93524,0.95,0.9491,9,"('random', (-1, 2))",32,16,16,8,16,0.5,"[500.0, 1000.0]","[500.0, 500.0]",32,5,True,0.00390625,1.0,none,2048,False,"tensor([ 1.1250, 11.6906])","tensor([ 1.1348, 11.4344])","tensor([ 1.1404, 11.6009])","tensor([nan, nan])",128,256,0,0,mnist_biograd_cnn_1_layers_int_16_16_8_transposed_loss_direct_100364571_exp_id_58,100364571,50
113,0.71378,0.7887,0.7734,41,"('random', (-1, 2))",128,16,16,8,16,0.5,"[1000.0, 2000.0]","[1000.0, 1000.0]",32,5,True,0.00390625,1.0,none,2048,False,"tensor([ 7.2490, 33.1177])","tensor([ 7.2196, 29.3695])","tensor([ 7.3267, 29.7497])","tensor([nan, nan])",128,256,0,0,mnist_biograd_cnn_1_layers_int_16_16_8_transposed_loss_direct_100364571_exp_id_113,100364571,50
4,0.8881,0.8899,0.8861,20,"('random', (-1, 2))",32,16,16,8,16,0.5,"[250.0, 500.0]","[250.0, 250.0]",32,5,True,0.00390625,1.0,none,2048,False,"tensor([1.6994, 9.7406])","tensor([1.7353, 9.5232])","tensor([1.7407, 9.5844])","tensor([nan, nan])",128,256,0,0,mnist_biograd_cnn_1_layers_int_16_16_8_transposed_loss_direct_100364571_exp_id_4,100364571,50
69,0.46722,0.4903,0.4718,16,"('random', (-1, 2))",128,16,16,8,16,0.5,"[500.0, 1000.0]","[500.0, 500.0]",32,5,True,0.00390625,0.00390625,none,512,False,"tensor([30.9364, 46.4603])","tensor([30.9340, 45.0484])","tensor([31.0801, 45.1654])","tensor([nan, nan])",128,256,0,0,mnist_biograd_cnn_1_layers_int_16_16_8_transposed_loss_direct_100364571_exp_id_69,100364571,50
5,0.09864,0.0991,0.098,0,"('random', (-1, 2))",128,16,16,8,16,0.5,"[250.0, 500.0]","[250.0, 250.0]",32,5,True,0.00390625,1.0,none,2048,False,"tensor([23.9361, 91.4759])","tensor([24.3171, 91.2142])","tensor([24.4395, 91.2831])","tensor([nan, nan])",128,256,0,0,mnist_biograd_cnn_1_layers_int_16_16_8_transposed_loss_direct_100364571_exp_id_5,100364571,50
160,0.87076,0.8898,0.8838,37,"('random', (-1, 2))",32,16,16,8,16,0.5,"[1000.0, 2000.0]","[1000.0, 1000.0]",32,5,True,3.0517578125e-05,0.00390625,none,2048,False,"tensor([14.2167, 13.1055])","tensor([14.1719, 13.0443])","tensor([14.3776, 12.9577])","tensor([nan, nan])",128,256,0,0,mnist_biograd_cnn_1_layers_int_16_16_8_transposed_loss_direct_100364571_exp_id_160,100364571,50
130,0.82122,0.9157,0.9115,0,"('random', (-1, 2))",32,16,16,8,16,0.5,"[1000.0, 2000.0]","[1000.0, 1000.0]",32,5,True,0.000244140625,1.0,none,2048,False,"tensor([ 1.2480, 12.0791])","tensor([ 1.4045, 12.4606])","tensor([ 1.4381, 12.5186])","tensor([nan, nan])",128,256,0,0,mnist_biograd_cnn_1_layers_int_16_16_8_transposed_loss_direct_100364571_exp_id_130,100364571,50
65,0.52578,0.5403,0.544,30,"('random', (-1, 2))",128,16,16,8,16,0.5,"[500.0, 1000.0]","[500.0, 500.0]",32,5,True,0.00390625,0.0625,none,2048,False,"tensor([25.0596, 45.2245])","tensor([25.0637, 42.9310])","tensor([25.2036, 43.3599])","tensor([nan, nan])",128,256,0,0,mnist_biograd_cnn_1_layers_int_16_16_8_transposed_loss_direct_100364571_exp_id_65,100364571,50
80,0.97274,0.9767,0.9714,45,"('random', (-1, 2))",32,16,16,8,16,0.5,"[500.0, 1000.0]","[500.0, 500.0]",32,5,True,0.000244140625,0.0625,none,512,False,"tensor([10.6307, 11.0216])","tensor([10.6171, 10.9593])","tensor([10.7627, 11.0585])","tensor([nan, nan])",128,256,0,0,mnist_biograd_cnn_1_layers_int_16_16_8_transposed_loss_direct_100364571_exp_id_80,100364571,50
44,0.98496,0.9821,0.9801,42,"('random', (-1, 2))",32,16,16,8,16,0.5,"[250.0, 500.0]","[250.0, 250.0]",32,5,True,3.0517578125e-05,0.0625,none,512,False,"tensor([ 9.7921, 10.7223])","tensor([ 9.7669, 10.6335])","tensor([ 9.8384, 10.6315])","tensor([nan, nan])",128,256,0,0,mnist_biograd_cnn_1_layers_int_16_16_8_transposed_loss_direct_100364571_exp_id_44,100364571,50
91,0.09866,0.0992,0.098,10,"('random', (-1, 2))",128,16,16,8,16,0.5,"[500.0, 1000.0]","[500.0, 500.0]",32,5,True,3.0517578125e-05,1.0,none,0,False,"tensor([23.2631, 80.3483])","tensor([23.2783, 80.0893])","tensor([23.3644, 80.0598])","tensor([nan, nan])",128,256,0,0,mnist_biograd_cnn_1_layers_int_16_16_8_transposed_loss_direct_100364571_exp_id_91,100364571,50
131,0.71706,0.7932,0.7779,41,"('random', (-1, 2))",128,16,16,8,16,0.5,"[1000.0, 2000.0]","[1000.0, 1000.0]",32,5,True,0.000244140625,1.0,none,2048,False,"tensor([ 7.2520, 33.0973])","tensor([ 7.2227, 29.3162])","tensor([ 7.3299, 29.7094])","tensor([nan, nan])",128,256,0,0,mnist_biograd_cnn_1_layers_int_16_16_8_transposed_loss_direct_100364571_exp_id_131,100364571,50
29,0.88372,0.9054,0.898,20,"('random', (-1, 2))",128,16,16,8,16,0.5,"[250.0, 500.0]","[250.0, 250.0]",32,5,True,0.000244140625,0.0625,none,2048,False,"tensor([26.3222, 19.0051])","tensor([26.1570, 17.9869])","tensor([26.3997, 18.0891])","tensor([nan, nan])",128,256,0,0,mnist_biograd_cnn_1_layers_int_16_16_8_transposed_loss_direct_100364571_exp_id_29,100364571,50
63,0.91642,0.9268,0.9224,48,"('random', (-1, 2))",128,16,16,8,16,0.5,"[500.0, 1000.0]","[500.0, 500.0]",32,5,True,0.00390625,0.0625,none,512,False,"tensor([16.6768, 19.6599])","tensor([16.5550, 19.7299])","tensor([16.7489, 19.8898])","tensor([nan, nan])",128,256,0,0,mnist_biograd_cnn_1_layers_int_16_16_8_transposed_loss_direct_100364571_exp_id_63,100364571,50
108,0.79658,0.824,0.8249,17,"('random', (-1, 2))",32,16,16,8,16,0.5,"[1000.0, 2000.0]","[1000.0, 1000.0]",32,5,True,0.00390625,1.0,none,0,False,"tensor([ 0.7769, 12.6753])","tensor([ 0.7998, 12.5486])","tensor([ 0.8100, 12.6648])","tensor([nan, nan])",128,256,0,0,mnist_biograd_cnn_1_layers_int_16_16_8_transposed_loss_direct_100364571_exp_id_108,100364571,50
99,0.86038,0.8968,0.8908,48,"('random', (-1, 2))",128,16,16,8,16,0.5,"[500.0, 1000.0]","[500.0, 500.0]",32,5,True,3.0517578125e-05,0.0625,none,512,False,"tensor([18.5971, 23.5123])","tensor([18.4984, 21.2396])","tensor([18.6855, 21.4581])","tensor([nan, nan])",128,256,0,0,mnist_biograd_cnn_1_layers_int_16_16_8_transposed_loss_direct_100364571_exp_id_99,100364571,50
96,0.97088,0.9745,0.9694,35,"('random', (-1, 2))",32,16,16,8,16,0.5,"[500.0, 1000.0]","[500.0, 500.0]",32,5,True,3.0517578125e-05,0.0625,none,0,False,"tensor([11.7384, 11.0728])","tensor([11.6267, 10.8270])","tensor([11.8438, 10.8806])","tensor([nan, nan])",128,256,0,0,mnist_biograd_cnn_1_layers_int_16_16_8_transposed_loss_direct_100364571_exp_id_96,100364571,50
34,0.93774,0.9457,0.9383,47,"('random', (-1, 2))",32,16,16,8,16,0.5,"[250.0, 500.0]","[250.0, 250.0]",32,5,True,0.000244140625,0.00390625,none,2048,False,"tensor([ 8.7622, 14.1366])","tensor([ 8.7564, 13.9685])","tensor([ 8.7518, 14.0380])","tensor([nan, nan])",128,256,0,0,mnist_biograd_cnn_1_layers_int_16_16_8_transposed_loss_direct_100364571_exp_id_34,100364571,50
23,0.09864,0.0991,0.098,0,"('random', (-1, 2))",128,16,16,8,16,0.5,"[250.0, 500.0]","[250.0, 250.0]",32,5,True,0.000244140625,1.0,none,2048,False,"tensor([ 27.6496, 100.0000])","tensor([ 27.6887, 100.0000])","tensor([ 27.7685, 100.0000])","tensor([nan, nan])",128,256,0,0,mnist_biograd_cnn_1_layers_int_16_16_8_transposed_loss_direct_100364571_exp_id_23,100364571,50
33,0.26866,0.2633,0.2727,2,"('random', (-1, 2))",128,16,16,8,16,0.5,"[250.0, 500.0]","[250.0, 250.0]",32,5,True,0.000244140625,0.00390625,none,512,False,"tensor([23.1190, 67.0513])","tensor([24.5198, 63.8785])","tensor([24.7105, 64.2165])","tensor([nan, nan])",128,256,0,0,mnist_biograd_cnn_1_layers_int_16_16_8_transposed_loss_direct_100364571_exp_id_33,100364571,50
41,0.09864,0.0991,0.098,0,"('random', (-1, 2))",128,16,16,8,16,0.5,"[250.0, 500.0]","[250.0, 250.0]",32,5,True,3.0517578125e-05,1.0,none,2048,False,"tensor([23.5988, 91.4422])","tensor([23.6006, 91.3562])","tensor([23.7297, 91.4290])","tensor([nan, nan])",128,256,0,0,mnist_biograd_cnn_1_layers_int_16_16_8_transposed_loss_direct_100364571_exp_id_41,100364571,50
89,0.48804,0.5091,0.495,15,"('random', (-1, 2))",128,16,16,8,16,0.5,"[500.0, 1000.0]","[500.0, 500.0]",32,5,True,0.000244140625,0.00390625,none,2048,False,"tensor([30.9353, 45.3881])","tensor([30.9978, 44.0478])","tensor([31.0729, 43.9595])","tensor([nan, nan])",128,256,0,0,mnist_biograd_cnn_1_layers_int_16_16_8_transposed_loss_direct_100364571_exp_id_89,100364571,50
126,0.80246,0.8185,0.8166,4,"('random', (-1, 2))",32,16,16,8,16,0.5,"[1000.0, 2000.0]","[1000.0, 1000.0]",32,5,True,0.000244140625,1.0,none,0,False,"tensor([ 1.1972, 11.5349])","tensor([ 1.1644, 11.6187])","tensor([ 1.1915, 11.7148])","tensor([nan, nan])",128,256,0,0,mnist_biograd_cnn_1_layers_int_16_16_8_transposed_loss_direct_100364571_exp_id_126,100364571,50
88,0.902,0.9146,0.9075,9,"('random', (-1, 2))",32,16,16,8,16,0.5,"[500.0, 1000.0]","[500.0, 500.0]",32,5,True,0.000244140625,0.00390625,none,2048,False,"tensor([17.0286, 13.0453])","tensor([17.2561, 12.9354])","tensor([17.6298, 12.7529])","tensor([nan, nan])",128,256,0,0,mnist_biograd_cnn_1_layers_int_16_16_8_transposed_loss_direct_100364571_exp_id_88,100364571,50
161,0.46586,0.4725,0.4768,6,"('random', (-1, 2))",128,16,16,8,16,0.5,"[1000.0, 2000.0]","[1000.0, 1000.0]",32,5,True,3.0517578125e-05,0.00390625,none,2048,False,"tensor([15.0454, 45.1486])","tensor([15.1037, 44.3845])","tensor([15.3336, 44.7303])","tensor([nan, nan])",128,256,0,0,mnist_biograd_cnn_1_layers_int_16_16_8_transposed_loss_direct_100364571_exp_id_161,100364571,50
24,0.98194,0.981,0.9778,39,"('random', (-1, 2))",32,16,16,8,16,0.5,"[250.0, 500.0]","[250.0, 250.0]",32,5,True,0.000244140625,0.0625,none,0,False,"tensor([10.2613, 10.7740])","tensor([10.2123, 10.7238])","tensor([10.2715, 10.7098])","tensor([nan, nan])",128,256,0,0,mnist_biograd_cnn_1_layers_int_16_16_8_transposed_loss_direct_100364571_exp_id_24,100364571,50
75,0.2991,0.2964,0.306,9,"('random', (-1, 2))",128,16,16,8,16,0.5,"[500.0, 1000.0]","[500.0, 500.0]",32,5,True,0.000244140625,1.0,none,512,False,"tensor([20.3015, 63.4177])","tensor([20.2870, 61.6591])","tensor([20.4201, 61.7259])","tensor([nan, nan])",128,256,0,0,mnist_biograd_cnn_1_layers_int_16_16_8_transposed_loss_direct_100364571_exp_id_75,100364571,50
141,0.4645,0.4726,0.4777,6,"('random', (-1, 2))",128,16,16,8,16,0.5,"[1000.0, 2000.0]","[1000.0, 1000.0]",32,5,True,0.000244140625,0.00390625,none,512,False,"tensor([15.2095, 45.3265])","tensor([15.1467, 44.5296])","tensor([15.3756, 44.8846])","tensor([nan, nan])",128,256,0,0,mnist_biograd_cnn_1_layers_int_16_16_8_transposed_loss_direct_100364571_exp_id_141,100364571,50
1,0.09864,0.0991,0.098,0,"('random', (-1, 2))",128,16,16,8,16,0.5,"[250.0, 500.0]","[250.0, 250.0]",32,5,True,0.00390625,1.0,none,0,False,"tensor([28.5956, 90.0000])","tensor([28.3024, 90.0000])","tensor([28.3881, 90.0000])","tensor([nan, nan])",128,256,0,0,mnist_biograd_cnn_1_layers_int_16_16_8_transposed_loss_direct_100364571_exp_id_1,100364571,50
92,0.96834,0.9726,0.9694,26,"('random', (-1, 2))",32,16,16,8,16,0.5,"[500.0, 1000.0]","[500.0, 500.0]",32,5,True,3.0517578125e-05,1.0,none,512,False,"tensor([ 2.7474, 10.9920])","tensor([ 2.7362, 10.5457])","tensor([ 2.7638, 10.5874])","tensor([nan, nan])",128,256,0,0,mnist_biograd_cnn_1_layers_int_16_16_8_transposed_loss_direct_100364571_exp_id_92,100364571,50
154,0.89974,0.9129,0.9116,33,"('random', (-1, 2))",32,16,16,8,16,0.5,"[1000.0, 2000.0]","[1000.0, 1000.0]",32,5,True,3.0517578125e-05,0.0625,none,2048,False,"tensor([ 5.5514, 12.2080])","tensor([ 5.5246, 12.2361])","tensor([ 5.6242, 12.2801])","tensor([nan, nan])",128,256,0,0,mnist_biograd_cnn_1_layers_int_16_16_8_transposed_loss_direct_100364571_exp_id_154,100364571,50
127,0.7038,0.7897,0.7727,41,"('random', (-1, 2))",128,16,16,8,16,0.5,"[1000.0, 2000.0]","[1000.0, 1000.0]",32,5,True,0.000244140625,1.0,none,0,False,"tensor([ 7.9273, 33.5882])","tensor([ 7.8940, 28.6726])","tensor([ 8.0125, 29.2526])","tensor([nan, nan])",128,256,0,0,mnist_biograd_cnn_1_layers_int_16_16_8_transposed_loss_direct_100364571_exp_id_127,100364571,50
70,0.89594,0.9116,0.9024,48,"('random', (-1, 2))",32,16,16,8,16,0.5,"[500.0, 1000.0]","[500.0, 500.0]",32,5,True,0.00390625,0.00390625,none,2048,False,"tensor([23.2228, 12.7589])","tensor([23.1585, 12.6476])","tensor([23.5131, 12.4551])","tensor([nan, nan])",128,256,0,0,mnist_biograd_cnn_1_layers_int_16_16_8_transposed_loss_direct_100364571_exp_id_70,100364571,50
137,0.8096,0.8456,0.8367,48,"('random', (-1, 2))",128,16,16,8,16,0.5,"[1000.0, 2000.0]","[1000.0, 1000.0]",32,5,True,0.000244140625,0.0625,none,2048,False,"tensor([ 9.0106, 29.9732])","tensor([ 8.9876, 27.7100])","tensor([ 9.1306, 27.9745])","tensor([nan, nan])",128,256,0,0,mnist_biograd_cnn_1_layers_int_16_16_8_transposed_loss_direct_100364571_exp_id_137,100364571,50
134,0.92422,0.9334,0.9326,22,"('random', (-1, 2))",32,16,16,8,16,0.5,"[1000.0, 2000.0]","[1000.0, 1000.0]",32,5,True,0.000244140625,0.0625,none,512,False,"tensor([ 7.8566, 12.0049])","tensor([ 7.8046, 11.8692])","tensor([ 7.9613, 11.9445])","tensor([nan, nan])",128,256,0,0,mnist_biograd_cnn_1_layers_int_16_16_8_transposed_loss_direct_100364571_exp_id_134,100364571,50
72,0.96406,0.9722,0.9682,2,"('random', (-1, 2))",32,16,16,8,16,0.5,"[500.0, 1000.0]","[500.0, 500.0]",32,5,True,0.000244140625,1.0,none,0,False,"tensor([ 2.1942, 11.0925])","tensor([ 2.2079, 10.7752])","tensor([ 2.2198, 10.7974])","tensor([nan, nan])",128,256,0,0,mnist_biograd_cnn_1_layers_int_16_16_8_transposed_loss_direct_100364571_exp_id_72,100364571,50
51,0.35958,0.3661,0.3652,2,"('random', (-1, 2))",128,16,16,8,16,0.5,"[250.0, 500.0]","[250.0, 250.0]",32,5,True,3.0517578125e-05,0.00390625,none,512,False,"tensor([21.8579, 59.7930])","tensor([23.0357, 60.2511])","tensor([23.2058, 60.5835])","tensor([nan, nan])",128,256,0,0,mnist_biograd_cnn_1_layers_int_16_16_8_transposed_loss_direct_100364571_exp_id_51,100364571,50
45,0.55652,0.5656,0.5686,20,"('random', (-1, 2))",128,16,16,8,16,0.5,"[250.0, 500.0]","[250.0, 250.0]",32,5,True,3.0517578125e-05,0.0625,none,512,False,"tensor([26.5955, 27.2907])","tensor([26.6329, 25.5305])","tensor([26.8661, 25.6535])","tensor([nan, nan])",128,256,0,0,mnist_biograd_cnn_1_layers_int_16_16_8_transposed_loss_direct_100364571_exp_id_45,100364571,50
83,0.30314,0.2981,0.3071,48,"('random', (-1, 2))",128,16,16,8,16,0.5,"[500.0, 1000.0]","[500.0, 500.0]",32,5,True,0.000244140625,0.0625,none,2048,False,"tensor([23.1710, 46.9674])","tensor([23.0564, 47.0486])","tensor([23.2222, 47.3469])","tensor([nan, nan])",128,256,0,0,mnist_biograd_cnn_1_layers_int_16_16_8_transposed_loss_direct_100364571_exp_id_83,100364571,50
139,0.46554,0.4711,0.4725,1,"('random', (-1, 2))",128,16,16,8,16,0.5,"[1000.0, 2000.0]","[1000.0, 1000.0]",32,5,True,0.000244140625,0.00390625,none,0,False,"tensor([13.4544, 46.2796])","tensor([13.9654, 43.9703])","tensor([14.2285, 44.6073])","tensor([nan, nan])",128,256,0,0,mnist_biograd_cnn_1_layers_int_16_16_8_transposed_loss_direct_100364571_exp_id_139,100364571,50
158,0.87094,0.8897,0.883,26,"('random', (-1, 2))",32,16,16,8,16,0.5,"[1000.0, 2000.0]","[1000.0, 1000.0]",32,5,True,3.0517578125e-05,0.00390625,none,512,False,"tensor([14.0795, 13.1796])","tensor([14.0260, 13.1250])","tensor([14.2409, 13.0051])","tensor([nan, nan])",128,256,0,0,mnist_biograd_cnn_1_layers_int_16_16_8_transposed_loss_direct_100364571_exp_id_158,100364571,50
105,0.4606,0.4838,0.472,19,"('random', (-1, 2))",128,16,16,8,16,0.5,"[500.0, 1000.0]","[500.0, 500.0]",32,5,True,3.0517578125e-05,0.00390625,none,512,False,"tensor([28.0428, 46.7255])","tensor([28.0701, 45.1029])","tensor([28.1656, 45.0991])","tensor([nan, nan])",128,256,0,0,mnist_biograd_cnn_1_layers_int_16_16_8_transposed_loss_direct_100364571_exp_id_105,100364571,50
106,0.90678,0.9203,0.9167,23,"('random', (-1, 2))",32,16,16,8,16,0.5,"[500.0, 1000.0]","[500.0, 500.0]",32,5,True,3.0517578125e-05,0.00390625,none,2048,False,"tensor([17.8620, 12.9544])","tensor([17.9170, 12.8235])","tensor([18.3013, 12.7687])","tensor([nan, nan])",128,256,0,0,mnist_biograd_cnn_1_layers_int_16_16_8_transposed_loss_direct_100364571_exp_id_106,100364571,50
142,0.87162,0.8902,0.8801,26,"('random', (-1, 2))",32,16,16,8,16,0.5,"[1000.0, 2000.0]","[1000.0, 1000.0]",32,5,True,0.000244140625,0.00390625,none,2048,False,"tensor([18.5831, 13.0253])","tensor([18.4920, 13.0772])","tensor([18.7938, 12.8633])","tensor([nan, nan])",128,256,0,0,mnist_biograd_cnn_1_layers_int_16_16_8_transposed_loss_direct_100364571_exp_id_142,100364571,50
31,0.24458,0.2635,0.2723,0,"('random', (-1, 2))",128,16,16,8,16,0.5,"[250.0, 500.0]","[250.0, 250.0]",32,5,True,0.000244140625,0.00390625,none,0,False,"tensor([18.0880, 69.6039])","tensor([20.1445, 62.9645])","tensor([20.3128, 63.0641])","tensor([nan, nan])",128,256,0,0,mnist_biograd_cnn_1_layers_int_16_16_8_transposed_loss_direct_100364571_exp_id_31,100364571,50
53,0.36384,0.3753,0.3754,2,"('random', (-1, 2))",128,16,16,8,16,0.5,"[250.0, 500.0]","[250.0, 250.0]",32,5,True,3.0517578125e-05,0.00390625,none,2048,False,"tensor([21.9805, 59.0382])","tensor([23.0151, 59.4028])","tensor([23.1741, 59.6791])","tensor([nan, nan])",128,256,0,0,mnist_biograd_cnn_1_layers_int_16_16_8_transposed_loss_direct_100364571_exp_id_53,100364571,50
100,0.97088,0.9745,0.9694,35,"('random', (-1, 2))",32,16,16,8,16,0.5,"[500.0, 1000.0]","[500.0, 500.0]",32,5,True,3.0517578125e-05,0.0625,none,2048,False,"tensor([11.7384, 11.0728])","tensor([11.6267, 10.8270])","tensor([11.8438, 10.8806])","tensor([nan, nan])",128,256,0,0,mnist_biograd_cnn_1_layers_int_16_16_8_transposed_loss_direct_100364571_exp_id_100,100364571,50
57,0.4504,0.4619,0.4682,45,"('random', (-1, 2))",128,16,16,8,16,0.5,"[500.0, 1000.0]","[500.0, 500.0]",32,5,True,0.00390625,1.0,none,512,False,"tensor([20.7851, 56.8398])","tensor([20.7660, 55.4234])","tensor([20.8855, 55.7036])","tensor([nan, nan])",128,256,0,0,mnist_biograd_cnn_1_layers_int_16_16_8_transposed_loss_direct_100364571_exp_id_57,100364571,50
13,0.25626,0.256,0.2682,3,"('random', (-1, 2))",128,16,16,8,16,0.5,"[250.0, 500.0]","[250.0, 250.0]",32,5,True,0.00390625,0.00390625,none,0,False,"tensor([26.9380, 64.4516])","tensor([26.6538, 61.5070])","tensor([26.8524, 61.8928])","tensor([nan, nan])",128,256,0,0,mnist_biograd_cnn_1_layers_int_16_16_8_transposed_loss_direct_100364571_exp_id_13,100364571,50
22,0.98344,0.9808,0.978,36,"('random', (-1, 2))",32,16,16,8,16,0.5,"[250.0, 500.0]","[250.0, 250.0]",32,5,True,0.000244140625,1.0,none,2048,False,"tensor([ 2.6865, 10.5478])","tensor([ 2.7040, 10.4425])","tensor([ 2.7216, 10.4648])","tensor([nan, nan])",128,256,0,0,mnist_biograd_cnn_1_layers_int_16_16_8_transposed_loss_direct_100364571_exp_id_22,100364571,50
138,0.87204,0.8902,0.8855,16,"('random', (-1, 2))",32,16,16,8,16,0.5,"[1000.0, 2000.0]","[1000.0, 1000.0]",32,5,True,0.000244140625,0.00390625,none,0,False,"tensor([18.4347, 13.0447])","tensor([18.4100, 12.9871])","tensor([18.6987, 12.8484])","tensor([nan, nan])",128,256,0,0,mnist_biograd_cnn_1_layers_int_16_16_8_transposed_loss_direct_100364571_exp_id_138,100364571,50
107,0.49792,0.5194,0.5015,16,"('random', (-1, 2))",128,16,16,8,16,0.5,"[500.0, 1000.0]","[500.0, 500.0]",32,5,True,3.0517578125e-05,0.00390625,none,2048,False,"tensor([28.0422, 44.9280])","tensor([28.0348, 43.6125])","tensor([28.1672, 43.7231])","tensor([nan, nan])",128,256,0,0,mnist_biograd_cnn_1_layers_int_16_16_8_transposed_loss_direct_100364571_exp_id_107,100364571,50
103,0.50148,0.5242,0.5046,16,"('random', (-1, 2))",128,16,16,8,16,0.5,"[500.0, 1000.0]","[500.0, 500.0]",32,5,True,3.0517578125e-05,0.00390625,none,0,False,"tensor([28.0422, 44.7234])","tensor([28.0347, 43.4066])","tensor([28.1670, 43.5352])","tensor([nan, nan])",128,256,0,0,mnist_biograd_cnn_1_layers_int_16_16_8_transposed_loss_direct_100364571_exp_id_103,100364571,50
55,0.09864,0.0992,0.098,13,"('random', (-1, 2))",128,16,16,8,16,0.5,"[500.0, 1000.0]","[500.0, 500.0]",32,5,True,0.00390625,1.0,none,0,False,"tensor([19.0890, 82.3615])","tensor([19.2542, 81.5931])","tensor([19.3479, 81.5937])","tensor([nan, nan])",128,256,0,0,mnist_biograd_cnn_1_layers_int_16_16_8_transposed_loss_direct_100364571_exp_id_55,100364571,50
85,0.49048,0.5085,0.495,15,"('random', (-1, 2))",128,16,16,8,16,0.5,"[500.0, 1000.0]","[500.0, 500.0]",32,5,True,0.000244140625,0.00390625,none,0,False,"tensor([30.9378, 45.3185])","tensor([31.0017, 44.1977])","tensor([31.0767, 44.0947])","tensor([nan, nan])",128,256,0,0,mnist_biograd_cnn_1_layers_int_16_16_8_transposed_loss_direct_100364571_exp_id_85,100364571,50
30,0.93634,0.945,0.9401,46,"('random', (-1, 2))",32,16,16,8,16,0.5,"[250.0, 500.0]","[250.0, 250.0]",32,5,True,0.000244140625,0.00390625,none,0,False,"tensor([ 8.7571, 14.1192])","tensor([ 8.7936, 13.7848])","tensor([ 8.8039, 13.8204])","tensor([nan, nan])",128,256,0,0,mnist_biograd_cnn_1_layers_int_16_16_8_transposed_loss_direct_100364571_exp_id_30,100364571,50
110,0.90082,0.9159,0.9127,2,"('random', (-1, 2))",32,16,16,8,16,0.5,"[1000.0, 2000.0]","[1000.0, 1000.0]",32,5,True,0.00390625,1.0,none,512,False,"tensor([ 1.9764, 12.2102])","tensor([ 1.9664, 11.3346])","tensor([ 2.0027, 11.3080])","tensor([nan, nan])",128,256,0,0,mnist_biograd_cnn_1_layers_int_16_16_8_transposed_loss_direct_100364571_exp_id_110,100364571,50
7,0.38752,0.3883,0.394,49,"('random', (-1, 2))",128,16,16,8,16,0.5,"[250.0, 500.0]","[250.0, 250.0]",32,5,True,0.00390625,0.0625,none,0,False,"tensor([28.5064, 43.0595])","tensor([27.9079, 41.3873])","tensor([28.0958, 41.5433])","tensor([nan, nan])",128,256,0,0,mnist_biograd_cnn_1_layers_int_16_16_8_transposed_loss_direct_100364571_exp_id_7,100364571,50
0,0.96668,0.9722,0.9702,47,"('random', (-1, 2))",32,16,16,8,16,0.5,"[250.0, 500.0]","[250.0, 250.0]",32,5,True,0.00390625,1.0,none,0,False,"tensor([ 2.1256, 10.7428])","tensor([ 2.1548, 10.7481])","tensor([ 2.1731, 10.8268])","tensor([nan, nan])",128,256,0,0,mnist_biograd_cnn_1_layers_int_16_16_8_transposed_loss_direct_100364571_exp_id_0,100364571,50
61,0.30022,0.2965,0.3054,45,"('random', (-1, 2))",128,16,16,8,16,0.5,"[500.0, 1000.0]","[500.0, 500.0]",32,5,True,0.00390625,0.0625,none,0,False,"tensor([25.4407, 69.8933])","tensor([25.4348, 69.3758])","tensor([25.5696, 69.5542])","tensor([nan, nan])",128,256,0,0,mnist_biograd_cnn_1_layers_int_16_16_8_transposed_loss_direct_100364571_exp_id_61,100364571,50
40,0.89502,0.8939,0.8918,12,"('random', (-1, 2))",32,16,16,8,16,0.5,"[250.0, 500.0]","[250.0, 250.0]",32,5,True,3.0517578125e-05,1.0,none,2048,False,"tensor([3.5333, 9.5824])","tensor([3.5308, 9.6446])","tensor([3.5315, 9.6806])","tensor([nan, nan])",128,256,0,0,mnist_biograd_cnn_1_layers_int_16_16_8_transposed_loss_direct_100364571_exp_id_40,100364571,50
64,0.97348,0.9756,0.9719,42,"('random', (-1, 2))",32,16,16,8,16,0.5,"[500.0, 1000.0]","[500.0, 500.0]",32,5,True,0.00390625,0.0625,none,2048,False,"tensor([ 8.7878, 11.0609])","tensor([ 8.6995, 11.0031])","tensor([ 8.8425, 11.0519])","tensor([nan, nan])",128,256,0,0,mnist_biograd_cnn_1_layers_int_16_16_8_transposed_loss_direct_100364571_exp_id_64,100364571,50
71,0.47882,0.4989,0.4829,16,"('random', (-1, 2))",128,16,16,8,16,0.5,"[500.0, 1000.0]","[500.0, 500.0]",32,5,True,0.00390625,0.00390625,none,2048,False,"tensor([30.9324, 45.8904])","tensor([30.9233, 44.6961])","tensor([31.0697, 44.8301])","tensor([nan, nan])",128,256,0,0,mnist_biograd_cnn_1_layers_int_16_16_8_transposed_loss_direct_100364571_exp_id_71,100364571,50
32,0.93406,0.9421,0.937,49,"('random', (-1, 2))",32,16,16,8,16,0.5,"[250.0, 500.0]","[250.0, 250.0]",32,5,True,0.000244140625,0.00390625,none,512,False,"tensor([ 8.7291, 14.2568])","tensor([ 8.7902, 13.8678])","tensor([ 8.7600, 13.8071])","tensor([nan, nan])",128,256,0,0,mnist_biograd_cnn_1_layers_int_16_16_8_transposed_loss_direct_100364571_exp_id_32,100364571,50
150,0.89974,0.9129,0.9116,33,"('random', (-1, 2))",32,16,16,8,16,0.5,"[1000.0, 2000.0]","[1000.0, 1000.0]",32,5,True,3.0517578125e-05,0.0625,none,0,False,"tensor([ 5.5514, 12.2080])","tensor([ 5.5246, 12.2361])","tensor([ 5.6242, 12.2801])","tensor([nan, nan])",128,256,0,0,mnist_biograd_cnn_1_layers_int_16_16_8_transposed_loss_direct_100364571_exp_id_150,100364571,50
112,0.89196,0.9161,0.9118,22,"('random', (-1, 2))",32,16,16,8,16,0.5,"[1000.0, 2000.0]","[1000.0, 1000.0]",32,5,True,0.00390625,1.0,none,2048,False,"tensor([ 2.2700, 12.0522])","tensor([ 2.2757, 11.9413])","tensor([ 2.3304, 11.9825])","tensor([nan, nan])",128,256,0,0,mnist_biograd_cnn_1_layers_int_16_16_8_transposed_loss_direct_100364571_exp_id_112,100364571,50
145,0.63714,0.7237,0.7016,4,"('random', (-1, 2))",128,16,16,8,16,0.5,"[1000.0, 2000.0]","[1000.0, 1000.0]",32,5,True,3.0517578125e-05,1.0,none,0,False,"tensor([ 2.2288, 37.6816])","tensor([ 2.2207, 33.8640])","tensor([ 2.2589, 34.2566])","tensor([nan, nan])",128,256,0,0,mnist_biograd_cnn_1_layers_int_16_16_8_transposed_loss_direct_100364571_exp_id_145,100364571,50
124,0.87372,0.893,0.8877,4,"('random', (-1, 2))",32,16,16,8,16,0.5,"[1000.0, 2000.0]","[1000.0, 1000.0]",32,5,True,0.00390625,0.00390625,none,2048,False,"tensor([16.0114, 13.2583])","tensor([15.9324, 13.3018])","tensor([16.3958, 13.0590])","tensor([nan, nan])",128,256,0,0,mnist_biograd_cnn_1_layers_int_16_16_8_transposed_loss_direct_100364571_exp_id_124,100364571,50
155,0.78732,0.8266,0.8082,46,"('random', (-1, 2))",128,16,16,8,16,0.5,"[1000.0, 2000.0]","[1000.0, 1000.0]",32,5,True,3.0517578125e-05,0.0625,none,2048,False,"tensor([ 3.1179, 31.6535])","tensor([ 3.0869, 30.1239])","tensor([ 3.1397, 30.4640])","tensor([nan, nan])",128,256,0,0,mnist_biograd_cnn_1_layers_int_16_16_8_transposed_loss_direct_100364571_exp_id_155,100364571,50
159,0.46242,0.4702,0.4702,2,"('random', (-1, 2))",128,16,16,8,16,0.5,"[1000.0, 2000.0]","[1000.0, 1000.0]",32,5,True,3.0517578125e-05,0.00390625,none,512,False,"tensor([13.2608, 47.9594])","tensor([13.5022, 45.7314])","tensor([13.7256, 46.2297])","tensor([nan, nan])",128,256,0,0,mnist_biograd_cnn_1_layers_int_16_16_8_transposed_loss_direct_100364571_exp_id_159,100364571,50
43,0.93056,0.9444,0.9388,47,"('random', (-1, 2))",128,16,16,8,16,0.5,"[250.0, 500.0]","[250.0, 250.0]",32,5,True,3.0517578125e-05,0.0625,none,0,False,"tensor([24.7176, 17.6035])","tensor([24.6458, 16.5667])","tensor([24.8955, 16.7056])","tensor([nan, nan])",128,256,0,0,mnist_biograd_cnn_1_layers_int_16_16_8_transposed_loss_direct_100364571_exp_id_43,100364571,50
94,0.96838,0.9722,0.9701,26,"('random', (-1, 2))",32,16,16,8,16,0.5,"[500.0, 1000.0]","[500.0, 500.0]",32,5,True,3.0517578125e-05,1.0,none,2048,False,"tensor([ 2.7147, 10.9972])","tensor([ 2.7078, 10.5863])","tensor([ 2.7363, 10.6306])","tensor([nan, nan])",128,256,0,0,mnist_biograd_cnn_1_layers_int_16_16_8_transposed_loss_direct_100364571_exp_id_94,100364571,50
136,0.9168,0.9266,0.9243,42,"('random', (-1, 2))",32,16,16,8,16,0.5,"[1000.0, 2000.0]","[1000.0, 1000.0]",32,5,True,0.000244140625,0.0625,none,2048,False,"tensor([ 8.3854, 11.9839])","tensor([ 8.3150, 12.0375])","tensor([ 8.4914, 12.1042])","tensor([nan, nan])",128,256,0,0,mnist_biograd_cnn_1_layers_int_16_16_8_transposed_loss_direct_100364571_exp_id_136,100364571,50
118,0.91892,0.9268,0.9289,34,"('random', (-1, 2))",32,16,16,8,16,0.5,"[1000.0, 2000.0]","[1000.0, 1000.0]",32,5,True,0.00390625,0.0625,none,2048,False,"tensor([10.2409, 12.0274])","tensor([10.2384, 11.8324])","tensor([10.4136, 11.8777])","tensor([nan, nan])",128,256,0,0,mnist_biograd_cnn_1_layers_int_16_16_8_transposed_loss_direct_100364571_exp_id_118,100364571,50
125,0.46528,0.4725,0.471,1,"('random', (-1, 2))",128,16,16,8,16,0.5,"[1000.0, 2000.0]","[1000.0, 1000.0]",32,5,True,0.00390625,0.00390625,none,2048,False,"tensor([13.4761, 46.4151])","tensor([13.9678, 43.9237])","tensor([14.2323, 44.5983])","tensor([nan, nan])",128,256,0,0,mnist_biograd_cnn_1_layers_int_16_16_8_transposed_loss_direct_100364571_exp_id_125,100364571,50
135,0.8111,0.8407,0.8234,49,"('random', (-1, 2))",128,16,16,8,16,0.5,"[1000.0, 2000.0]","[1000.0, 1000.0]",32,5,True,0.000244140625,0.0625,none,512,False,"tensor([ 5.4929, 30.3155])","tensor([ 5.4757, 29.0210])","tensor([ 5.5516, 29.3713])","tensor([nan, nan])",128,256,0,0,mnist_biograd_cnn_1_layers_int_16_16_8_transposed_loss_direct_100364571_exp_id_135,100364571,50
73,0.29752,0.2952,0.3046,40,"('random', (-1, 2))",128,16,16,8,16,0.5,"[500.0, 1000.0]","[500.0, 500.0]",32,5,True,0.000244140625,1.0,none,0,False,"tensor([20.7059, 73.9299])","tensor([20.7462, 73.7209])","tensor([20.8736, 73.6938])","tensor([nan, nan])",128,256,0,0,mnist_biograd_cnn_1_layers_int_16_16_8_transposed_loss_direct_100364571_exp_id_73,100364571,50
144,0.87976,0.9021,0.8965,49,"('random', (-1, 2))",32,16,16,8,16,0.5,"[1000.0, 2000.0]","[1000.0, 1000.0]",32,5,True,3.0517578125e-05,1.0,none,0,False,"tensor([ 1.2019, 12.8902])","tensor([ 1.1914, 12.6545])","tensor([ 1.2161, 12.7914])","tensor([nan, nan])",128,256,0,0,mnist_biograd_cnn_1_layers_int_16_16_8_transposed_loss_direct_100364571_exp_id_144,100364571,50
104,0.90678,0.9203,0.9167,23,"('random', (-1, 2))",32,16,16,8,16,0.5,"[500.0, 1000.0]","[500.0, 500.0]",32,5,True,3.0517578125e-05,0.00390625,none,512,False,"tensor([17.8620, 12.9544])","tensor([17.9170, 12.8235])","tensor([18.3013, 12.7687])","tensor([nan, nan])",128,256,0,0,mnist_biograd_cnn_1_layers_int_16_16_8_transposed_loss_direct_100364571_exp_id_104,100364571,50
97,0.30202,0.2976,0.3068,45,"('random', (-1, 2))",128,16,16,8,16,0.5,"[500.0, 1000.0]","[500.0, 500.0]",32,5,True,3.0517578125e-05,0.0625,none,0,False,"tensor([25.4673, 46.3666])","tensor([25.4264, 45.4295])","tensor([25.5742, 45.6311])","tensor([nan, nan])",128,256,0,0,mnist_biograd_cnn_1_layers_int_16_16_8_transposed_loss_direct_100364571_exp_id_97,100364571,50
37,0.09864,0.0991,0.098,0,"('random', (-1, 2))",128,16,16,8,16,0.5,"[250.0, 500.0]","[250.0, 250.0]",32,5,True,3.0517578125e-05,1.0,none,0,False,"tensor([23.6190, 91.4418])","tensor([23.6347, 91.2904])","tensor([23.7647, 91.3592])","tensor([nan, nan])",128,256,0,0,mnist_biograd_cnn_1_layers_int_16_16_8_transposed_loss_direct_100364571_exp_id_37,100364571,50
122,0.87182,0.8894,0.8834,16,"('random', (-1, 2))",32,16,16,8,16,0.5,"[1000.0, 2000.0]","[1000.0, 1000.0]",32,5,True,0.00390625,0.00390625,none,512,False,"tensor([19.8203, 13.0352])","tensor([19.7612, 12.9726])","tensor([20.0708, 12.8300])","tensor([nan, nan])",128,256,0,0,mnist_biograd_cnn_1_layers_int_16_16_8_transposed_loss_direct_100364571_exp_id_122,100364571,50
102,0.90678,0.9203,0.9167,23,"('random', (-1, 2))",32,16,16,8,16,0.5,"[500.0, 1000.0]","[500.0, 500.0]",32,5,True,3.0517578125e-05,0.00390625,none,0,False,"tensor([17.8620, 12.9544])","tensor([17.9170, 12.8235])","tensor([18.3013, 12.7687])","tensor([nan, nan])",128,256,0,0,mnist_biograd_cnn_1_layers_int_16_16_8_transposed_loss_direct_100364571_exp_id_102,100364571,50
90,0.96838,0.9722,0.9701,26,"('random', (-1, 2))",32,16,16,8,16,0.5,"[500.0, 1000.0]","[500.0, 500.0]",32,5,True,3.0517578125e-05,1.0,none,0,False,"tensor([ 2.7147, 10.9972])","tensor([ 2.7078, 10.5863])","tensor([ 2.7363, 10.6306])","tensor([nan, nan])",128,256,0,0,mnist_biograd_cnn_1_layers_int_16_16_8_transposed_loss_direct_100364571_exp_id_90,100364571,50
50,0.9307,0.9415,0.936,46,"('random', (-1, 2))",32,16,16,8,16,0.5,"[250.0, 500.0]","[250.0, 250.0]",32,5,True,3.0517578125e-05,0.00390625,none,512,False,"tensor([ 9.1518, 14.1584])","tensor([ 9.1298, 13.8719])","tensor([ 9.1643, 13.8385])","tensor([nan, nan])",128,256,0,0,mnist_biograd_cnn_1_layers_int_16_16_8_transposed_loss_direct_100364571_exp_id_50,100364571,50
60,0.96682,0.972,0.9681,42,"('random', (-1, 2))",32,16,16,8,16,0.5,"[500.0, 1000.0]","[500.0, 500.0]",32,5,True,0.00390625,0.0625,none,0,False,"tensor([ 9.4016, 11.1093])","tensor([ 9.1443, 11.2505])","tensor([ 9.2743, 11.3516])","tensor([nan, nan])",128,256,0,0,mnist_biograd_cnn_1_layers_int_16_16_8_transposed_loss_direct_100364571_exp_id_60,100364571,50
18,0.98702,0.9815,0.9795,48,"('random', (-1, 2))",32,16,16,8,16,0.5,"[250.0, 500.0]","[250.0, 250.0]",32,5,True,0.000244140625,1.0,none,0,False,"tensor([ 3.3071, 10.4840])","tensor([ 3.3281, 10.4140])","tensor([ 3.3343, 10.4262])","tensor([nan, nan])",128,256,0,0,mnist_biograd_cnn_1_layers_int_16_16_8_transposed_loss_direct_100364571_exp_id_18,100364571,50
42,0.98584,0.9826,0.9807,47,"('random', (-1, 2))",32,16,16,8,16,0.5,"[250.0, 500.0]","[250.0, 250.0]",32,5,True,3.0517578125e-05,0.0625,none,0,False,"tensor([ 9.8187, 10.7234])","tensor([ 9.7884, 10.6512])","tensor([ 9.8658, 10.6797])","tensor([nan, nan])",128,256,0,0,mnist_biograd_cnn_1_layers_int_16_16_8_transposed_loss_direct_100364571_exp_id_42,100364571,50
26,0.98394,0.9818,0.9803,48,"('random', (-1, 2))",32,16,16,8,16,0.5,"[250.0, 500.0]","[250.0, 250.0]",32,5,True,0.000244140625,0.0625,none,512,False,"tensor([10.1012, 10.7687])","tensor([10.0258, 10.7322])","tensor([10.1108, 10.7236])","tensor([nan, nan])",128,256,0,0,mnist_biograd_cnn_1_layers_int_16_16_8_transposed_loss_direct_100364571_exp_id_26,100364571,50
82,0.97198,0.9757,0.9705,40,"('random', (-1, 2))",32,16,16,8,16,0.5,"[500.0, 1000.0]","[500.0, 500.0]",32,5,True,0.000244140625,0.0625,none,2048,False,"tensor([ 8.7806, 11.0913])","tensor([ 8.6386, 11.0033])","tensor([ 8.7596, 11.0729])","tensor([nan, nan])",128,256,0,0,mnist_biograd_cnn_1_layers_int_16_16_8_transposed_loss_direct_100364571_exp_id_82,100364571,50
36,0.89514,0.8937,0.8916,12,"('random', (-1, 2))",32,16,16,8,16,0.5,"[250.0, 500.0]","[250.0, 250.0]",32,5,True,3.0517578125e-05,1.0,none,0,False,"tensor([3.5625, 9.5776])","tensor([3.5669, 9.6081])","tensor([3.5671, 9.6622])","tensor([nan, nan])",128,256,0,0,mnist_biograd_cnn_1_layers_int_16_16_8_transposed_loss_direct_100364571_exp_id_36,100364571,50
128,0.88766,0.9141,0.9072,22,"('random', (-1, 2))",32,16,16,8,16,0.5,"[1000.0, 2000.0]","[1000.0, 1000.0]",32,5,True,0.000244140625,1.0,none,512,False,"tensor([ 2.1009, 12.2341])","tensor([ 2.0896, 12.1594])","tensor([ 2.1270, 12.1995])","tensor([nan, nan])",128,256,0,0,mnist_biograd_cnn_1_layers_int_16_16_8_transposed_loss_direct_100364571_exp_id_128,100364571,50
19,0.09864,0.0991,0.098,0,"('random', (-1, 2))",128,16,16,8,16,0.5,"[250.0, 500.0]","[250.0, 250.0]",32,5,True,0.000244140625,1.0,none,0,False,"tensor([24.8614, 91.4628])","tensor([24.9306, 91.1723])","tensor([25.0498, 91.2352])","tensor([nan, nan])",128,256,0,0,mnist_biograd_cnn_1_layers_int_16_16_8_transposed_loss_direct_100364571_exp_id_19,100364571,50
3,0.30254,0.2986,0.3084,27,"('random', (-1, 2))",128,16,16,8,16,0.5,"[250.0, 500.0]","[250.0, 250.0]",32,5,True,0.00390625,1.0,none,512,False,"tensor([23.7532, 74.5132])","tensor([23.5673, 74.4368])","tensor([23.7825, 74.4873])","tensor([nan, nan])",128,256,0,0,mnist_biograd_cnn_1_layers_int_16_16_8_transposed_loss_direct_100364571_exp_id_3,100364571,50
79,0.58514,0.6031,0.6037,45,"('random', (-1, 2))",128,16,16,8,16,0.5,"[500.0, 1000.0]","[500.0, 500.0]",32,5,True,0.000244140625,0.0625,none,0,False,"tensor([27.6071, 40.2972])","tensor([27.5405, 38.4737])","tensor([27.7120, 38.7582])","tensor([nan, nan])",128,256,0,0,mnist_biograd_cnn_1_layers_int_16_16_8_transposed_loss_direct_100364571_exp_id_79,100364571,50
20,0.98148,0.9796,0.975,36,"('random', (-1, 2))",32,16,16,8,16,0.5,"[250.0, 500.0]","[250.0, 250.0]",32,5,True,0.000244140625,1.0,none,512,False,"tensor([ 2.1127, 10.6096])","tensor([ 2.1264, 10.4076])","tensor([ 2.1383, 10.4646])","tensor([nan, nan])",128,256,0,0,mnist_biograd_cnn_1_layers_int_16_16_8_transposed_loss_direct_100364571_exp_id_20,100364571,50
67,0.48944,0.5098,0.4945,15,"('random', (-1, 2))",128,16,16,8,16,0.5,"[500.0, 1000.0]","[500.0, 500.0]",32,5,True,0.00390625,0.00390625,none,0,False,"tensor([30.9003, 45.3779])","tensor([30.8874, 44.0869])","tensor([30.9650, 43.9907])","tensor([nan, nan])",128,256,0,0,mnist_biograd_cnn_1_layers_int_16_16_8_transposed_loss_direct_100364571_exp_id_67,100364571,50
98,0.97088,0.9745,0.9694,35,"('random', (-1, 2))",32,16,16,8,16,0.5,"[500.0, 1000.0]","[500.0, 500.0]",32,5,True,3.0517578125e-05,0.0625,none,512,False,"tensor([11.7384, 11.0728])","tensor([11.6267, 10.8270])","tensor([11.8438, 10.8806])","tensor([nan, nan])",128,256,0,0,mnist_biograd_cnn_1_layers_int_16_16_8_transposed_loss_direct_100364571_exp_id_98,100364571,50
59,0.20504,0.2012,0.2124,6,"('random', (-1, 2))",128,16,16,8,16,0.5,"[500.0, 1000.0]","[500.0, 500.0]",32,5,True,0.00390625,1.0,none,2048,False,"tensor([22.3780, 64.9652])","tensor([22.3294, 65.0979])","tensor([22.4563, 65.1024])","tensor([nan, nan])",128,256,0,0,mnist_biograd_cnn_1_layers_int_16_16_8_transposed_loss_direct_100364571_exp_id_59,100364571,50
21,0.3055,0.3001,0.3102,44,"('random', (-1, 2))",128,16,16,8,16,0.5,"[250.0, 500.0]","[250.0, 250.0]",32,5,True,0.000244140625,1.0,none,512,False,"tensor([22.7622, 74.9463])","tensor([22.6419, 74.6699])","tensor([22.8557, 74.7661])","tensor([nan, nan])",128,256,0,0,mnist_biograd_cnn_1_layers_int_16_16_8_transposed_loss_direct_100364571_exp_id_21,100364571,50
39,0.09868,0.0991,0.098,0,"('random', (-1, 2))",128,16,16,8,16,0.5,"[250.0, 500.0]","[250.0, 250.0]",32,5,True,3.0517578125e-05,1.0,none,512,False,"tensor([23.6679, 91.4331])","tensor([23.6588, 91.2251])","tensor([23.7893, 91.2996])","tensor([nan, nan])",128,256,0,0,mnist_biograd_cnn_1_layers_int_16_16_8_transposed_loss_direct_100364571_exp_id_39,100364571,50
143,0.46514,0.4706,0.4703,1,"('random', (-1, 2))",128,16,16,8,16,0.5,"[1000.0, 2000.0]","[1000.0, 1000.0]",32,5,True,0.000244140625,0.00390625,none,2048,False,"tensor([13.4166, 46.4458])","tensor([13.9370, 44.0342])","tensor([14.1981, 44.6608])","tensor([nan, nan])",128,256,0,0,mnist_biograd_cnn_1_layers_int_16_16_8_transposed_loss_direct_100364571_exp_id_143,100364571,50
77,0.09864,0.0992,0.098,39,"('random', (-1, 2))",128,16,16,8,16,0.5,"[500.0, 1000.0]","[500.0, 500.0]",32,5,True,0.000244140625,1.0,none,2048,False,"tensor([20.5441, 75.6820])","tensor([20.5218, 75.1257])","tensor([20.6116, 75.1277])","tensor([nan, nan])",128,256,0,0,mnist_biograd_cnn_1_layers_int_16_16_8_transposed_loss_direct_100364571_exp_id_77,100364571,50
8,0.98088,0.9808,0.978,33,"('random', (-1, 2))",32,16,16,8,16,0.5,"[250.0, 500.0]","[250.0, 250.0]",32,5,True,0.00390625,0.0625,none,512,False,"tensor([10.2570, 10.7581])","tensor([10.1685, 10.5340])","tensor([10.2544, 10.5508])","tensor([nan, nan])",128,256,0,0,mnist_biograd_cnn_1_layers_int_16_16_8_transposed_loss_direct_100364571_exp_id_8,100364571,50
54,0.93626,0.9531,0.9503,43,"('random', (-1, 2))",32,16,16,8,16,0.5,"[500.0, 1000.0]","[500.0, 500.0]",32,5,True,0.00390625,1.0,none,0,False,"tensor([ 1.0130, 11.7097])","tensor([ 1.0788, 11.5815])","tensor([ 1.0877, 11.7103])","tensor([nan, nan])",128,256,0,0,mnist_biograd_cnn_1_layers_int_16_16_8_transposed_loss_direct_100364571_exp_id_54,100364571,50
11,0.925,0.9433,0.9369,46,"('random', (-1, 2))",128,16,16,8,16,0.5,"[250.0, 500.0]","[250.0, 250.0]",32,5,True,0.00390625,0.0625,none,2048,False,"tensor([21.4819, 17.7525])","tensor([21.0831, 16.9889])","tensor([21.3151, 17.0689])","tensor([nan, nan])",128,256,0,0,mnist_biograd_cnn_1_layers_int_16_16_8_transposed_loss_direct_100364571_exp_id_11,100364571,50
86,0.89992,0.9154,0.9114,7,"('random', (-1, 2))",32,16,16,8,16,0.5,"[500.0, 1000.0]","[500.0, 500.0]",32,5,True,0.000244140625,0.00390625,none,512,False,"tensor([15.5100, 13.3007])","tensor([15.6663, 13.2666])","tensor([16.0255, 13.1566])","tensor([nan, nan])",128,256,0,0,mnist_biograd_cnn_1_layers_int_16_16_8_transposed_loss_direct_100364571_exp_id_86,100364571,50
52,0.93072,0.9424,0.9365,46,"('random', (-1, 2))",32,16,16,8,16,0.5,"[250.0, 500.0]","[250.0, 250.0]",32,5,True,3.0517578125e-05,0.00390625,none,2048,False,"tensor([ 9.1346, 14.1555])","tensor([ 9.1161, 13.8756])","tensor([ 9.1499, 13.8271])","tensor([nan, nan])",128,256,0,0,mnist_biograd_cnn_1_layers_int_16_16_8_transposed_loss_direct_100364571_exp_id_52,100364571,50
28,0.98122,0.9807,0.9776,44,"('random', (-1, 2))",32,16,16,8,16,0.5,"[250.0, 500.0]","[250.0, 250.0]",32,5,True,0.000244140625,0.0625,none,2048,False,"tensor([10.3308, 10.7860])","tensor([10.3131, 10.7449])","tensor([10.4322, 10.7909])","tensor([nan, nan])",128,256,0,0,mnist_biograd_cnn_1_layers_int_16_16_8_transposed_loss_direct_100364571_exp_id_28,100364571,50
2,0.98514,0.9814,0.9786,47,"('random', (-1, 2))",32,16,16,8,16,0.5,"[250.0, 500.0]","[250.0, 250.0]",32,5,True,0.00390625,1.0,none,512,False,"tensor([ 2.7093, 10.5124])","tensor([ 2.6782, 10.4549])","tensor([ 2.6865, 10.5209])","tensor([nan, nan])",128,256,0,0,mnist_biograd_cnn_1_layers_int_16_16_8_transposed_loss_direct_100364571_exp_id_2,100364571,50
109,0.73248,0.8116,0.7992,41,"('random', (-1, 2))",128,16,16,8,16,0.5,"[1000.0, 2000.0]","[1000.0, 1000.0]",32,5,True,0.00390625,1.0,none,0,False,"tensor([ 8.5961, 32.1232])","tensor([ 8.4805, 27.8294])","tensor([ 8.6126, 28.4368])","tensor([nan, nan])",128,256,0,0,mnist_biograd_cnn_1_layers_int_16_16_8_transposed_loss_direct_100364571_exp_id_109,100364571,50
87,0.45632,0.4894,0.4706,16,"('random', (-1, 2))",128,16,16,8,16,0.5,"[500.0, 1000.0]","[500.0, 500.0]",32,5,True,0.000244140625,0.00390625,none,512,False,"tensor([30.9421, 47.3214])","tensor([30.9348, 45.1550])","tensor([31.0808, 45.2773])","tensor([nan, nan])",128,256,0,0,mnist_biograd_cnn_1_layers_int_16_16_8_transposed_loss_direct_100364571_exp_id_87,100364571,50
152,0.89942,0.9119,0.9117,37,"('random', (-1, 2))",32,16,16,8,16,0.5,"[1000.0, 2000.0]","[1000.0, 1000.0]",32,5,True,3.0517578125e-05,0.0625,none,512,False,"tensor([ 5.5664, 12.1871])","tensor([ 5.5439, 11.9627])","tensor([ 5.6287, 11.9782])","tensor([nan, nan])",128,256,0,0,mnist_biograd_cnn_1_layers_int_16_16_8_transposed_loss_direct_100364571_exp_id_152,100364571,50
140,0.87212,0.8894,0.8864,7,"('random', (-1, 2))",32,16,16,8,16,0.5,"[1000.0, 2000.0]","[1000.0, 1000.0]",32,5,True,0.000244140625,0.00390625,none,512,False,"tensor([15.9742, 13.3172])","tensor([16.3621, 13.2098])","tensor([16.6818, 13.1956])","tensor([nan, nan])",128,256,0,0,mnist_biograd_cnn_1_layers_int_16_16_8_transposed_loss_direct_100364571_exp_id_140,100364571,50
56,0.9613,0.9689,0.967,2,"('random', (-1, 2))",32,16,16,8,16,0.5,"[500.0, 1000.0]","[500.0, 500.0]",32,5,True,0.00390625,1.0,none,512,False,"tensor([ 2.7016, 11.0630])","tensor([ 2.6209, 10.9464])","tensor([ 2.6336, 10.9898])","tensor([nan, nan])",128,256,0,0,mnist_biograd_cnn_1_layers_int_16_16_8_transposed_loss_direct_100364571_exp_id_56,100364571,50
47,0.56718,0.5686,0.573,39,"('random', (-1, 2))",128,16,16,8,16,0.5,"[250.0, 500.0]","[250.0, 250.0]",32,5,True,3.0517578125e-05,0.0625,none,2048,False,"tensor([28.0536, 35.0493])","tensor([28.0038, 33.6751])","tensor([28.1541, 33.8646])","tensor([nan, nan])",128,256,0,0,mnist_biograd_cnn_1_layers_int_16_16_8_transposed_loss_direct_100364571_exp_id_47,100364571,50
133,0.8419,0.874,0.8614,46,"('random', (-1, 2))",128,16,16,8,16,0.5,"[1000.0, 2000.0]","[1000.0, 1000.0]",32,5,True,0.000244140625,0.0625,none,0,False,"tensor([ 7.7723, 28.0130])","tensor([ 7.7020, 26.7598])","tensor([ 7.8364, 26.9729])","tensor([nan, nan])",128,256,0,0,mnist_biograd_cnn_1_layers_int_16_16_8_transposed_loss_direct_100364571_exp_id_133,100364571,50
111,0.48566,0.5096,0.5092,2,"('random', (-1, 2))",128,16,16,8,16,0.5,"[1000.0, 2000.0]","[1000.0, 1000.0]",32,5,True,0.00390625,1.0,none,512,False,"tensor([ 2.2363, 41.9232])","tensor([ 2.2277, 39.2137])","tensor([ 2.2574, 39.6395])","tensor([nan, nan])",128,256,0,0,mnist_biograd_cnn_1_layers_int_16_16_8_transposed_loss_direct_100364571_exp_id_111,100364571,50
129,0.48572,0.5085,0.5082,2,"('random', (-1, 2))",128,16,16,8,16,0.5,"[1000.0, 2000.0]","[1000.0, 1000.0]",32,5,True,0.000244140625,1.0,none,512,False,"tensor([ 2.2348, 41.9496])","tensor([ 2.2253, 39.1868])","tensor([ 2.2550, 39.6175])","tensor([nan, nan])",128,256,0,0,mnist_biograd_cnn_1_layers_int_16_16_8_transposed_loss_direct_100364571_exp_id_129,100364571,50
116,0.92064,0.9301,0.9271,42,"('random', (-1, 2))",32,16,16,8,16,0.5,"[1000.0, 2000.0]","[1000.0, 1000.0]",32,5,True,0.00390625,0.0625,none,512,False,"tensor([ 8.4530, 11.9818])","tensor([ 8.3682, 11.9498])","tensor([ 8.5442, 12.0166])","tensor([nan, nan])",128,256,0,0,mnist_biograd_cnn_1_layers_int_16_16_8_transposed_loss_direct_100364571_exp_id_116,100364571,50
76,0.95848,0.9672,0.9658,4,"('random', (-1, 2))",32,16,16,8,16,0.5,"[500.0, 1000.0]","[500.0, 500.0]",32,5,True,0.000244140625,1.0,none,2048,False,"tensor([ 2.9810, 11.0085])","tensor([ 2.9263, 10.6176])","tensor([ 2.9589, 10.6428])","tensor([nan, nan])",128,256,0,0,mnist_biograd_cnn_1_layers_int_16_16_8_transposed_loss_direct_100364571_exp_id_76,100364571,50
95,0.29898,0.2961,0.3061,21,"('random', (-1, 2))",128,16,16,8,16,0.5,"[500.0, 1000.0]","[500.0, 500.0]",32,5,True,3.0517578125e-05,1.0,none,2048,False,"tensor([20.3095, 62.5066])","tensor([20.2744, 60.8927])","tensor([20.4210, 61.0732])","tensor([nan, nan])",128,256,0,0,mnist_biograd_cnn_1_layers_int_16_16_8_transposed_loss_direct_100364571_exp_id_95,100364571,50
117,0.79538,0.8356,0.817,46,"('random', (-1, 2))",128,16,16,8,16,0.5,"[1000.0, 2000.0]","[1000.0, 1000.0]",32,5,True,0.00390625,0.0625,none,512,False,"tensor([ 5.2981, 31.1199])","tensor([ 5.2573, 29.5092])","tensor([ 5.3485, 29.8455])","tensor([nan, nan])",128,256,0,0,mnist_biograd_cnn_1_layers_int_16_16_8_transposed_loss_direct_100364571_exp_id_117,100364571,50
12,0.92464,0.9435,0.9394,41,"('random', (-1, 2))",32,16,16,8,16,0.5,"[250.0, 500.0]","[250.0, 250.0]",32,5,True,0.00390625,0.00390625,none,0,False,"tensor([ 9.7040, 13.8402])","tensor([ 9.2401, 11.4825])","tensor([ 9.2766, 11.3686])","tensor([nan, nan])",128,256,0,0,mnist_biograd_cnn_1_layers_int_16_16_8_transposed_loss_direct_100364571_exp_id_12,100364571,50
25,0.48682,0.4877,0.4969,46,"('random', (-1, 2))",128,16,16,8,16,0.5,"[250.0, 500.0]","[250.0, 250.0]",32,5,True,0.000244140625,0.0625,none,0,False,"tensor([29.9926, 58.9983])","tensor([29.9131, 58.1610])","tensor([30.1579, 58.1931])","tensor([nan, nan])",128,256,0,0,mnist_biograd_cnn_1_layers_int_16_16_8_transposed_loss_direct_100364571_exp_id_25,100364571,50
93,0.38002,0.5252,0.5299,32,"('random', (-1, 2))",128,16,16,8,16,0.5,"[500.0, 1000.0]","[500.0, 500.0]",32,5,True,3.0517578125e-05,1.0,none,512,False,"tensor([20.7454, 37.7217])","tensor([20.5278, 31.7213])","tensor([20.6998, 32.1674])","tensor([nan, nan])",128,256,0,0,mnist_biograd_cnn_1_layers_int_16_16_8_transposed_loss_direct_100364571_exp_id_93,100364571,50
148,0.87976,0.9021,0.8965,49,"('random', (-1, 2))",32,16,16,8,16,0.5,"[1000.0, 2000.0]","[1000.0, 1000.0]",32,5,True,3.0517578125e-05,1.0,none,2048,False,"tensor([ 1.2019, 12.8902])","tensor([ 1.1914, 12.6545])","tensor([ 1.2161, 12.7914])","tensor([nan, nan])",128,256,0,0,mnist_biograd_cnn_1_layers_int_16_16_8_transposed_loss_direct_100364571_exp_id_148,100364571,50
9,0.91498,0.9326,0.9305,47,"('random', (-1, 2))",128,16,16,8,16,0.5,"[250.0, 500.0]","[250.0, 250.0]",32,5,True,0.00390625,0.0625,none,512,False,"tensor([25.8156, 18.9246])","tensor([25.6454, 17.5898])","tensor([25.9085, 17.7708])","tensor([nan, nan])",128,256,0,0,mnist_biograd_cnn_1_layers_int_16_16_8_transposed_loss_direct_100364571_exp_id_9,100364571,50
46,0.98584,0.9826,0.9807,47,"('random', (-1, 2))",32,16,16,8,16,0.5,"[250.0, 500.0]","[250.0, 250.0]",32,5,True,3.0517578125e-05,0.0625,none,2048,False,"tensor([ 9.8187, 10.7234])","tensor([ 9.7884, 10.6512])","tensor([ 9.8658, 10.6797])","tensor([nan, nan])",128,256,0,0,mnist_biograd_cnn_1_layers_int_16_16_8_transposed_loss_direct_100364571_exp_id_46,100364571,50
149,0.61392,0.6765,0.6506,40,"('random', (-1, 2))",128,16,16,8,16,0.5,"[1000.0, 2000.0]","[1000.0, 1000.0]",32,5,True,3.0517578125e-05,1.0,none,2048,False,"tensor([ 1.4688, 40.9722])","tensor([ 1.4617, 37.8789])","tensor([ 1.4825, 38.5645])","tensor([nan, nan])",128,256,0,0,mnist_biograd_cnn_1_layers_int_16_16_8_transposed_loss_direct_100364571_exp_id_149,100364571,50
114,0.89962,0.9166,0.919,37,"('random', (-1, 2))",32,16,16,8,16,0.5,"[1000.0, 2000.0]","[1000.0, 1000.0]",32,5,True,0.00390625,0.0625,none,0,False,"tensor([ 6.1397, 12.1384])","tensor([ 6.2161, 12.1489])","tensor([ 6.3137, 12.1868])","tensor([nan, nan])",128,256,0,0,mnist_biograd_cnn_1_layers_int_16_16_8_transposed_loss_direct_100364571_exp_id_114,100364571,50
156,0.87076,0.8898,0.8838,37,"('random', (-1, 2))",32,16,16,8,16,0.5,"[1000.0, 2000.0]","[1000.0, 1000.0]",32,5,True,3.0517578125e-05,0.00390625,none,0,False,"tensor([14.2167, 13.1055])","tensor([14.1719, 13.0443])","tensor([14.3776, 12.9577])","tensor([nan, nan])",128,256,0,0,mnist_biograd_cnn_1_layers_int_16_16_8_transposed_loss_direct_100364571_exp_id_156,100364571,50
16,0.92734,0.9414,0.9394,41,"('random', (-1, 2))",32,16,16,8,16,0.5,"[250.0, 500.0]","[250.0, 250.0]",32,5,True,0.00390625,0.00390625,none,2048,False,"tensor([ 8.9121, 14.1703])","tensor([ 8.5070, 12.5057])","tensor([ 8.5044, 12.5012])","tensor([nan, nan])",128,256,0,0,mnist_biograd_cnn_1_layers_int_16_16_8_transposed_loss_direct_100364571_exp_id_16,100364571,50
157,0.46614,0.473,0.4776,6,"('random', (-1, 2))",128,16,16,8,16,0.5,"[1000.0, 2000.0]","[1000.0, 1000.0]",32,5,True,3.0517578125e-05,0.00390625,none,0,False,"tensor([15.0150, 45.1200])","tensor([15.0854, 44.3322])","tensor([15.3159, 44.6719])","tensor([nan, nan])",128,256,0,0,mnist_biograd_cnn_1_layers_int_16_16_8_transposed_loss_direct_100364571_exp_id_157,100364571,50
74,0.96566,0.971,0.9686,4,"('random', (-1, 2))",32,16,16,8,16,0.5,"[500.0, 1000.0]","[500.0, 500.0]",32,5,True,0.000244140625,1.0,none,512,False,"tensor([ 2.4580, 11.0888])","tensor([ 2.4228, 10.9362])","tensor([ 2.4415, 10.9916])","tensor([nan, nan])",128,256,0,0,mnist_biograd_cnn_1_layers_int_16_16_8_transposed_loss_direct_100364571_exp_id_74,100364571,50
49,0.36384,0.3753,0.3754,2,"('random', (-1, 2))",128,16,16,8,16,0.5,"[250.0, 500.0]","[250.0, 250.0]",32,5,True,3.0517578125e-05,0.00390625,none,0,False,"tensor([21.9805, 59.0382])","tensor([23.0151, 59.4028])","tensor([23.1741, 59.6791])","tensor([nan, nan])",128,256,0,0,mnist_biograd_cnn_1_layers_int_16_16_8_transposed_loss_direct_100364571_exp_id_49,100364571,50
101,0.29998,0.2963,0.3047,40,"('random', (-1, 2))",128,16,16,8,16,0.5,"[500.0, 1000.0]","[500.0, 500.0]",32,5,True,3.0517578125e-05,0.0625,none,2048,False,"tensor([26.3115, 47.3712])","tensor([26.2740, 48.2135])","tensor([26.4385, 48.2760])","tensor([nan, nan])",128,256,0,0,mnist_biograd_cnn_1_layers_int_16_16_8_transposed_loss_direct_100364571_exp_id_101,100364571,50
10,0.98112,0.9809,0.9777,32,"('random', (-1, 2))",32,16,16,8,16,0.5,"[250.0, 500.0]","[250.0, 250.0]",32,5,True,0.00390625,0.0625,none,2048,False,"tensor([ 9.9624, 10.7292])","tensor([10.0691, 10.5821])","tensor([10.1426, 10.6073])","tensor([nan, nan])",128,256,0,0,mnist_biograd_cnn_1_layers_int_16_16_8_transposed_loss_direct_100364571_exp_id_10,100364571,50
123,0.46452,0.4724,0.4781,6,"('random', (-1, 2))",128,16,16,8,16,0.5,"[1000.0, 2000.0]","[1000.0, 1000.0]",32,5,True,0.00390625,0.00390625,none,512,False,"tensor([15.2094, 45.3429])","tensor([15.1467, 44.5017])","tensor([15.3756, 44.8548])","tensor([nan, nan])",128,256,0,0,mnist_biograd_cnn_1_layers_int_16_16_8_transposed_loss_direct_100364571_exp_id_123,100364571,50
81,0.89452,0.919,0.9136,48,"('random', (-1, 2))",128,16,16,8,16,0.5,"[500.0, 1000.0]","[500.0, 500.0]",32,5,True,0.000244140625,0.0625,none,512,False,"tensor([18.5334, 21.4384])","tensor([18.0747, 19.7660])","tensor([18.2876, 20.0565])","tensor([nan, nan])",128,256,0,0,mnist_biograd_cnn_1_layers_int_16_16_8_transposed_loss_direct_100364571_exp_id_81,100364571,50
132,0.91596,0.9263,0.923,42,"('random', (-1, 2))",32,16,16,8,16,0.5,"[1000.0, 2000.0]","[1000.0, 1000.0]",32,5,True,0.000244140625,0.0625,none,0,False,"tensor([ 7.7581, 12.0046])","tensor([ 7.6902, 12.0267])","tensor([ 7.8531, 12.0885])","tensor([nan, nan])",128,256,0,0,mnist_biograd_cnn_1_layers_int_16_16_8_transposed_loss_direct_100364571_exp_id_132,100364571,50
6,0.98102,0.981,0.9783,48,"('random', (-1, 2))",32,16,16,8,16,0.5,"[250.0, 500.0]","[250.0, 250.0]",32,5,True,0.00390625,0.0625,none,0,False,"tensor([ 8.9143, 10.7599])","tensor([ 8.8885, 10.6295])","tensor([ 8.9355, 10.6089])","tensor([nan, nan])",128,256,0,0,mnist_biograd_cnn_1_layers_int_16_16_8_transposed_loss_direct_100364571_exp_id_6,100364571,50
115,0.77138,0.8038,0.7895,41,"('random', (-1, 2))",128,16,16,8,16,0.5,"[1000.0, 2000.0]","[1000.0, 1000.0]",32,5,True,0.00390625,0.0625,none,0,False,"tensor([14.0383, 31.2774])","tensor([13.5950, 30.6473])","tensor([13.8251, 31.0260])","tensor([nan, nan])",128,256,0,0,mnist_biograd_cnn_1_layers_int_16_16_8_transposed_loss_direct_100364571_exp_id_115,100364571,50
84,0.90212,0.9146,0.91,8,"('random', (-1, 2))",32,16,16,8,16,0.5,"[500.0, 1000.0]","[500.0, 500.0]",32,5,True,0.000244140625,0.00390625,none,0,False,"tensor([15.8214, 13.2222])","tensor([16.3184, 13.0697])","tensor([16.7018, 12.9542])","tensor([nan, nan])",128,256,0,0,mnist_biograd_cnn_1_layers_int_16_16_8_transposed_loss_direct_100364571_exp_id_84,100364571,50
27,0.9157,0.9363,0.9328,48,"('random', (-1, 2))",128,16,16,8,16,0.5,"[250.0, 500.0]","[250.0, 250.0]",32,5,True,0.000244140625,0.0625,none,512,False,"tensor([25.3513, 18.7351])","tensor([25.3085, 16.8666])","tensor([25.5763, 16.9432])","tensor([nan, nan])",128,256,0,0,mnist_biograd_cnn_1_layers_int_16_16_8_transposed_loss_direct_100364571_exp_id_27,100364571,50
15,0.26738,0.2643,0.2703,1,"('random', (-1, 2))",128,16,16,8,16,0.5,"[250.0, 500.0]","[250.0, 250.0]",32,5,True,0.00390625,0.00390625,none,512,False,"tensor([21.1731, 67.1483])","tensor([22.2918, 63.2727])","tensor([22.4903, 63.6017])","tensor([nan, nan])",128,256,0,0,mnist_biograd_cnn_1_layers_int_16_16_8_transposed_loss_direct_100364571_exp_id_15,100364571,50
38,0.89682,0.8945,0.8946,20,"('random', (-1, 2))",32,16,16,8,16,0.5,"[250.0, 500.0]","[250.0, 250.0]",32,5,True,3.0517578125e-05,1.0,none,512,False,"tensor([3.4353, 9.5433])","tensor([3.4463, 9.4427])","tensor([3.4406, 9.4692])","tensor([nan, nan])",128,256,0,0,mnist_biograd_cnn_1_layers_int_16_16_8_transposed_loss_direct_100364571_exp_id_38,100364571,50
78,0.97244,0.9761,0.9716,37,"('random', (-1, 2))",32,16,16,8,16,0.5,"[500.0, 1000.0]","[500.0, 500.0]",32,5,True,0.000244140625,0.0625,none,0,False,"tensor([ 9.5766, 11.0654])","tensor([ 9.4701, 10.9400])","tensor([ 9.5953, 10.9553])","tensor([nan, nan])",128,256,0,0,mnist_biograd_cnn_1_layers_int_16_16_8_transposed_loss_direct_100364571_exp_id_78,100364571,50
14,0.93026,0.9409,0.9368,45,"('random', (-1, 2))",32,16,16,8,16,0.5,"[250.0, 500.0]","[250.0, 250.0]",32,5,True,0.00390625,0.00390625,none,512,False,"tensor([ 8.3452, 15.0019])","tensor([ 8.4255, 13.5123])","tensor([ 8.4091, 13.3938])","tensor([nan, nan])",128,256,0,0,mnist_biograd_cnn_1_layers_int_16_16_8_transposed_loss_direct_100364571_exp_id_14,100364571,50
120,0.87832,0.8949,0.8924,7,"('random', (-1, 2))",32,16,16,8,16,0.5,"[1000.0, 2000.0]","[1000.0, 1000.0]",32,5,True,0.00390625,0.00390625,none,0,False,"tensor([16.9981, 13.1798])","tensor([16.6779, 13.2074])","tensor([17.1386, 12.9936])","tensor([nan, nan])",128,256,0,0,mnist_biograd_cnn_1_layers_int_16_16_8_transposed_loss_direct_100364571_exp_id_120,100364571,50
119,0.8276,0.8618,0.8496,46,"('random', (-1, 2))",128,16,16,8,16,0.5,"[1000.0, 2000.0]","[1000.0, 1000.0]",32,5,True,0.00390625,0.0625,none,2048,False,"tensor([ 8.6115, 28.9286])","tensor([ 8.4954, 27.3029])","tensor([ 8.6464, 27.5589])","tensor([nan, nan])",128,256,0,0,mnist_biograd_cnn_1_layers_int_16_16_8_transposed_loss_direct_100364571_exp_id_119,100364571,50
121,0.46412,0.4701,0.4712,1,"('random', (-1, 2))",128,16,16,8,16,0.5,"[1000.0, 2000.0]","[1000.0, 1000.0]",32,5,True,0.00390625,0.00390625,none,0,False,"tensor([13.6912, 46.1746])","tensor([14.1248, 43.7321])","tensor([14.3876, 44.3972])","tensor([nan, nan])",128,256,0,0,mnist_biograd_cnn_1_layers_int_16_16_8_transposed_loss_direct_100364571_exp_id_121,100364571,50
48,0.93072,0.9424,0.9365,46,"('random', (-1, 2))",32,16,16,8,16,0.5,"[250.0, 500.0]","[250.0, 250.0]",32,5,True,3.0517578125e-05,0.00390625,none,0,False,"tensor([ 9.1346, 14.1555])","tensor([ 9.1161, 13.8756])","tensor([ 9.1499, 13.8271])","tensor([nan, nan])",128,256,0,0,mnist_biograd_cnn_1_layers_int_16_16_8_transposed_loss_direct_100364571_exp_id_48,100364571,50
62,0.96898,0.9743,0.9699,43,"('random', (-1, 2))",32,16,16,8,16,0.5,"[500.0, 1000.0]","[500.0, 500.0]",32,5,True,0.00390625,0.0625,none,512,False,"tensor([10.6240, 11.0536])","tensor([10.5902, 10.9427])","tensor([10.7614, 10.9964])","tensor([nan, nan])",128,256,0,0,mnist_biograd_cnn_1_layers_int_16_16_8_transposed_loss_direct_100364571_exp_id_62,100364571,50
35,0.26764,0.26,0.2679,1,"('random', (-1, 2))",128,16,16,8,16,0.5,"[250.0, 500.0]","[250.0, 250.0]",32,5,True,0.000244140625,0.00390625,none,2048,False,"tensor([21.8417, 61.5731])","tensor([23.8766, 60.3913])","tensor([24.0946, 60.9344])","tensor([nan, nan])",128,256,0,0,mnist_biograd_cnn_1_layers_int_16_16_8_transposed_loss_direct_100364571_exp_id_35,100364571,50
17,0.23666,0.2602,0.2656,0,"('random', (-1, 2))",128,16,16,8,16,0.5,"[250.0, 500.0]","[250.0, 250.0]",32,5,True,0.00390625,0.00390625,none,2048,False,"tensor([18.5143, 70.9195])","tensor([21.1665, 63.7183])","tensor([21.3572, 63.9361])","tensor([nan, nan])",128,256,0,0,mnist_biograd_cnn_1_layers_int_16_16_8_transposed_loss_direct_100364571_exp_id_17,100364571,50
147,0.48142,0.5056,0.5057,2,"('random', (-1, 2))",128,16,16,8,16,0.5,"[1000.0, 2000.0]","[1000.0, 1000.0]",32,5,True,3.0517578125e-05,1.0,none,512,False,"tensor([ 2.1975, 42.6235])","tensor([ 2.1860, 38.9583])","tensor([ 2.2158, 39.3500])","tensor([nan, nan])",128,256,0,0,mnist_biograd_cnn_1_layers_int_16_16_8_transposed_loss_direct_100364571_exp_id_147,100364571,50
146,0.8725,0.8981,0.8928,42,"('random', (-1, 2))",32,16,16,8,16,0.5,"[1000.0, 2000.0]","[1000.0, 1000.0]",32,5,True,3.0517578125e-05,1.0,none,512,False,"tensor([ 2.0542, 12.3043])","tensor([ 2.0368, 12.3975])","tensor([ 2.0747, 12.4883])","tensor([nan, nan])",128,256,0,0,mnist_biograd_cnn_1_layers_int_16_16_8_transposed_loss_direct_100364571_exp_id_146,100364571,50
66,0.89934,0.9155,0.9055,22,"('random', (-1, 2))",32,16,16,8,16,0.5,"[500.0, 1000.0]","[500.0, 500.0]",32,5,True,0.00390625,0.00390625,none,0,False,"tensor([18.3091, 13.0584])","tensor([18.3223, 12.9321])","tensor([18.7403, 12.6918])","tensor([nan, nan])",128,256,0,0,mnist_biograd_cnn_1_layers_int_16_16_8_transposed_loss_direct_100364571_exp_id_66,100364571,50
151,0.79554,0.8282,0.8145,46,"('random', (-1, 2))",128,16,16,8,16,0.5,"[1000.0, 2000.0]","[1000.0, 1000.0]",32,5,True,3.0517578125e-05,0.0625,none,0,False,"tensor([ 2.4391, 31.6963])","tensor([ 2.4148, 30.2387])","tensor([ 2.4550, 30.5839])","tensor([nan, nan])",128,256,0,0,mnist_biograd_cnn_1_layers_int_16_16_8_transposed_loss_direct_100364571_exp_id_151,100364571,50
