id,train_acc,val_acc,best_epoch,Neurons,loss_function,loss_precision,num_bits,weight_init_bits,low_precision_weights,activation_bits,vdecay,vedecay_rec,hidden_layer,out_layer,lr_hidden,lr_hidden_rec,lr_output,lr_scheduler,gradient_clip,fw_factor,rec_factor,data_params,train_activations,val_activations,train_activations_fb,train_batch_size,test_batch_size,fb_angle,fb_ratio,session_name,seed,epochs
105,0.9695,0.9612,46,[100],"('random', [-1, 2])",128,16,16,11,15,0.5,0.5,"[0.5, 1.0]","[0.5, 1.0]",0.003,0,0.003,none,0,1.0,1.0,0,"tensor([25.2571, 18.5503])","tensor([25.2009, 18.5681])","tensor([nan, nan])",128,256,0,0,mnist_biograd_rsnn_1_layers_float_100364571_exp_id_105,100364571,50
39,0.94674,0.9479,49,[100],"('random', [-1, 2])",128,16,16,11,15,0.5,0.5,"[0.3, 0.3]","[0.6, 0.6]",0.001,0,0.003,none,0,1.0,1.0,0,"tensor([27.7469, 16.0446])","tensor([27.7357, 16.2086])","tensor([nan, nan])",128,256,0,0,mnist_biograd_rsnn_1_layers_float_100364571_exp_id_39,100364571,50
103,0.94094,0.9402,36,[100],"('random', [-1, 2])",128,16,16,11,15,0.5,0.5,"[0.5, 1.0]","[0.5, 1.0]",0.003,0,0.001,decay,0,1.0,1.0,0,"tensor([29.7748, 13.5126])","tensor([29.6350, 13.4042])","tensor([nan, nan])",128,256,0,0,mnist_biograd_rsnn_1_layers_float_100364571_exp_id_103,100364571,50
43,0.93438,0.9391,45,[100],"('random', [-1, 2])",128,16,16,11,15,0.5,0.5,"[0.3, 0.3]","[0.6, 0.6]",0.003,0,0.001,decay,0,1.0,1.0,0,"tensor([34.3761, 16.5205])","tensor([34.3570, 16.4996])","tensor([nan, nan])",128,256,0,0,mnist_biograd_rsnn_1_layers_float_100364571_exp_id_43,100364571,50
84,0.94908,0.9451,46,[100],"('random', [-1, 2])",128,16,16,11,15,0.5,0.5,"[0.5, 1.0]","[0.3, 0.3]",0.001,0,0.001,none,0,1.0,1.0,0,"tensor([28.8680, 14.1557])","tensor([28.8118, 14.1838])","tensor([nan, nan])",128,256,0,0,mnist_biograd_rsnn_1_layers_float_100364571_exp_id_84,100364571,50
2,0.94612,0.9463,49,[100],"('random', [-1, 2])",128,16,16,11,15,0.5,0.5,"[0.6, 0.6]","[0.6, 0.6]",0.001,0,0.001,cosine,0,1.0,1.0,0,"tensor([26.8493, 16.5881])","tensor([26.7719, 16.4910])","tensor([nan, nan])",128,256,0,0,mnist_biograd_rsnn_1_layers_float_100364571_exp_id_2,100364571,50
52,0.9074,0.9153,43,[100],"('random', [-1, 2])",128,16,16,11,15,0.5,0.5,"[0.3, 0.3]","[0.3, 0.3]",0.001,0,0.003,decay,0,1.0,1.0,0,"tensor([32.7605, 11.9136])","tensor([32.7409, 11.8588])","tensor([nan, nan])",128,256,0,0,mnist_biograd_rsnn_1_layers_float_100364571_exp_id_52,100364571,50
102,0.96496,0.9597,36,[100],"('random', [-1, 2])",128,16,16,11,15,0.5,0.5,"[0.5, 1.0]","[0.5, 1.0]",0.003,0,0.001,none,0,1.0,1.0,0,"tensor([30.7883, 16.8860])","tensor([30.7349, 16.6019])","tensor([nan, nan])",128,256,0,0,mnist_biograd_rsnn_1_layers_float_100364571_exp_id_102,100364571,50
17,0.94268,0.9444,49,[100],"('random', [-1, 2])",128,16,16,11,15,0.5,0.5,"[0.6, 0.6]","[0.3, 0.3]",0.001,0,0.003,cosine,0,1.0,1.0,0,"tensor([23.4186, 13.3676])","tensor([23.3446, 13.3928])","tensor([nan, nan])",128,256,0,0,mnist_biograd_rsnn_1_layers_float_100364571_exp_id_17,100364571,50
4,0.92258,0.9318,26,[100],"('random', [-1, 2])",128,16,16,11,15,0.5,0.5,"[0.6, 0.6]","[0.6, 0.6]",0.001,0,0.003,decay,0,1.0,1.0,0,"tensor([24.7017, 15.3915])","tensor([24.6168, 15.3050])","tensor([nan, nan])",128,256,0,0,mnist_biograd_rsnn_1_layers_float_100364571_exp_id_4,100364571,50
3,0.95734,0.956,46,[100],"('random', [-1, 2])",128,16,16,11,15,0.5,0.5,"[0.6, 0.6]","[0.6, 0.6]",0.001,0,0.003,none,0,1.0,1.0,0,"tensor([23.5025, 15.4616])","tensor([23.3634, 15.3237])","tensor([nan, nan])",128,256,0,0,mnist_biograd_rsnn_1_layers_float_100364571_exp_id_3,100364571,50
94,0.94282,0.9439,48,[100],"('random', [-1, 2])",128,16,16,11,15,0.5,0.5,"[0.5, 1.0]","[0.3, 0.3]",0.003,0,0.003,decay,0,1.0,1.0,0,"tensor([26.7350, 13.3633])","tensor([26.6689, 13.4567])","tensor([nan, nan])",128,256,0,0,mnist_biograd_rsnn_1_layers_float_100364571_exp_id_94,100364571,50
8,0.96222,0.957,46,[100],"('random', [-1, 2])",128,16,16,11,15,0.5,0.5,"[0.6, 0.6]","[0.6, 0.6]",0.003,0,0.001,cosine,0,1.0,1.0,0,"tensor([27.8173, 17.8729])","tensor([27.7878, 18.0409])","tensor([nan, nan])",128,256,0,0,mnist_biograd_rsnn_1_layers_float_100364571_exp_id_8,100364571,50
92,0.95958,0.9538,46,[100],"('random', [-1, 2])",128,16,16,11,15,0.5,0.5,"[0.5, 1.0]","[0.3, 0.3]",0.003,0,0.001,cosine,0,1.0,1.0,0,"tensor([31.1302, 14.1899])","tensor([31.0650, 14.1799])","tensor([nan, nan])",128,256,0,0,mnist_biograd_rsnn_1_layers_float_100364571_exp_id_92,100364571,50
104,0.96408,0.9565,49,[100],"('random', [-1, 2])",128,16,16,11,15,0.5,0.5,"[0.5, 1.0]","[0.5, 1.0]",0.003,0,0.001,cosine,0,1.0,1.0,0,"tensor([31.1512, 16.6441])","tensor([31.1185, 16.6905])","tensor([nan, nan])",128,256,0,0,mnist_biograd_rsnn_1_layers_float_100364571_exp_id_104,100364571,50
53,0.9314,0.9339,49,[100],"('random', [-1, 2])",128,16,16,11,15,0.5,0.5,"[0.3, 0.3]","[0.3, 0.3]",0.001,0,0.003,cosine,0,1.0,1.0,0,"tensor([29.7875, 12.7611])","tensor([29.7715, 12.9620])","tensor([nan, nan])",128,256,0,0,mnist_biograd_rsnn_1_layers_float_100364571_exp_id_53,100364571,50
18,0.9651,0.959,48,[100],"('random', [-1, 2])",128,16,16,11,15,0.5,0.5,"[0.6, 0.6]","[0.3, 0.3]",0.003,0,0.001,none,0,1.0,1.0,0,"tensor([25.6326, 15.1411])","tensor([25.6054, 15.1658])","tensor([nan, nan])",128,256,0,0,mnist_biograd_rsnn_1_layers_float_100364571_exp_id_18,100364571,50
91,0.93888,0.94,47,[100],"('random', [-1, 2])",128,16,16,11,15,0.5,0.5,"[0.5, 1.0]","[0.3, 0.3]",0.003,0,0.001,decay,0,1.0,1.0,0,"tensor([31.2045, 12.0389])","tensor([31.0745, 12.0310])","tensor([nan, nan])",128,256,0,0,mnist_biograd_rsnn_1_layers_float_100364571_exp_id_91,100364571,50
68,0.95488,0.954,48,[100],"('random', [-1, 2])",128,16,16,11,15,0.5,0.5,"[0.3, 0.3]","[0.5, 1.0]",0.003,0,0.001,cosine,0,1.0,1.0,0,"tensor([33.4724, 16.5315])","tensor([33.4354, 16.5125])","tensor([nan, nan])",128,256,0,0,mnist_biograd_rsnn_1_layers_float_100364571_exp_id_68,100364571,50
85,0.91356,0.9217,45,[100],"('random', [-1, 2])",128,16,16,11,15,0.5,0.5,"[0.5, 1.0]","[0.3, 0.3]",0.001,0,0.001,decay,0,1.0,1.0,0,"tensor([29.5576, 11.2581])","tensor([29.4886, 11.2134])","tensor([nan, nan])",128,256,0,0,mnist_biograd_rsnn_1_layers_float_100364571_exp_id_85,100364571,50
28,0.92324,0.9316,47,[100],"('random', [-1, 2])",128,16,16,11,15,0.5,0.5,"[0.6, 0.6]","[0.5, 1.0]",0.001,0,0.003,decay,0,1.0,1.0,0,"tensor([24.5161, 15.7847])","tensor([24.4299, 15.6713])","tensor([nan, nan])",128,256,0,0,mnist_biograd_rsnn_1_layers_float_100364571_exp_id_28,100364571,50
38,0.936,0.9405,47,[100],"('random', [-1, 2])",128,16,16,11,15,0.5,0.5,"[0.3, 0.3]","[0.6, 0.6]",0.001,0,0.001,cosine,0,1.0,1.0,0,"tensor([33.8952, 17.1900])","tensor([33.8493, 17.0972])","tensor([nan, nan])",128,256,0,0,mnist_biograd_rsnn_1_layers_float_100364571_exp_id_38,100364571,50
19,0.93838,0.9401,36,[100],"('random', [-1, 2])",128,16,16,11,15,0.5,0.5,"[0.6, 0.6]","[0.3, 0.3]",0.003,0,0.001,decay,0,1.0,1.0,0,"tensor([26.7200, 12.7832])","tensor([26.6299, 12.7542])","tensor([nan, nan])",128,256,0,0,mnist_biograd_rsnn_1_layers_float_100364571_exp_id_19,100364571,50
23,0.95956,0.9566,46,[100],"('random', [-1, 2])",128,16,16,11,15,0.5,0.5,"[0.6, 0.6]","[0.3, 0.3]",0.003,0,0.003,cosine,0,1.0,1.0,0,"tensor([23.0655, 14.2857])","tensor([22.9564, 14.1770])","tensor([nan, nan])",128,256,0,0,mnist_biograd_rsnn_1_layers_float_100364571_exp_id_23,100364571,50
78,0.96948,0.9623,46,[100],"('random', [-1, 2])",128,16,16,11,15,0.5,0.5,"[0.5, 1.0]","[0.6, 0.6]",0.003,0,0.001,none,0,1.0,1.0,0,"tensor([31.9568, 17.6567])","tensor([31.8864, 17.7479])","tensor([nan, nan])",128,256,0,0,mnist_biograd_rsnn_1_layers_float_100364571_exp_id_78,100364571,50
12,0.9468,0.948,46,[100],"('random', [-1, 2])",128,16,16,11,15,0.5,0.5,"[0.6, 0.6]","[0.3, 0.3]",0.001,0,0.001,none,0,1.0,1.0,0,"tensor([25.4241, 14.0497])","tensor([25.3154, 13.9325])","tensor([nan, nan])",128,256,0,0,mnist_biograd_rsnn_1_layers_float_100364571_exp_id_12,100364571,50
64,0.91234,0.9205,42,[100],"('random', [-1, 2])",128,16,16,11,15,0.5,0.5,"[0.3, 0.3]","[0.5, 1.0]",0.001,0,0.003,decay,0,1.0,1.0,0,"tensor([30.4241, 16.0161])","tensor([30.4019, 16.0381])","tensor([nan, nan])",128,256,0,0,mnist_biograd_rsnn_1_layers_float_100364571_exp_id_64,100364571,50
97,0.91672,0.9232,43,[100],"('random', [-1, 2])",128,16,16,11,15,0.5,0.5,"[0.5, 1.0]","[0.5, 1.0]",0.001,0,0.001,decay,0,1.0,1.0,0,"tensor([29.2880, 13.5260])","tensor([29.2264, 13.5104])","tensor([nan, nan])",128,256,0,0,mnist_biograd_rsnn_1_layers_float_100364571_exp_id_97,100364571,50
56,0.95068,0.9501,49,[100],"('random', [-1, 2])",128,16,16,11,15,0.5,0.5,"[0.3, 0.3]","[0.3, 0.3]",0.003,0,0.001,cosine,0,1.0,1.0,0,"tensor([33.4672, 16.1681])","tensor([33.4262, 16.2630])","tensor([nan, nan])",128,256,0,0,mnist_biograd_rsnn_1_layers_float_100364571_exp_id_56,100364571,50
72,0.95434,0.9529,47,[100],"('random', [-1, 2])",128,16,16,11,15,0.5,0.5,"[0.5, 1.0]","[0.6, 0.6]",0.001,0,0.001,none,0,1.0,1.0,0,"tensor([29.8548, 16.3511])","tensor([29.6973, 16.2223])","tensor([nan, nan])",128,256,0,0,mnist_biograd_rsnn_1_layers_float_100364571_exp_id_72,100364571,50
73,0.91726,0.9236,37,[100],"('random', [-1, 2])",128,16,16,11,15,0.5,0.5,"[0.5, 1.0]","[0.6, 0.6]",0.001,0,0.001,decay,0,1.0,1.0,0,"tensor([29.4687, 14.0971])","tensor([29.3785, 14.0734])","tensor([nan, nan])",128,256,0,0,mnist_biograd_rsnn_1_layers_float_100364571_exp_id_73,100364571,50
86,0.94018,0.9399,48,[100],"('random', [-1, 2])",128,16,16,11,15,0.5,0.5,"[0.5, 1.0]","[0.3, 0.3]",0.001,0,0.001,cosine,0,1.0,1.0,0,"tensor([29.1166, 13.5585])","tensor([29.0437, 13.6997])","tensor([nan, nan])",128,256,0,0,mnist_biograd_rsnn_1_layers_float_100364571_exp_id_86,100364571,50
50,0.9276,0.9345,46,[100],"('random', [-1, 2])",128,16,16,11,15,0.5,0.5,"[0.3, 0.3]","[0.3, 0.3]",0.001,0,0.001,cosine,0,1.0,1.0,0,"tensor([33.7047, 14.1507])","tensor([33.6754, 14.0434])","tensor([nan, nan])",128,256,0,0,mnist_biograd_rsnn_1_layers_float_100364571_exp_id_50,100364571,50
82,0.94638,0.9458,46,[100],"('random', [-1, 2])",128,16,16,11,15,0.5,0.5,"[0.5, 1.0]","[0.6, 0.6]",0.003,0,0.003,decay,0,1.0,1.0,0,"tensor([27.3940, 15.6015])","tensor([27.3074, 15.5685])","tensor([nan, nan])",128,256,0,0,mnist_biograd_rsnn_1_layers_float_100364571_exp_id_82,100364571,50
48,0.93752,0.9406,48,[100],"('random', [-1, 2])",128,16,16,11,15,0.5,0.5,"[0.3, 0.3]","[0.3, 0.3]",0.001,0,0.001,none,0,1.0,1.0,0,"tensor([33.0831, 14.3840])","tensor([33.1091, 14.7651])","tensor([nan, nan])",128,256,0,0,mnist_biograd_rsnn_1_layers_float_100364571_exp_id_48,100364571,50
46,0.9359,0.9415,47,[100],"('random', [-1, 2])",128,16,16,11,15,0.5,0.5,"[0.3, 0.3]","[0.6, 0.6]",0.003,0,0.003,decay,0,1.0,1.0,0,"tensor([30.1139, 16.3437])","tensor([30.1084, 16.3233])","tensor([nan, nan])",128,256,0,0,mnist_biograd_rsnn_1_layers_float_100364571_exp_id_46,100364571,50
69,0.96262,0.958,49,[100],"('random', [-1, 2])",128,16,16,11,15,0.5,0.5,"[0.3, 0.3]","[0.5, 1.0]",0.003,0,0.003,none,0,1.0,1.0,0,"tensor([26.6366, 19.7748])","tensor([26.6517, 19.8722])","tensor([nan, nan])",128,256,0,0,mnist_biograd_rsnn_1_layers_float_100364571_exp_id_69,100364571,50
32,0.96162,0.956,49,[100],"('random', [-1, 2])",128,16,16,11,15,0.5,0.5,"[0.6, 0.6]","[0.5, 1.0]",0.003,0,0.001,cosine,0,1.0,1.0,0,"tensor([26.7080, 15.6275])","tensor([26.6747, 15.6191])","tensor([nan, nan])",128,256,0,0,mnist_biograd_rsnn_1_layers_float_100364571_exp_id_32,100364571,50
34,0.9445,0.9473,32,[100],"('random', [-1, 2])",128,16,16,11,15,0.5,0.5,"[0.6, 0.6]","[0.5, 1.0]",0.003,0,0.003,decay,0,1.0,1.0,0,"tensor([24.2152, 14.2917])","tensor([24.0975, 14.2326])","tensor([nan, nan])",128,256,0,0,mnist_biograd_rsnn_1_layers_float_100364571_exp_id_34,100364571,50
55,0.92796,0.9311,49,[100],"('random', [-1, 2])",128,16,16,11,15,0.5,0.5,"[0.3, 0.3]","[0.3, 0.3]",0.003,0,0.001,decay,0,1.0,1.0,0,"tensor([34.4918, 13.6547])","tensor([34.4602, 13.6454])","tensor([nan, nan])",128,256,0,0,mnist_biograd_rsnn_1_layers_float_100364571_exp_id_55,100364571,50
101,0.94766,0.9467,48,[100],"('random', [-1, 2])",128,16,16,11,15,0.5,0.5,"[0.5, 1.0]","[0.5, 1.0]",0.001,0,0.003,cosine,0,1.0,1.0,0,"tensor([25.1948, 17.1075])","tensor([25.1270, 17.1513])","tensor([nan, nan])",128,256,0,0,mnist_biograd_rsnn_1_layers_float_100364571_exp_id_101,100364571,50
89,0.94326,0.943,49,[100],"('random', [-1, 2])",128,16,16,11,15,0.5,0.5,"[0.5, 1.0]","[0.3, 0.3]",0.001,0,0.003,cosine,0,1.0,1.0,0,"tensor([24.5522, 13.6345])","tensor([24.4802, 13.8404])","tensor([nan, nan])",128,256,0,0,mnist_biograd_rsnn_1_layers_float_100364571_exp_id_89,100364571,50
74,0.9453,0.9444,49,[100],"('random', [-1, 2])",128,16,16,11,15,0.5,0.5,"[0.5, 1.0]","[0.6, 0.6]",0.001,0,0.001,cosine,0,1.0,1.0,0,"tensor([29.8071, 15.8006])","tensor([29.7041, 15.7388])","tensor([nan, nan])",128,256,0,0,mnist_biograd_rsnn_1_layers_float_100364571_exp_id_74,100364571,50
31,0.94144,0.9426,49,[100],"('random', [-1, 2])",128,16,16,11,15,0.5,0.5,"[0.6, 0.6]","[0.5, 1.0]",0.003,0,0.001,decay,0,1.0,1.0,0,"tensor([27.5197, 12.9291])","tensor([27.4259, 12.8906])","tensor([nan, nan])",128,256,0,0,mnist_biograd_rsnn_1_layers_float_100364571_exp_id_31,100364571,50
59,0.9508,0.9487,49,[100],"('random', [-1, 2])",128,16,16,11,15,0.5,0.5,"[0.3, 0.3]","[0.3, 0.3]",0.003,0,0.003,cosine,0,1.0,1.0,0,"tensor([28.8787, 14.7562])","tensor([28.8940, 14.9071])","tensor([nan, nan])",128,256,0,0,mnist_biograd_rsnn_1_layers_float_100364571_exp_id_59,100364571,50
1,0.9185,0.9248,32,[100],"('random', [-1, 2])",128,16,16,11,15,0.5,0.5,"[0.6, 0.6]","[0.6, 0.6]",0.001,0,0.001,decay,0,1.0,1.0,0,"tensor([26.9278, 15.1925])","tensor([26.8425, 15.1814])","tensor([nan, nan])",128,256,0,0,mnist_biograd_rsnn_1_layers_float_100364571_exp_id_1,100364571,50
24,0.95258,0.9509,48,[100],"('random', [-1, 2])",128,16,16,11,15,0.5,0.5,"[0.6, 0.6]","[0.5, 1.0]",0.001,0,0.001,none,0,1.0,1.0,0,"tensor([26.4429, 16.1832])","tensor([26.3722, 16.1300])","tensor([nan, nan])",128,256,0,0,mnist_biograd_rsnn_1_layers_float_100364571_exp_id_24,100364571,50
11,0.96578,0.9609,47,[100],"('random', [-1, 2])",128,16,16,11,15,0.5,0.5,"[0.6, 0.6]","[0.6, 0.6]",0.003,0,0.003,cosine,0,1.0,1.0,0,"tensor([24.0446, 16.1507])","tensor([23.8928, 16.0580])","tensor([nan, nan])",128,256,0,0,mnist_biograd_rsnn_1_layers_float_100364571_exp_id_11,100364571,50
22,0.94018,0.9432,34,[100],"('random', [-1, 2])",128,16,16,11,15,0.5,0.5,"[0.6, 0.6]","[0.3, 0.3]",0.003,0,0.003,decay,0,1.0,1.0,0,"tensor([24.1894, 13.2853])","tensor([24.0981, 13.2335])","tensor([nan, nan])",128,256,0,0,mnist_biograd_rsnn_1_layers_float_100364571_exp_id_22,100364571,50
26,0.94338,0.9454,47,[100],"('random', [-1, 2])",128,16,16,11,15,0.5,0.5,"[0.6, 0.6]","[0.5, 1.0]",0.001,0,0.001,cosine,0,1.0,1.0,0,"tensor([26.6271, 15.4687])","tensor([26.5093, 15.3258])","tensor([nan, nan])",128,256,0,0,mnist_biograd_rsnn_1_layers_float_100364571_exp_id_26,100364571,50
107,0.96344,0.9578,46,[100],"('random', [-1, 2])",128,16,16,11,15,0.5,0.5,"[0.5, 1.0]","[0.5, 1.0]",0.003,0,0.003,cosine,0,1.0,1.0,0,"tensor([25.6706, 16.6570])","tensor([25.6226, 16.6317])","tensor([nan, nan])",128,256,0,0,mnist_biograd_rsnn_1_layers_float_100364571_exp_id_107,100364571,50
35,0.96362,0.9581,48,[100],"('random', [-1, 2])",128,16,16,11,15,0.5,0.5,"[0.6, 0.6]","[0.5, 1.0]",0.003,0,0.003,cosine,0,1.0,1.0,0,"tensor([22.9854, 16.6232])","tensor([22.9328, 16.5974])","tensor([nan, nan])",128,256,0,0,mnist_biograd_rsnn_1_layers_float_100364571_exp_id_35,100364571,50
75,0.95684,0.9552,46,[100],"('random', [-1, 2])",128,16,16,11,15,0.5,0.5,"[0.5, 1.0]","[0.6, 0.6]",0.001,0,0.003,none,0,1.0,1.0,0,"tensor([25.3842, 15.4843])","tensor([25.3242, 15.5138])","tensor([nan, nan])",128,256,0,0,mnist_biograd_rsnn_1_layers_float_100364571_exp_id_75,100364571,50
80,0.96382,0.958,48,[100],"('random', [-1, 2])",128,16,16,11,15,0.5,0.5,"[0.5, 1.0]","[0.6, 0.6]",0.003,0,0.001,cosine,0,1.0,1.0,0,"tensor([31.9829, 17.1525])","tensor([31.9442, 17.1413])","tensor([nan, nan])",128,256,0,0,mnist_biograd_rsnn_1_layers_float_100364571_exp_id_80,100364571,50
65,0.93586,0.943,48,[100],"('random', [-1, 2])",128,16,16,11,15,0.5,0.5,"[0.3, 0.3]","[0.5, 1.0]",0.001,0,0.003,cosine,0,1.0,1.0,0,"tensor([28.1376, 18.1124])","tensor([28.0904, 18.2914])","tensor([nan, nan])",128,256,0,0,mnist_biograd_rsnn_1_layers_float_100364571_exp_id_65,100364571,50
71,0.95386,0.9538,48,[100],"('random', [-1, 2])",128,16,16,11,15,0.5,0.5,"[0.3, 0.3]","[0.5, 1.0]",0.003,0,0.003,cosine,0,1.0,1.0,0,"tensor([27.2249, 17.2992])","tensor([27.2189, 17.4165])","tensor([nan, nan])",128,256,0,0,mnist_biograd_rsnn_1_layers_float_100364571_exp_id_71,100364571,50
76,0.92364,0.9284,35,[100],"('random', [-1, 2])",128,16,16,11,15,0.5,0.5,"[0.5, 1.0]","[0.6, 0.6]",0.001,0,0.003,decay,0,1.0,1.0,0,"tensor([26.9898, 14.5194])","tensor([26.9068, 14.4292])","tensor([nan, nan])",128,256,0,0,mnist_biograd_rsnn_1_layers_float_100364571_exp_id_76,100364571,50
79,0.94124,0.9424,33,[100],"('random', [-1, 2])",128,16,16,11,15,0.5,0.5,"[0.5, 1.0]","[0.6, 0.6]",0.003,0,0.001,decay,0,1.0,1.0,0,"tensor([30.6839, 14.0212])","tensor([30.5533, 13.8901])","tensor([nan, nan])",128,256,0,0,mnist_biograd_rsnn_1_layers_float_100364571_exp_id_79,100364571,50
83,0.96674,0.9595,48,[100],"('random', [-1, 2])",128,16,16,11,15,0.5,0.5,"[0.5, 1.0]","[0.6, 0.6]",0.003,0,0.003,cosine,0,1.0,1.0,0,"tensor([26.7217, 16.4840])","tensor([26.7154, 16.5321])","tensor([nan, nan])",128,256,0,0,mnist_biograd_rsnn_1_layers_float_100364571_exp_id_83,100364571,50
62,0.93258,0.9392,47,[100],"('random', [-1, 2])",128,16,16,11,15,0.5,0.5,"[0.3, 0.3]","[0.5, 1.0]",0.001,0,0.001,cosine,0,1.0,1.0,0,"tensor([34.2862, 17.6618])","tensor([34.2356, 17.5868])","tensor([nan, nan])",128,256,0,0,mnist_biograd_rsnn_1_layers_float_100364571_exp_id_62,100364571,50
45,0.96546,0.9604,49,[100],"('random', [-1, 2])",128,16,16,11,15,0.5,0.5,"[0.3, 0.3]","[0.6, 0.6]",0.003,0,0.003,none,0,1.0,1.0,0,"tensor([26.6618, 17.5253])","tensor([26.6858, 17.5511])","tensor([nan, nan])",128,256,0,0,mnist_biograd_rsnn_1_layers_float_100364571_exp_id_45,100364571,50
33,0.9694,0.963,48,[100],"('random', [-1, 2])",128,16,16,11,15,0.5,0.5,"[0.6, 0.6]","[0.5, 1.0]",0.003,0,0.003,none,0,1.0,1.0,0,"tensor([22.4265, 18.7407])","tensor([22.4021, 18.6458])","tensor([nan, nan])",128,256,0,0,mnist_biograd_rsnn_1_layers_float_100364571_exp_id_33,100364571,50
10,0.94732,0.9483,48,[100],"('random', [-1, 2])",128,16,16,11,15,0.5,0.5,"[0.6, 0.6]","[0.6, 0.6]",0.003,0,0.003,decay,0,1.0,1.0,0,"tensor([24.7447, 15.9881])","tensor([24.6490, 15.8707])","tensor([nan, nan])",128,256,0,0,mnist_biograd_rsnn_1_layers_float_100364571_exp_id_10,100364571,50
58,0.9283,0.9361,21,[100],"('random', [-1, 2])",128,16,16,11,15,0.5,0.5,"[0.3, 0.3]","[0.3, 0.3]",0.003,0,0.003,decay,0,1.0,1.0,0,"tensor([31.5619, 12.7107])","tensor([31.5583, 12.3431])","tensor([nan, nan])",128,256,0,0,mnist_biograd_rsnn_1_layers_float_100364571_exp_id_58,100364571,50
54,0.95744,0.9544,48,[100],"('random', [-1, 2])",128,16,16,11,15,0.5,0.5,"[0.3, 0.3]","[0.3, 0.3]",0.003,0,0.001,none,0,1.0,1.0,0,"tensor([33.4316, 16.0198])","tensor([33.4553, 16.3378])","tensor([nan, nan])",128,256,0,0,mnist_biograd_rsnn_1_layers_float_100364571_exp_id_54,100364571,50
67,0.93264,0.9372,45,[100],"('random', [-1, 2])",128,16,16,11,15,0.5,0.5,"[0.3, 0.3]","[0.5, 1.0]",0.003,0,0.001,decay,0,1.0,1.0,0,"tensor([34.5419, 14.4551])","tensor([34.5228, 14.3560])","tensor([nan, nan])",128,256,0,0,mnist_biograd_rsnn_1_layers_float_100364571_exp_id_67,100364571,50
20,0.95788,0.9532,48,[100],"('random', [-1, 2])",128,16,16,11,15,0.5,0.5,"[0.6, 0.6]","[0.3, 0.3]",0.003,0,0.001,cosine,0,1.0,1.0,0,"tensor([26.0380, 14.7077])","tensor([26.0462, 14.7845])","tensor([nan, nan])",128,256,0,0,mnist_biograd_rsnn_1_layers_float_100364571_exp_id_20,100364571,50
21,0.9679,0.9597,49,[100],"('random', [-1, 2])",128,16,16,11,15,0.5,0.5,"[0.6, 0.6]","[0.3, 0.3]",0.003,0,0.003,none,0,1.0,1.0,0,"tensor([22.6098, 14.5575])","tensor([22.5467, 14.5381])","tensor([nan, nan])",128,256,0,0,mnist_biograd_rsnn_1_layers_float_100364571_exp_id_21,100364571,50
60,0.94408,0.9472,49,[100],"('random', [-1, 2])",128,16,16,11,15,0.5,0.5,"[0.3, 0.3]","[0.5, 1.0]",0.001,0,0.001,none,0,1.0,1.0,0,"tensor([33.6982, 18.8290])","tensor([33.6446, 18.8583])","tensor([nan, nan])",128,256,0,0,mnist_biograd_rsnn_1_layers_float_100364571_exp_id_60,100364571,50
44,0.95762,0.9568,49,[100],"('random', [-1, 2])",128,16,16,11,15,0.5,0.5,"[0.3, 0.3]","[0.6, 0.6]",0.003,0,0.001,cosine,0,1.0,1.0,0,"tensor([33.3128, 19.7597])","tensor([33.3032, 19.6031])","tensor([nan, nan])",128,256,0,0,mnist_biograd_rsnn_1_layers_float_100364571_exp_id_44,100364571,50
96,0.95336,0.9508,49,[100],"('random', [-1, 2])",128,16,16,11,15,0.5,0.5,"[0.5, 1.0]","[0.5, 1.0]",0.001,0,0.001,none,0,1.0,1.0,0,"tensor([29.4517, 16.3990])","tensor([29.3753, 16.3755])","tensor([nan, nan])",128,256,0,0,mnist_biograd_rsnn_1_layers_float_100364571_exp_id_96,100364571,50
0,0.9543,0.951,48,[100],"('random', [-1, 2])",128,16,16,11,15,0.5,0.5,"[0.6, 0.6]","[0.6, 0.6]",0.001,0,0.001,none,0,1.0,1.0,0,"tensor([26.6430, 16.7481])","tensor([26.6127, 16.7797])","tensor([nan, nan])",128,256,0,0,mnist_biograd_rsnn_1_layers_float_100364571_exp_id_0,100364571,50
47,0.95882,0.9543,49,[100],"('random', [-1, 2])",128,16,16,11,15,0.5,0.5,"[0.3, 0.3]","[0.6, 0.6]",0.003,0,0.003,cosine,0,1.0,1.0,0,"tensor([27.5616, 17.1886])","tensor([27.5679, 17.1207])","tensor([nan, nan])",128,256,0,0,mnist_biograd_rsnn_1_layers_float_100364571_exp_id_47,100364571,50
15,0.95082,0.9505,48,[100],"('random', [-1, 2])",128,16,16,11,15,0.5,0.5,"[0.6, 0.6]","[0.3, 0.3]",0.001,0,0.003,none,0,1.0,1.0,0,"tensor([22.6200, 13.2050])","tensor([22.5406, 13.2059])","tensor([nan, nan])",128,256,0,0,mnist_biograd_rsnn_1_layers_float_100364571_exp_id_15,100364571,50
7,0.94108,0.9434,35,[100],"('random', [-1, 2])",128,16,16,11,15,0.5,0.5,"[0.6, 0.6]","[0.6, 0.6]",0.003,0,0.001,decay,0,1.0,1.0,0,"tensor([27.9560, 14.6347])","tensor([27.8651, 14.6374])","tensor([nan, nan])",128,256,0,0,mnist_biograd_rsnn_1_layers_float_100364571_exp_id_7,100364571,50
88,0.91836,0.9244,42,[100],"('random', [-1, 2])",128,16,16,11,15,0.5,0.5,"[0.5, 1.0]","[0.3, 0.3]",0.001,0,0.003,decay,0,1.0,1.0,0,"tensor([27.1025, 11.9738])","tensor([27.0447, 12.0463])","tensor([nan, nan])",128,256,0,0,mnist_biograd_rsnn_1_layers_float_100364571_exp_id_88,100364571,50
27,0.95376,0.9535,46,[100],"('random', [-1, 2])",128,16,16,11,15,0.5,0.5,"[0.6, 0.6]","[0.5, 1.0]",0.001,0,0.003,none,0,1.0,1.0,0,"tensor([23.5194, 19.1825])","tensor([23.3782, 19.0600])","tensor([nan, nan])",128,256,0,0,mnist_biograd_rsnn_1_layers_float_100364571_exp_id_27,100364571,50
49,0.90182,0.9108,49,[100],"('random', [-1, 2])",128,16,16,11,15,0.5,0.5,"[0.3, 0.3]","[0.3, 0.3]",0.001,0,0.001,decay,0,1.0,1.0,0,"tensor([34.8824, 12.1491])","tensor([34.8600, 12.1588])","tensor([nan, nan])",128,256,0,0,mnist_biograd_rsnn_1_layers_float_100364571_exp_id_49,100364571,50
29,0.94876,0.9476,48,[100],"('random', [-1, 2])",128,16,16,11,15,0.5,0.5,"[0.6, 0.6]","[0.5, 1.0]",0.001,0,0.003,cosine,0,1.0,1.0,0,"tensor([24.0217, 18.1872])","tensor([23.9051, 18.1145])","tensor([nan, nan])",128,256,0,0,mnist_biograd_rsnn_1_layers_float_100364571_exp_id_29,100364571,50
40,0.91022,0.922,26,[100],"('random', [-1, 2])",128,16,16,11,15,0.5,0.5,"[0.3, 0.3]","[0.6, 0.6]",0.001,0,0.003,decay,0,1.0,1.0,0,"tensor([31.5727, 14.0828])","tensor([31.5591, 14.0813])","tensor([nan, nan])",128,256,0,0,mnist_biograd_rsnn_1_layers_float_100364571_exp_id_40,100364571,50
77,0.95072,0.951,48,[100],"('random', [-1, 2])",128,16,16,11,15,0.5,0.5,"[0.5, 1.0]","[0.6, 0.6]",0.001,0,0.003,cosine,0,1.0,1.0,0,"tensor([26.1789, 15.6131])","tensor([26.1331, 15.8791])","tensor([nan, nan])",128,256,0,0,mnist_biograd_rsnn_1_layers_float_100364571_exp_id_77,100364571,50
61,0.90518,0.915,47,[100],"('random', [-1, 2])",128,16,16,11,15,0.5,0.5,"[0.3, 0.3]","[0.5, 1.0]",0.001,0,0.001,decay,0,1.0,1.0,0,"tensor([35.2367, 15.0750])","tensor([35.2158, 15.0265])","tensor([nan, nan])",128,256,0,0,mnist_biograd_rsnn_1_layers_float_100364571_exp_id_61,100364571,50
41,0.94016,0.9435,49,[100],"('random', [-1, 2])",128,16,16,11,15,0.5,0.5,"[0.3, 0.3]","[0.6, 0.6]",0.001,0,0.003,cosine,0,1.0,1.0,0,"tensor([29.0672, 15.4777])","tensor([29.0367, 15.5694])","tensor([nan, nan])",128,256,0,0,mnist_biograd_rsnn_1_layers_float_100364571_exp_id_41,100364571,50
98,0.94144,0.9435,43,[100],"('random', [-1, 2])",128,16,16,11,15,0.5,0.5,"[0.5, 1.0]","[0.5, 1.0]",0.001,0,0.001,cosine,0,1.0,1.0,0,"tensor([29.3567, 15.5764])","tensor([29.2447, 15.4809])","tensor([nan, nan])",128,256,0,0,mnist_biograd_rsnn_1_layers_float_100364571_exp_id_98,100364571,50
30,0.96722,0.9605,46,[100],"('random', [-1, 2])",128,16,16,11,15,0.5,0.5,"[0.6, 0.6]","[0.5, 1.0]",0.003,0,0.001,none,0,1.0,1.0,0,"tensor([26.6688, 17.0123])","tensor([26.6603, 17.3252])","tensor([nan, nan])",128,256,0,0,mnist_biograd_rsnn_1_layers_float_100364571_exp_id_30,100364571,50
90,0.96568,0.958,46,[100],"('random', [-1, 2])",128,16,16,11,15,0.5,0.5,"[0.5, 1.0]","[0.3, 0.3]",0.003,0,0.001,none,0,1.0,1.0,0,"tensor([30.7780, 14.8976])","tensor([30.6871, 14.7833])","tensor([nan, nan])",128,256,0,0,mnist_biograd_rsnn_1_layers_float_100364571_exp_id_90,100364571,50
37,0.90658,0.9163,45,[100],"('random', [-1, 2])",128,16,16,11,15,0.5,0.5,"[0.3, 0.3]","[0.6, 0.6]",0.001,0,0.001,decay,0,1.0,1.0,0,"tensor([35.1527, 15.6164])","tensor([35.1284, 15.5607])","tensor([nan, nan])",128,256,0,0,mnist_biograd_rsnn_1_layers_float_100364571_exp_id_37,100364571,50
9,0.97028,0.9649,43,[100],"('random', [-1, 2])",128,16,16,11,15,0.5,0.5,"[0.6, 0.6]","[0.6, 0.6]",0.003,0,0.003,none,0,1.0,1.0,0,"tensor([23.4939, 16.0509])","tensor([23.2949, 15.7636])","tensor([nan, nan])",128,256,0,0,mnist_biograd_rsnn_1_layers_float_100364571_exp_id_9,100364571,50
99,0.9561,0.9542,48,[100],"('random', [-1, 2])",128,16,16,11,15,0.5,0.5,"[0.5, 1.0]","[0.5, 1.0]",0.001,0,0.003,none,0,1.0,1.0,0,"tensor([24.6347, 18.5686])","tensor([24.5913, 18.6820])","tensor([nan, nan])",128,256,0,0,mnist_biograd_rsnn_1_layers_float_100364571_exp_id_99,100364571,50
16,0.91786,0.9259,49,[100],"('random', [-1, 2])",128,16,16,11,15,0.5,0.5,"[0.6, 0.6]","[0.3, 0.3]",0.001,0,0.003,decay,0,1.0,1.0,0,"tensor([24.8064, 12.3512])","tensor([24.7274, 12.2811])","tensor([nan, nan])",128,256,0,0,mnist_biograd_rsnn_1_layers_float_100364571_exp_id_16,100364571,50
100,0.923,0.9281,48,[100],"('random', [-1, 2])",128,16,16,11,15,0.5,0.5,"[0.5, 1.0]","[0.5, 1.0]",0.001,0,0.003,decay,0,1.0,1.0,0,"tensor([26.4749, 14.6923])","tensor([26.4269, 14.6051])","tensor([nan, nan])",128,256,0,0,mnist_biograd_rsnn_1_layers_float_100364571_exp_id_100,100364571,50
87,0.94916,0.9475,46,[100],"('random', [-1, 2])",128,16,16,11,15,0.5,0.5,"[0.5, 1.0]","[0.3, 0.3]",0.001,0,0.003,none,0,1.0,1.0,0,"tensor([23.4845, 14.0565])","tensor([23.4058, 13.8836])","tensor([nan, nan])",128,256,0,0,mnist_biograd_rsnn_1_layers_float_100364571_exp_id_87,100364571,50
106,0.94412,0.9454,40,[100],"('random', [-1, 2])",128,16,16,11,15,0.5,0.5,"[0.5, 1.0]","[0.5, 1.0]",0.003,0,0.003,decay,0,1.0,1.0,0,"tensor([26.3290, 14.0759])","tensor([26.2154, 13.9565])","tensor([nan, nan])",128,256,0,0,mnist_biograd_rsnn_1_layers_float_100364571_exp_id_106,100364571,50
14,0.93938,0.9418,49,[100],"('random', [-1, 2])",128,16,16,11,15,0.5,0.5,"[0.6, 0.6]","[0.3, 0.3]",0.001,0,0.001,cosine,0,1.0,1.0,0,"tensor([25.6985, 13.6616])","tensor([25.6357, 13.6319])","tensor([nan, nan])",128,256,0,0,mnist_biograd_rsnn_1_layers_float_100364571_exp_id_14,100364571,50
57,0.95572,0.9566,46,[100],"('random', [-1, 2])",128,16,16,11,15,0.5,0.5,"[0.3, 0.3]","[0.3, 0.3]",0.003,0,0.003,none,0,1.0,1.0,0,"tensor([28.1572, 14.4871])","tensor([28.1375, 14.4288])","tensor([nan, nan])",128,256,0,0,mnist_biograd_rsnn_1_layers_float_100364571_exp_id_57,100364571,50
25,0.91856,0.9259,43,[100],"('random', [-1, 2])",128,16,16,11,15,0.5,0.5,"[0.6, 0.6]","[0.5, 1.0]",0.001,0,0.001,decay,0,1.0,1.0,0,"tensor([26.9785, 13.5559])","tensor([26.9162, 13.5478])","tensor([nan, nan])",128,256,0,0,mnist_biograd_rsnn_1_layers_float_100364571_exp_id_25,100364571,50
70,0.93364,0.9406,42,[100],"('random', [-1, 2])",128,16,16,11,15,0.5,0.5,"[0.3, 0.3]","[0.5, 1.0]",0.003,0,0.003,decay,0,1.0,1.0,0,"tensor([29.4211, 14.8364])","tensor([29.3631, 14.8689])","tensor([nan, nan])",128,256,0,0,mnist_biograd_rsnn_1_layers_float_100364571_exp_id_70,100364571,50
36,0.94282,0.9468,43,[100],"('random', [-1, 2])",128,16,16,11,15,0.5,0.5,"[0.3, 0.3]","[0.6, 0.6]",0.001,0,0.001,none,0,1.0,1.0,0,"tensor([33.2900, 17.3938])","tensor([33.2438, 17.3533])","tensor([nan, nan])",128,256,0,0,mnist_biograd_rsnn_1_layers_float_100364571_exp_id_36,100364571,50
93,0.96624,0.9583,46,[100],"('random', [-1, 2])",128,16,16,11,15,0.5,0.5,"[0.5, 1.0]","[0.3, 0.3]",0.003,0,0.003,none,0,1.0,1.0,0,"tensor([24.3018, 14.8372])","tensor([24.2110, 15.0687])","tensor([nan, nan])",128,256,0,0,mnist_biograd_rsnn_1_layers_float_100364571_exp_id_93,100364571,50
51,0.93384,0.9412,40,[100],"('random', [-1, 2])",128,16,16,11,15,0.5,0.5,"[0.3, 0.3]","[0.3, 0.3]",0.001,0,0.003,none,0,1.0,1.0,0,"tensor([29.0999, 12.4302])","tensor([29.0713, 12.2411])","tensor([nan, nan])",128,256,0,0,mnist_biograd_rsnn_1_layers_float_100364571_exp_id_51,100364571,50
42,0.96254,0.9588,46,[100],"('random', [-1, 2])",128,16,16,11,15,0.5,0.5,"[0.3, 0.3]","[0.6, 0.6]",0.003,0,0.001,none,0,1.0,1.0,0,"tensor([33.0974, 20.2205])","tensor([33.0963, 20.0972])","tensor([nan, nan])",128,256,0,0,mnist_biograd_rsnn_1_layers_float_100364571_exp_id_42,100364571,50
81,0.97008,0.961,42,[100],"('random', [-1, 2])",128,16,16,11,15,0.5,0.5,"[0.5, 1.0]","[0.6, 0.6]",0.003,0,0.003,none,0,1.0,1.0,0,"tensor([26.1863, 16.2918])","tensor([26.1767, 16.3930])","tensor([nan, nan])",128,256,0,0,mnist_biograd_rsnn_1_layers_float_100364571_exp_id_81,100364571,50
13,0.9142,0.9224,47,[100],"('random', [-1, 2])",128,16,16,11,15,0.5,0.5,"[0.6, 0.6]","[0.3, 0.3]",0.001,0,0.001,decay,0,1.0,1.0,0,"tensor([26.3746, 12.1684])","tensor([26.3160, 12.1192])","tensor([nan, nan])",128,256,0,0,mnist_biograd_rsnn_1_layers_float_100364571_exp_id_13,100364571,50
66,0.9616,0.9581,46,[100],"('random', [-1, 2])",128,16,16,11,15,0.5,0.5,"[0.3, 0.3]","[0.5, 1.0]",0.003,0,0.001,none,0,1.0,1.0,0,"tensor([32.8766, 17.4908])","tensor([32.8728, 17.4515])","tensor([nan, nan])",128,256,0,0,mnist_biograd_rsnn_1_layers_float_100364571_exp_id_66,100364571,50
95,0.96032,0.9559,48,[100],"('random', [-1, 2])",128,16,16,11,15,0.5,0.5,"[0.5, 1.0]","[0.3, 0.3]",0.003,0,0.003,cosine,0,1.0,1.0,0,"tensor([24.7797, 14.6887])","tensor([24.7313, 14.9091])","tensor([nan, nan])",128,256,0,0,mnist_biograd_rsnn_1_layers_float_100364571_exp_id_95,100364571,50
6,0.96892,0.9624,46,[100],"('random', [-1, 2])",128,16,16,11,15,0.5,0.5,"[0.6, 0.6]","[0.6, 0.6]",0.003,0,0.001,none,0,1.0,1.0,0,"tensor([27.5865, 18.5021])","tensor([27.6544, 18.5764])","tensor([nan, nan])",128,256,0,0,mnist_biograd_rsnn_1_layers_float_100364571_exp_id_6,100364571,50
5,0.94844,0.9506,47,[100],"('random', [-1, 2])",128,16,16,11,15,0.5,0.5,"[0.6, 0.6]","[0.6, 0.6]",0.001,0,0.003,cosine,0,1.0,1.0,0,"tensor([24.2974, 15.9708])","tensor([24.1651, 15.7564])","tensor([nan, nan])",128,256,0,0,mnist_biograd_rsnn_1_layers_float_100364571_exp_id_5,100364571,50
63,0.94318,0.9466,49,[100],"('random', [-1, 2])",128,16,16,11,15,0.5,0.5,"[0.3, 0.3]","[0.5, 1.0]",0.001,0,0.003,none,0,1.0,1.0,0,"tensor([26.8839, 18.8830])","tensor([26.8459, 19.0043])","tensor([nan, nan])",128,256,0,0,mnist_biograd_rsnn_1_layers_float_100364571_exp_id_63,100364571,50
