id,train_acc,val_acc,best_epoch,Neurons,vdecay,vedecay_rec,hidden_layer_0,hidden_layer_1,out_layer,lr_hidden,lr_hidden_rec,lr_output,data_params,train_activations,val_activations,train_activations_fb,fb_angle,fb_ratio,session_name,seed,epochs
63,0.2173859735164296,0.2597173144876325,3,"[256, 256]",0.5,0.5,"[1.5, 1.5]","[0.2, 0.5]","[1.0, 2.0]","[0.003, 0.003]","[0.001, 0.003]",0.003,"{'data_type': 'frame', 'duration': None, 'n_bins': 4, 'frames': 10, 'split_by': 'time'}","tensor([37.2342, 11.8735,  4.1319])","tensor([38.5270, 13.3813,  6.6675])","tensor([nan, nan])",0,0,grid_search_shd_rsnn_float_2_layers_v0/shd_biograd_rec_2_layers_float_transposed_loss_direct_frames_10_time_100364571_exp_shd_rsnn_float_2_layers_v0_63,100364571,50
68,0.3827856792545365,0.3851590106007067,6,"[256, 256]",0.5,0.5,"[1.5, 1.5]","[0.5, 1.0]","[0.3, 0.3]","[0.003, 0.003]","[0.001, 0.003]",0.003,"{'data_type': 'frame', 'duration': None, 'n_bins': 4, 'frames': 10, 'split_by': 'time'}","tensor([36.5381, 12.5643, 25.3156])","tensor([37.6814, 14.0219, 26.0919])","tensor([nan, nan])",0,0,grid_search_shd_rsnn_float_2_layers_v0/shd_biograd_rec_2_layers_float_transposed_loss_direct_frames_10_time_100364571_exp_shd_rsnn_float_2_layers_v0_68,100364571,50
87,0.0534575772437469,0.0569787985865724,4,"[256, 256]",0.5,0.5,"[2.0, 4.0]","[0.7, 0.7]","[1.0, 2.0]","[0.003, 0.003]","[0.001, 0.003]",0.003,"{'data_type': 'frame', 'duration': None, 'n_bins': 4, 'frames': 10, 'split_by': 'time'}","tensor([4.6671e+01, 2.0076e+00, 3.3065e-02])","tensor([50.5432,  3.1144,  0.1486])","tensor([nan, nan])",0,0,grid_search_shd_rsnn_float_2_layers_v0/shd_biograd_rec_2_layers_float_transposed_loss_direct_frames_10_time_100364571_exp_shd_rsnn_float_2_layers_v0_87,100364571,50
51,0.3648847474252084,0.3873674911660777,4,"[256, 256]",0.5,0.5,"[0.5, 1.0]","[0.5, 1.0]","[1.0, 2.0]","[0.003, 0.003]","[0.001, 0.003]",0.003,"{'data_type': 'frame', 'duration': None, 'n_bins': 4, 'frames': 10, 'split_by': 'time'}","tensor([41.9433, 22.5499, 17.5405])","tensor([45.8008, 25.0180, 20.8634])","tensor([nan, nan])",0,0,grid_search_shd_rsnn_float_2_layers_v0/shd_biograd_rec_2_layers_float_transposed_loss_direct_frames_10_time_100364571_exp_shd_rsnn_float_2_layers_v0_51,100364571,50
31,0.3886709171162334,0.4085689045936396,4,"[256, 256]",0.5,0.5,"[0.7, 0.7]","[0.5, 1.0]","[1.0, 2.0]","[0.003, 0.003]","[0.001, 0.003]",0.003,"{'data_type': 'frame', 'duration': None, 'n_bins': 4, 'frames': 10, 'split_by': 'time'}","tensor([35.8266, 23.6971, 21.0218])","tensor([37.2612, 25.6638, 24.6478])","tensor([nan, nan])",0,0,grid_search_shd_rsnn_float_2_layers_v0/shd_biograd_rec_2_layers_float_transposed_loss_direct_frames_10_time_100364571_exp_shd_rsnn_float_2_layers_v0_31,100364571,50
61,0.3565473271211378,0.3745583038869258,6,"[256, 256]",0.5,0.5,"[1.5, 1.5]","[0.2, 0.5]","[0.3, 0.6]","[0.003, 0.003]","[0.001, 0.003]",0.003,"{'data_type': 'frame', 'duration': None, 'n_bins': 4, 'frames': 10, 'split_by': 'time'}","tensor([37.3678, 11.1335, 27.4246])","tensor([38.8075, 12.2845, 29.1959])","tensor([nan, nan])",0,0,grid_search_shd_rsnn_float_2_layers_v0/shd_biograd_rec_2_layers_float_transposed_loss_direct_frames_10_time_100364571_exp_shd_rsnn_float_2_layers_v0_61,100364571,50
80,0.1397743992153016,0.1740282685512367,8,"[256, 256]",0.5,0.5,"[2.0, 4.0]","[0.2, 0.5]","[0.3, 0.3]","[0.003, 0.003]","[0.001, 0.003]",0.003,"{'data_type': 'frame', 'duration': None, 'n_bins': 4, 'frames': 10, 'split_by': 'time'}","tensor([52.4295,  2.3126,  6.9229])","tensor([57.4453,  2.9451, 10.9696])","tensor([nan, nan])",0,0,grid_search_shd_rsnn_float_2_layers_v0/shd_biograd_rec_2_layers_float_transposed_loss_direct_frames_10_time_100364571_exp_shd_rsnn_float_2_layers_v0_80,100364571,50
5,0.4861451692005885,0.4730565371024735,6,"[256, 256]",0.5,0.5,"[0.2, 0.5]","[0.7, 0.7]","[0.3, 0.6]","[0.003, 0.003]","[0.001, 0.003]",0.003,"{'data_type': 'frame', 'duration': None, 'n_bins': 4, 'frames': 10, 'split_by': 'time'}","tensor([36.3378, 22.7630, 27.4804])","tensor([35.8835, 23.0732, 27.2071])","tensor([nan, nan])",0,0,grid_search_shd_rsnn_float_2_layers_v0/shd_biograd_rec_2_layers_float_transposed_loss_direct_frames_10_time_100364571_exp_shd_rsnn_float_2_layers_v0_5,100364571,50
88,0.1510544384502207,0.1925795053003533,6,"[256, 256]",0.5,0.5,"[2.0, 4.0]","[0.5, 1.0]","[0.3, 0.3]","[0.003, 0.003]","[0.001, 0.003]",0.003,"{'data_type': 'frame', 'duration': None, 'n_bins': 4, 'frames': 10, 'split_by': 'time'}","tensor([47.1481,  1.9402,  5.1440])","tensor([50.7579,  2.5652,  8.5758])","tensor([nan, nan])",0,0,grid_search_shd_rsnn_float_2_layers_v0/shd_biograd_rec_2_layers_float_transposed_loss_direct_frames_10_time_100364571_exp_shd_rsnn_float_2_layers_v0_88,100364571,50
36,0.4361206473761648,0.4553886925795053,6,"[256, 256]",0.5,0.5,"[0.7, 0.7]","[2.0, 4.0]","[0.3, 0.3]","[0.003, 0.003]","[0.001, 0.003]",0.003,"{'data_type': 'frame', 'duration': None, 'n_bins': 4, 'frames': 10, 'split_by': 'time'}","tensor([36.8735, 12.0198, 20.5133])","tensor([38.2196, 12.3903, 20.9393])","tensor([nan, nan])",0,0,grid_search_shd_rsnn_float_2_layers_v0/shd_biograd_rec_2_layers_float_transposed_loss_direct_frames_10_time_100364571_exp_shd_rsnn_float_2_layers_v0_36,100364571,50
67,0.2397008337420304,0.3047703180212014,3,"[256, 256]",0.5,0.5,"[1.5, 1.5]","[0.7, 0.7]","[1.0, 2.0]","[0.003, 0.003]","[0.001, 0.003]",0.003,"{'data_type': 'frame', 'duration': None, 'n_bins': 4, 'frames': 10, 'split_by': 'time'}","tensor([38.1606, 13.3270,  5.4048])","tensor([39.9028, 14.9799,  8.1269])","tensor([nan, nan])",0,0,grid_search_shd_rsnn_float_2_layers_v0/shd_biograd_rec_2_layers_float_transposed_loss_direct_frames_10_time_100364571_exp_shd_rsnn_float_2_layers_v0_67,100364571,50
81,0.1292300147130946,0.131625441696113,7,"[256, 256]",0.5,0.5,"[2.0, 4.0]","[0.2, 0.5]","[0.3, 0.6]","[0.003, 0.003]","[0.001, 0.003]",0.003,"{'data_type': 'frame', 'duration': None, 'n_bins': 4, 'frames': 10, 'split_by': 'time'}","tensor([47.6997,  1.6278,  2.6264])","tensor([50.9957,  2.0759,  4.0767])","tensor([nan, nan])",0,0,grid_search_shd_rsnn_float_2_layers_v0/shd_biograd_rec_2_layers_float_transposed_loss_direct_frames_10_time_100364571_exp_shd_rsnn_float_2_layers_v0_81,100364571,50
10,0.4901912702305051,0.4615724381625442,8,"[256, 256]",0.5,0.5,"[0.2, 0.5]","[0.5, 1.0]","[1.0, 1.0]","[0.003, 0.003]","[0.001, 0.003]",0.003,"{'data_type': 'frame', 'duration': None, 'n_bins': 4, 'frames': 10, 'split_by': 'time'}","tensor([46.5702, 29.7043, 29.2903])","tensor([50.2527, 30.8068, 29.0394])","tensor([nan, nan])",0,0,grid_search_shd_rsnn_float_2_layers_v0/shd_biograd_rec_2_layers_float_transposed_loss_direct_frames_10_time_100364571_exp_shd_rsnn_float_2_layers_v0_10,100364571,50
7,0.4621137812653261,0.4514134275618374,6,"[256, 256]",0.5,0.5,"[0.2, 0.5]","[0.7, 0.7]","[1.0, 2.0]","[0.003, 0.003]","[0.001, 0.003]",0.003,"{'data_type': 'frame', 'duration': None, 'n_bins': 4, 'frames': 10, 'split_by': 'time'}","tensor([42.4912, 32.1118, 29.3650])","tensor([45.4505, 33.2643, 30.2741])","tensor([nan, nan])",0,0,grid_search_shd_rsnn_float_2_layers_v0/shd_biograd_rec_2_layers_float_transposed_loss_direct_frames_10_time_100364571_exp_shd_rsnn_float_2_layers_v0_7,100364571,50
73,0.3295733202550269,0.340547703180212,4,"[256, 256]",0.5,0.5,"[1.5, 1.5]","[1.5, 1.5]","[0.3, 0.6]","[0.003, 0.003]","[0.001, 0.003]",0.003,"{'data_type': 'frame', 'duration': None, 'n_bins': 4, 'frames': 10, 'split_by': 'time'}","tensor([36.7883,  9.8152, 21.8415])","tensor([37.2082, 11.0216, 25.2823])","tensor([nan, nan])",0,0,grid_search_shd_rsnn_float_2_layers_v0/shd_biograd_rec_2_layers_float_transposed_loss_direct_frames_10_time_100364571_exp_shd_rsnn_float_2_layers_v0_73,100364571,50
24,0.491785188818048,0.4646643109540636,8,"[256, 256]",0.5,0.5,"[0.7, 0.7]","[0.7, 0.7]","[0.3, 0.3]","[0.003, 0.003]","[0.001, 0.003]",0.003,"{'data_type': 'frame', 'duration': None, 'n_bins': 4, 'frames': 10, 'split_by': 'time'}","tensor([33.8409, 20.3271, 21.2735])","tensor([36.3078, 21.4196, 21.3066])","tensor([nan, nan])",0,0,grid_search_shd_rsnn_float_2_layers_v0/shd_biograd_rec_2_layers_float_transposed_loss_direct_frames_10_time_100364571_exp_shd_rsnn_float_2_layers_v0_24,100364571,50
92,0.200833742030407,0.2407243816254416,6,"[256, 256]",0.5,0.5,"[2.0, 4.0]","[1.5, 1.5]","[0.3, 0.3]","[0.003, 0.003]","[0.001, 0.003]",0.003,"{'data_type': 'frame', 'duration': None, 'n_bins': 4, 'frames': 10, 'split_by': 'time'}","tensor([48.7271,  3.7365, 11.3920])","tensor([52.4499,  4.7032, 16.1468])","tensor([nan, nan])",0,0,grid_search_shd_rsnn_float_2_layers_v0/shd_biograd_rec_2_layers_float_transposed_loss_direct_frames_10_time_100364571_exp_shd_rsnn_float_2_layers_v0_92,100364571,50
14,0.4771947032859244,0.4416961130742049,6,"[256, 256]",0.5,0.5,"[0.2, 0.5]","[1.5, 1.5]","[1.0, 1.0]","[0.003, 0.003]","[0.001, 0.003]",0.003,"{'data_type': 'frame', 'duration': None, 'n_bins': 4, 'frames': 10, 'split_by': 'time'}","tensor([40.0661, 23.1735, 29.5842])","tensor([43.9932, 23.9513, 30.1633])","tensor([nan, nan])",0,0,grid_search_shd_rsnn_float_2_layers_v0/shd_biograd_rec_2_layers_float_transposed_loss_direct_frames_10_time_100364571_exp_shd_rsnn_float_2_layers_v0_14,100364571,50
89,0.1677292790583619,0.2469081272084805,6,"[256, 256]",0.5,0.5,"[2.0, 4.0]","[0.5, 1.0]","[0.3, 0.6]","[0.003, 0.003]","[0.001, 0.003]",0.003,"{'data_type': 'frame', 'duration': None, 'n_bins': 4, 'frames': 10, 'split_by': 'time'}","tensor([50.0830,  2.8598,  5.4297])","tensor([53.2618,  3.6576,  7.5371])","tensor([nan, nan])",0,0,grid_search_shd_rsnn_float_2_layers_v0/shd_biograd_rec_2_layers_float_transposed_loss_direct_frames_10_time_100364571_exp_shd_rsnn_float_2_layers_v0_89,100364571,50
23,0.3484551250613045,0.4103356890459363,3,"[256, 256]",0.5,0.5,"[0.7, 0.7]","[0.2, 0.5]","[1.0, 2.0]","[0.003, 0.003]","[0.001, 0.003]",0.003,"{'data_type': 'frame', 'duration': None, 'n_bins': 4, 'frames': 10, 'split_by': 'time'}","tensor([37.4857, 23.4245, 14.3446])","tensor([37.9387, 24.8646, 17.9599])","tensor([nan, nan])",0,0,grid_search_shd_rsnn_float_2_layers_v0/shd_biograd_rec_2_layers_float_transposed_loss_direct_frames_10_time_100364571_exp_shd_rsnn_float_2_layers_v0_23,100364571,50
91,0.0519862677783227,0.0578621908127208,3,"[256, 256]",0.5,0.5,"[2.0, 4.0]","[0.5, 1.0]","[1.0, 2.0]","[0.003, 0.003]","[0.001, 0.003]",0.003,"{'data_type': 'frame', 'duration': None, 'n_bins': 4, 'frames': 10, 'split_by': 'time'}","tensor([4.3806e+01, 1.4032e+00, 8.5529e-03])","tensor([48.9286,  2.5429,  0.1836])","tensor([nan, nan])",0,0,grid_search_shd_rsnn_float_2_layers_v0/shd_biograd_rec_2_layers_float_transposed_loss_direct_frames_10_time_100364571_exp_shd_rsnn_float_2_layers_v0_91,100364571,50
18,0.3754291319274154,0.4231448763250883,3,"[256, 256]",0.5,0.5,"[0.2, 0.5]","[2.0, 4.0]","[1.0, 1.0]","[0.003, 0.003]","[0.001, 0.003]",0.003,"{'data_type': 'frame', 'duration': None, 'n_bins': 4, 'frames': 10, 'split_by': 'time'}","tensor([38.9356, 19.7991, 18.8855])","tensor([39.3983, 19.6418, 21.5458])","tensor([nan, nan])",0,0,grid_search_shd_rsnn_float_2_layers_v0/shd_biograd_rec_2_layers_float_transposed_loss_direct_frames_10_time_100364571_exp_shd_rsnn_float_2_layers_v0_18,100364571,50
53,0.4303580186365865,0.4275618374558304,6,"[256, 256]",0.5,0.5,"[0.5, 1.0]","[1.5, 1.5]","[0.3, 0.6]","[0.003, 0.003]","[0.001, 0.003]",0.003,"{'data_type': 'frame', 'duration': None, 'n_bins': 4, 'frames': 10, 'split_by': 'time'}","tensor([37.2751, 13.5566, 25.4413])","tensor([39.8297, 14.6133, 26.2090])","tensor([nan, nan])",0,0,grid_search_shd_rsnn_float_2_layers_v0/shd_biograd_rec_2_layers_float_transposed_loss_direct_frames_10_time_100364571_exp_shd_rsnn_float_2_layers_v0_53,100364571,50
79,0.1549779303580186,0.2049469964664311,2,"[256, 256]",0.5,0.5,"[1.5, 1.5]","[2.0, 4.0]","[1.0, 2.0]","[0.003, 0.003]","[0.001, 0.003]",0.003,"{'data_type': 'frame', 'duration': None, 'n_bins': 4, 'frames': 10, 'split_by': 'time'}","tensor([36.7709,  6.8009,  1.4803])","tensor([39.6037,  7.4035,  2.4576])","tensor([nan, nan])",0,0,grid_search_shd_rsnn_float_2_layers_v0/shd_biograd_rec_2_layers_float_transposed_loss_direct_frames_10_time_100364571_exp_shd_rsnn_float_2_layers_v0_79,100364571,50
64,0.3553212358999509,0.3652826855123675,6,"[256, 256]",0.5,0.5,"[1.5, 1.5]","[0.7, 0.7]","[0.3, 0.3]","[0.003, 0.003]","[0.001, 0.003]",0.003,"{'data_type': 'frame', 'duration': None, 'n_bins': 4, 'frames': 10, 'split_by': 'time'}","tensor([37.5685, 11.7452, 25.9831])","tensor([39.0821, 13.2255, 26.8965])","tensor([nan, nan])",0,0,grid_search_shd_rsnn_float_2_layers_v0/shd_biograd_rec_2_layers_float_transposed_loss_direct_frames_10_time_100364571_exp_shd_rsnn_float_2_layers_v0_64,100364571,50
86,0.0781020107896027,0.0958480565371024,6,"[256, 256]",0.5,0.5,"[2.0, 4.0]","[0.7, 0.7]","[1.0, 1.0]","[0.003, 0.003]","[0.001, 0.003]",0.003,"{'data_type': 'frame', 'duration': None, 'n_bins': 4, 'frames': 10, 'split_by': 'time'}","tensor([48.6607,  3.1879,  0.3116])","tensor([51.7129,  3.6174,  0.7859])","tensor([nan, nan])",0,0,grid_search_shd_rsnn_float_2_layers_v0/shd_biograd_rec_2_layers_float_transposed_loss_direct_frames_10_time_100364571_exp_shd_rsnn_float_2_layers_v0_86,100364571,50
30,0.4218979892103972,0.4068021201413427,6,"[256, 256]",0.5,0.5,"[0.7, 0.7]","[0.5, 1.0]","[1.0, 1.0]","[0.003, 0.003]","[0.001, 0.003]",0.003,"{'data_type': 'frame', 'duration': None, 'n_bins': 4, 'frames': 10, 'split_by': 'time'}","tensor([39.6124, 25.6827, 31.2858])","tensor([44.0028, 27.6370, 31.5187])","tensor([nan, nan])",0,0,grid_search_shd_rsnn_float_2_layers_v0/shd_biograd_rec_2_layers_float_transposed_loss_direct_frames_10_time_100364571_exp_shd_rsnn_float_2_layers_v0_30,100364571,50
2,0.5441392839627268,0.4982332155477031,9,"[256, 256]",0.5,0.5,"[0.2, 0.5]","[0.2, 0.5]","[1.0, 1.0]","[0.003, 0.003]","[0.001, 0.003]",0.003,"{'data_type': 'frame', 'duration': None, 'n_bins': 4, 'frames': 10, 'split_by': 'time'}","tensor([45.8227, 33.0236, 27.5792])","tensor([45.7198, 33.2796, 26.8856])","tensor([nan, nan])",0,0,grid_search_shd_rsnn_float_2_layers_v0/shd_biograd_rec_2_layers_float_transposed_loss_direct_frames_10_time_100364571_exp_shd_rsnn_float_2_layers_v0_2,100364571,50
11,0.4514467876410005,0.4558303886925795,12,"[256, 256]",0.5,0.5,"[0.2, 0.5]","[0.5, 1.0]","[1.0, 2.0]","[0.003, 0.003]","[0.001, 0.003]",0.003,"{'data_type': 'frame', 'duration': None, 'n_bins': 4, 'frames': 10, 'split_by': 'time'}","tensor([47.2178, 30.2005, 33.5032])","tensor([47.8305, 31.3860, 34.9100])","tensor([nan, nan])",0,0,grid_search_shd_rsnn_float_2_layers_v0/shd_biograd_rec_2_layers_float_transposed_loss_direct_frames_10_time_100364571_exp_shd_rsnn_float_2_layers_v0_11,100364571,50
93,0.1732466895537028,0.1824204946996466,5,"[256, 256]",0.5,0.5,"[2.0, 4.0]","[1.5, 1.5]","[0.3, 0.6]","[0.003, 0.003]","[0.001, 0.003]",0.003,"{'data_type': 'frame', 'duration': None, 'n_bins': 4, 'frames': 10, 'split_by': 'time'}","tensor([46.5753,  2.9988,  4.9862])","tensor([50.4935,  4.0349,  7.1288])","tensor([nan, nan])",0,0,grid_search_shd_rsnn_float_2_layers_v0/shd_biograd_rec_2_layers_float_transposed_loss_direct_frames_10_time_100364571_exp_shd_rsnn_float_2_layers_v0_93,100364571,50
69,0.3639038744482589,0.3489399293286219,6,"[256, 256]",0.5,0.5,"[1.5, 1.5]","[0.5, 1.0]","[0.3, 0.6]","[0.003, 0.003]","[0.001, 0.003]",0.003,"{'data_type': 'frame', 'duration': None, 'n_bins': 4, 'frames': 10, 'split_by': 'time'}","tensor([35.4186, 12.6143, 28.1200])","tensor([36.8405, 14.3789, 29.8018])","tensor([nan, nan])",0,0,grid_search_shd_rsnn_float_2_layers_v0/shd_biograd_rec_2_layers_float_transposed_loss_direct_frames_10_time_100364571_exp_shd_rsnn_float_2_layers_v0_69,100364571,50
95,0.0550514958312898,0.0684628975265017,3,"[256, 256]",0.5,0.5,"[2.0, 4.0]","[1.5, 1.5]","[1.0, 2.0]","[0.003, 0.003]","[0.001, 0.003]",0.003,"{'data_type': 'frame', 'duration': None, 'n_bins': 4, 'frames': 10, 'split_by': 'time'}","tensor([45.1875,  2.4494,  0.1231])","tensor([48.7735,  3.7862,  0.7421])","tensor([nan, nan])",0,0,grid_search_shd_rsnn_float_2_layers_v0/shd_biograd_rec_2_layers_float_transposed_loss_direct_frames_10_time_100364571_exp_shd_rsnn_float_2_layers_v0_95,100364571,50
84,0.170794507111329,0.1974381625441696,8,"[256, 256]",0.5,0.5,"[2.0, 4.0]","[0.7, 0.7]","[0.3, 0.3]","[0.003, 0.003]","[0.001, 0.003]",0.003,"{'data_type': 'frame', 'duration': None, 'n_bins': 4, 'frames': 10, 'split_by': 'time'}","tensor([51.9140,  3.1322, 12.9609])","tensor([56.7455,  3.9578, 18.3614])","tensor([nan, nan])",0,0,grid_search_shd_rsnn_float_2_layers_v0/shd_biograd_rec_2_layers_float_transposed_loss_direct_frames_10_time_100364571_exp_shd_rsnn_float_2_layers_v0_84,100364571,50
85,0.1243256498283472,0.1484098939929328,6,"[256, 256]",0.5,0.5,"[2.0, 4.0]","[0.7, 0.7]","[0.3, 0.6]","[0.003, 0.003]","[0.001, 0.003]",0.003,"{'data_type': 'frame', 'duration': None, 'n_bins': 4, 'frames': 10, 'split_by': 'time'}","tensor([47.3679,  1.9863,  2.9120])","tensor([51.6816,  2.5880,  4.4450])","tensor([nan, nan])",0,0,grid_search_shd_rsnn_float_2_layers_v0/shd_biograd_rec_2_layers_float_transposed_loss_direct_frames_10_time_100364571_exp_shd_rsnn_float_2_layers_v0_85,100364571,50
76,0.3073810691515449,0.359982332155477,5,"[256, 256]",0.5,0.5,"[1.5, 1.5]","[2.0, 4.0]","[0.3, 0.3]","[0.003, 0.003]","[0.001, 0.003]",0.003,"{'data_type': 'frame', 'duration': None, 'n_bins': 4, 'frames': 10, 'split_by': 'time'}","tensor([43.2513,  5.2364, 17.7000])","tensor([45.5889,  5.2341, 17.9101])","tensor([nan, nan])",0,0,grid_search_shd_rsnn_float_2_layers_v0/shd_biograd_rec_2_layers_float_transposed_loss_direct_frames_10_time_100364571_exp_shd_rsnn_float_2_layers_v0_76,100364571,50
90,0.0834968121628249,0.0724381625441696,5,"[256, 256]",0.5,0.5,"[2.0, 4.0]","[0.5, 1.0]","[1.0, 1.0]","[0.003, 0.003]","[0.001, 0.003]",0.003,"{'data_type': 'frame', 'duration': None, 'n_bins': 4, 'frames': 10, 'split_by': 'time'}","tensor([48.1313,  3.1142,  0.5344])","tensor([52.5154,  3.9491,  1.0824])","tensor([nan, nan])",0,0,grid_search_shd_rsnn_float_2_layers_v0/shd_biograd_rec_2_layers_float_transposed_loss_direct_frames_10_time_100364571_exp_shd_rsnn_float_2_layers_v0_90,100364571,50
49,0.4469102501226091,0.4381625441696113,6,"[256, 256]",0.5,0.5,"[0.5, 1.0]","[0.5, 1.0]","[0.3, 0.6]","[0.003, 0.003]","[0.001, 0.003]",0.003,"{'data_type': 'frame', 'duration': None, 'n_bins': 4, 'frames': 10, 'split_by': 'time'}","tensor([37.1891, 16.7154, 27.0008])","tensor([37.6945, 17.6986, 27.5825])","tensor([nan, nan])",0,0,grid_search_shd_rsnn_float_2_layers_v0/shd_biograd_rec_2_layers_float_transposed_loss_direct_frames_10_time_100364571_exp_shd_rsnn_float_2_layers_v0_49,100364571,50
65,0.3759195684158901,0.3701413427561837,6,"[256, 256]",0.5,0.5,"[1.5, 1.5]","[0.7, 0.7]","[0.3, 0.6]","[0.003, 0.003]","[0.001, 0.003]",0.003,"{'data_type': 'frame', 'duration': None, 'n_bins': 4, 'frames': 10, 'split_by': 'time'}","tensor([36.5627, 12.2808, 28.2672])","tensor([38.1182, 13.7688, 30.3973])","tensor([nan, nan])",0,0,grid_search_shd_rsnn_float_2_layers_v0/shd_biograd_rec_2_layers_float_transposed_loss_direct_frames_10_time_100364571_exp_shd_rsnn_float_2_layers_v0_65,100364571,50
42,0.3885483079941147,0.3992932862190813,6,"[256, 256]",0.5,0.5,"[0.5, 1.0]","[0.2, 0.5]","[1.0, 1.0]","[0.003, 0.003]","[0.001, 0.003]",0.003,"{'data_type': 'frame', 'duration': None, 'n_bins': 4, 'frames': 10, 'split_by': 'time'}","tensor([42.7925, 22.8031, 30.6826])","tensor([47.6253, 24.9608, 32.7726])","tensor([nan, nan])",0,0,grid_search_shd_rsnn_float_2_layers_v0/shd_biograd_rec_2_layers_float_transposed_loss_direct_frames_10_time_100364571_exp_shd_rsnn_float_2_layers_v0_42,100364571,50
94,0.0757724374693477,0.0764134275618374,4,"[256, 256]",0.5,0.5,"[2.0, 4.0]","[1.5, 1.5]","[1.0, 1.0]","[0.003, 0.003]","[0.001, 0.003]",0.003,"{'data_type': 'frame', 'duration': None, 'n_bins': 4, 'frames': 10, 'split_by': 'time'}","tensor([45.4733,  3.4839,  0.3598])","tensor([48.5426,  4.7260,  0.8587])","tensor([nan, nan])",0,0,grid_search_shd_rsnn_float_2_layers_v0/shd_biograd_rec_2_layers_float_transposed_loss_direct_frames_10_time_100364571_exp_shd_rsnn_float_2_layers_v0_94,100364571,50
70,0.3017410495340853,0.3330388692579505,4,"[256, 256]",0.5,0.5,"[1.5, 1.5]","[0.5, 1.0]","[1.0, 1.0]","[0.003, 0.003]","[0.001, 0.003]",0.003,"{'data_type': 'frame', 'duration': None, 'n_bins': 4, 'frames': 10, 'split_by': 'time'}","tensor([38.4299, 13.4417, 14.5648])","tensor([41.7253, 15.7216, 19.7815])","tensor([nan, nan])",0,0,grid_search_shd_rsnn_float_2_layers_v0/shd_biograd_rec_2_layers_float_transposed_loss_direct_frames_10_time_100364571_exp_shd_rsnn_float_2_layers_v0_70,100364571,50
97,0.1503187837175086,0.1934628975265017,3,"[256, 256]",0.5,0.5,"[2.0, 4.0]","[2.0, 4.0]","[0.3, 0.6]","[0.003, 0.003]","[0.001, 0.003]",0.003,"{'data_type': 'frame', 'duration': None, 'n_bins': 4, 'frames': 10, 'split_by': 'time'}","tensor([44.2233,  4.2292,  5.3184])","tensor([50.5455,  6.0857,  7.7379])","tensor([nan, nan])",0,0,grid_search_shd_rsnn_float_2_layers_v0/shd_biograd_rec_2_layers_float_transposed_loss_direct_frames_10_time_100364571_exp_shd_rsnn_float_2_layers_v0_97,100364571,50
26,0.4123344776851397,0.4125441696113074,6,"[256, 256]",0.5,0.5,"[0.7, 0.7]","[0.7, 0.7]","[1.0, 1.0]","[0.003, 0.003]","[0.001, 0.003]",0.003,"{'data_type': 'frame', 'duration': None, 'n_bins': 4, 'frames': 10, 'split_by': 'time'}","tensor([37.7731, 26.7224, 32.0856])","tensor([41.6785, 28.9894, 33.0612])","tensor([nan, nan])",0,0,grid_search_shd_rsnn_float_2_layers_v0/shd_biograd_rec_2_layers_float_transposed_loss_direct_frames_10_time_100364571_exp_shd_rsnn_float_2_layers_v0_26,100364571,50
58,0.2945071113290828,0.3555653710247349,3,"[256, 256]",0.5,0.5,"[0.5, 1.0]","[2.0, 4.0]","[1.0, 1.0]","[0.003, 0.003]","[0.001, 0.003]",0.003,"{'data_type': 'frame', 'duration': None, 'n_bins': 4, 'frames': 10, 'split_by': 'time'}","tensor([39.5385, 10.7293,  9.0478])","tensor([45.0454, 11.2770, 12.0679])","tensor([nan, nan])",0,0,grid_search_shd_rsnn_float_2_layers_v0/shd_biograd_rec_2_layers_float_transposed_loss_direct_frames_10_time_100364571_exp_shd_rsnn_float_2_layers_v0_58,100364571,50
15,0.4412702305051496,0.4191696113074205,5,"[256, 256]",0.5,0.5,"[0.2, 0.5]","[1.5, 1.5]","[1.0, 2.0]","[0.003, 0.003]","[0.001, 0.003]",0.003,"{'data_type': 'frame', 'duration': None, 'n_bins': 4, 'frames': 10, 'split_by': 'time'}","tensor([43.0171, 26.0792, 24.7287])","tensor([43.6781, 26.1003, 25.4506])","tensor([nan, nan])",0,0,grid_search_shd_rsnn_float_2_layers_v0/shd_biograd_rec_2_layers_float_transposed_loss_direct_frames_10_time_100364571_exp_shd_rsnn_float_2_layers_v0_15,100364571,50
33,0.4667729279058362,0.4456713780918728,7,"[256, 256]",0.5,0.5,"[0.7, 0.7]","[1.5, 1.5]","[0.3, 0.6]","[0.003, 0.003]","[0.001, 0.003]",0.003,"{'data_type': 'frame', 'duration': None, 'n_bins': 4, 'frames': 10, 'split_by': 'time'}","tensor([35.9925, 15.1958, 26.2442])","tensor([38.0944, 16.0445, 26.1656])","tensor([nan, nan])",0,0,grid_search_shd_rsnn_float_2_layers_v0/shd_biograd_rec_2_layers_float_transposed_loss_direct_frames_10_time_100364571_exp_shd_rsnn_float_2_layers_v0_33,100364571,50
60,0.3566699362432565,0.3657243816254417,7,"[256, 256]",0.5,0.5,"[1.5, 1.5]","[0.2, 0.5]","[0.3, 0.3]","[0.003, 0.003]","[0.001, 0.003]",0.003,"{'data_type': 'frame', 'duration': None, 'n_bins': 4, 'frames': 10, 'split_by': 'time'}","tensor([38.5181, 12.3464, 25.8086])","tensor([40.1027, 13.3365, 26.0417])","tensor([nan, nan])",0,0,grid_search_shd_rsnn_float_2_layers_v0/shd_biograd_rec_2_layers_float_transposed_loss_direct_frames_10_time_100364571_exp_shd_rsnn_float_2_layers_v0_60,100364571,50
34,0.4385728298185385,0.4297703180212014,5,"[256, 256]",0.5,0.5,"[0.7, 0.7]","[1.5, 1.5]","[1.0, 1.0]","[0.003, 0.003]","[0.001, 0.003]",0.003,"{'data_type': 'frame', 'duration': None, 'n_bins': 4, 'frames': 10, 'split_by': 'time'}","tensor([36.7025, 19.7615, 25.9942])","tensor([38.1267, 21.0188, 28.1942])","tensor([nan, nan])",0,0,grid_search_shd_rsnn_float_2_layers_v0/shd_biograd_rec_2_layers_float_transposed_loss_direct_frames_10_time_100364571_exp_shd_rsnn_float_2_layers_v0_34,100364571,50
41,0.4695929377145659,0.4659893992932862,8,"[256, 256]",0.5,0.5,"[0.5, 1.0]","[0.2, 0.5]","[0.3, 0.6]","[0.003, 0.003]","[0.001, 0.003]",0.003,"{'data_type': 'frame', 'duration': None, 'n_bins': 4, 'frames': 10, 'split_by': 'time'}","tensor([37.8380, 18.5638, 27.1721])","tensor([39.7209, 20.0689, 27.0654])","tensor([nan, nan])",0,0,grid_search_shd_rsnn_float_2_layers_v0/shd_biograd_rec_2_layers_float_transposed_loss_direct_frames_10_time_100364571_exp_shd_rsnn_float_2_layers_v0_41,100364571,50
32,0.5117704757233938,0.4902826855123675,8,"[256, 256]",0.5,0.5,"[0.7, 0.7]","[1.5, 1.5]","[0.3, 0.3]","[0.003, 0.003]","[0.001, 0.003]",0.003,"{'data_type': 'frame', 'duration': None, 'n_bins': 4, 'frames': 10, 'split_by': 'time'}","tensor([35.4878, 16.1217, 21.2053])","tensor([38.1935, 17.0641, 20.7462])","tensor([nan, nan])",0,0,grid_search_shd_rsnn_float_2_layers_v0/shd_biograd_rec_2_layers_float_transposed_loss_direct_frames_10_time_100364571_exp_shd_rsnn_float_2_layers_v0_32,100364571,50
1,0.4846738597351643,0.4757067137809187,6,"[256, 256]",0.5,0.5,"[0.2, 0.5]","[0.2, 0.5]","[0.3, 0.6]","[0.003, 0.003]","[0.001, 0.003]",0.003,"{'data_type': 'frame', 'duration': None, 'n_bins': 4, 'frames': 10, 'split_by': 'time'}","tensor([35.0870, 23.6287, 28.2166])","tensor([34.8526, 24.1684, 28.6601])","tensor([nan, nan])",0,0,grid_search_shd_rsnn_float_2_layers_v0/shd_biograd_rec_2_layers_float_transposed_loss_direct_frames_10_time_100364571_exp_shd_rsnn_float_2_layers_v0_1,100364571,50
43,0.3721186856302109,0.4156360424028268,4,"[256, 256]",0.5,0.5,"[0.5, 1.0]","[0.2, 0.5]","[1.0, 2.0]","[0.003, 0.003]","[0.001, 0.003]",0.003,"{'data_type': 'frame', 'duration': None, 'n_bins': 4, 'frames': 10, 'split_by': 'time'}","tensor([39.4513, 21.6145, 15.2253])","tensor([42.3787, 23.5864, 18.5017])","tensor([nan, nan])",0,0,grid_search_shd_rsnn_float_2_layers_v0/shd_biograd_rec_2_layers_float_transposed_loss_direct_frames_10_time_100364571_exp_shd_rsnn_float_2_layers_v0_43,100364571,50
59,0.2248651299656694,0.269434628975265,2,"[256, 256]",0.5,0.5,"[0.5, 1.0]","[2.0, 4.0]","[1.0, 2.0]","[0.003, 0.003]","[0.001, 0.003]",0.003,"{'data_type': 'frame', 'duration': None, 'n_bins': 4, 'frames': 10, 'split_by': 'time'}","tensor([39.0283, 10.9781,  3.3254])","tensor([40.9951, 11.1788,  5.1076])","tensor([nan, nan])",0,0,grid_search_shd_rsnn_float_2_layers_v0/shd_biograd_rec_2_layers_float_transposed_loss_direct_frames_10_time_100364571_exp_shd_rsnn_float_2_layers_v0_59,100364571,50
57,0.3992153016184404,0.4121024734982332,5,"[256, 256]",0.5,0.5,"[0.5, 1.0]","[2.0, 4.0]","[0.3, 0.6]","[0.003, 0.003]","[0.001, 0.003]",0.003,"{'data_type': 'frame', 'duration': None, 'n_bins': 4, 'frames': 10, 'split_by': 'time'}","tensor([40.3174,  7.7552, 19.1424])","tensor([41.1380,  7.6484, 19.0750])","tensor([nan, nan])",0,0,grid_search_shd_rsnn_float_2_layers_v0/shd_biograd_rec_2_layers_float_transposed_loss_direct_frames_10_time_100364571_exp_shd_rsnn_float_2_layers_v0_57,100364571,50
71,0.2411721432074546,0.3016784452296819,3,"[256, 256]",0.5,0.5,"[1.5, 1.5]","[0.5, 1.0]","[1.0, 2.0]","[0.003, 0.003]","[0.001, 0.003]",0.003,"{'data_type': 'frame', 'duration': None, 'n_bins': 4, 'frames': 10, 'split_by': 'time'}","tensor([37.3672, 13.4416,  6.4569])","tensor([39.0842, 15.3625,  9.4246])","tensor([nan, nan])",0,0,grid_search_shd_rsnn_float_2_layers_v0/shd_biograd_rec_2_layers_float_transposed_loss_direct_frames_10_time_100364571_exp_shd_rsnn_float_2_layers_v0_71,100364571,50
8,0.4706964198136341,0.4620141342756184,6,"[256, 256]",0.5,0.5,"[0.2, 0.5]","[0.5, 1.0]","[0.3, 0.3]","[0.003, 0.003]","[0.001, 0.003]",0.003,"{'data_type': 'frame', 'duration': None, 'n_bins': 4, 'frames': 10, 'split_by': 'time'}","tensor([34.9693, 20.6115, 22.6683])","tensor([34.0252, 20.8130, 22.1931])","tensor([nan, nan])",0,0,grid_search_shd_rsnn_float_2_layers_v0/shd_biograd_rec_2_layers_float_transposed_loss_direct_frames_10_time_100364571_exp_shd_rsnn_float_2_layers_v0_8,100364571,50
82,0.0782246199117214,0.0940812720848056,7,"[256, 256]",0.5,0.5,"[2.0, 4.0]","[0.2, 0.5]","[1.0, 1.0]","[0.003, 0.003]","[0.001, 0.003]",0.003,"{'data_type': 'frame', 'duration': None, 'n_bins': 4, 'frames': 10, 'split_by': 'time'}","tensor([54.7163,  3.9527,  0.5401])","tensor([59.2730,  4.3370,  0.9231])","tensor([nan, nan])",0,0,grid_search_shd_rsnn_float_2_layers_v0/shd_biograd_rec_2_layers_float_transposed_loss_direct_frames_10_time_100364571_exp_shd_rsnn_float_2_layers_v0_82,100364571,50
17,0.4155223148602256,0.3909010600706714,5,"[256, 256]",0.5,0.5,"[0.2, 0.5]","[2.0, 4.0]","[0.3, 0.6]","[0.003, 0.003]","[0.001, 0.003]",0.003,"{'data_type': 'frame', 'duration': None, 'n_bins': 4, 'frames': 10, 'split_by': 'time'}","tensor([34.7753, 14.9402, 26.9115])","tensor([35.4809, 14.6507, 25.9119])","tensor([nan, nan])",0,0,grid_search_shd_rsnn_float_2_layers_v0/shd_biograd_rec_2_layers_float_transposed_loss_direct_frames_10_time_100364571_exp_shd_rsnn_float_2_layers_v0_17,100364571,50
46,0.3993379107405591,0.4001766784452297,6,"[256, 256]",0.5,0.5,"[0.5, 1.0]","[0.7, 0.7]","[1.0, 1.0]","[0.003, 0.003]","[0.001, 0.003]",0.003,"{'data_type': 'frame', 'duration': None, 'n_bins': 4, 'frames': 10, 'split_by': 'time'}","tensor([41.4637, 23.4039, 30.6538])","tensor([45.8437, 25.3999, 31.8460])","tensor([nan, nan])",0,0,grid_search_shd_rsnn_float_2_layers_v0/shd_biograd_rec_2_layers_float_transposed_loss_direct_frames_10_time_100364571_exp_shd_rsnn_float_2_layers_v0_46,100364571,50
44,0.4838155958803335,0.4704063604240283,8,"[256, 256]",0.5,0.5,"[0.5, 1.0]","[0.7, 0.7]","[0.3, 0.3]","[0.003, 0.003]","[0.001, 0.003]",0.003,"{'data_type': 'frame', 'duration': None, 'n_bins': 4, 'frames': 10, 'split_by': 'time'}","tensor([38.7376, 18.6480, 21.1857])","tensor([41.9690, 20.3503, 21.2894])","tensor([nan, nan])",0,0,grid_search_shd_rsnn_float_2_layers_v0/shd_biograd_rec_2_layers_float_transposed_loss_direct_frames_10_time_100364571_exp_shd_rsnn_float_2_layers_v0_44,100364571,50
37,0.4350171652770966,0.4328621908127208,6,"[256, 256]",0.5,0.5,"[0.7, 0.7]","[2.0, 4.0]","[0.3, 0.6]","[0.003, 0.003]","[0.001, 0.003]",0.003,"{'data_type': 'frame', 'duration': None, 'n_bins': 4, 'frames': 10, 'split_by': 'time'}","tensor([36.7914, 11.3445, 24.6052])","tensor([39.8385, 11.8296, 25.2941])","tensor([nan, nan])",0,0,grid_search_shd_rsnn_float_2_layers_v0/shd_biograd_rec_2_layers_float_transposed_loss_direct_frames_10_time_100364571_exp_shd_rsnn_float_2_layers_v0_37,100364571,50
16,0.4351397743992153,0.4222614840989399,6,"[256, 256]",0.5,0.5,"[0.2, 0.5]","[2.0, 4.0]","[0.3, 0.3]","[0.003, 0.003]","[0.001, 0.003]",0.003,"{'data_type': 'frame', 'duration': None, 'n_bins': 4, 'frames': 10, 'split_by': 'time'}","tensor([35.3590, 16.8492, 22.5633])","tensor([35.9627, 16.9133, 21.9951])","tensor([nan, nan])",0,0,grid_search_shd_rsnn_float_2_layers_v0/shd_biograd_rec_2_layers_float_transposed_loss_direct_frames_10_time_100364571_exp_shd_rsnn_float_2_layers_v0_16,100364571,50
3,0.4736390387444826,0.4372791519434629,7,"[256, 256]",0.5,0.5,"[0.2, 0.5]","[0.2, 0.5]","[1.0, 2.0]","[0.003, 0.003]","[0.001, 0.003]",0.003,"{'data_type': 'frame', 'duration': None, 'n_bins': 4, 'frames': 10, 'split_by': 'time'}","tensor([43.9175, 32.5566, 30.2744])","tensor([45.2710, 33.6648, 30.9776])","tensor([nan, nan])",0,0,grid_search_shd_rsnn_float_2_layers_v0/shd_biograd_rec_2_layers_float_transposed_loss_direct_frames_10_time_100364571_exp_shd_rsnn_float_2_layers_v0_3,100364571,50
47,0.3654977930358019,0.4054770318021201,4,"[256, 256]",0.5,0.5,"[0.5, 1.0]","[0.7, 0.7]","[1.0, 2.0]","[0.003, 0.003]","[0.001, 0.003]",0.003,"{'data_type': 'frame', 'duration': None, 'n_bins': 4, 'frames': 10, 'split_by': 'time'}","tensor([39.7544, 22.5176, 16.7615])","tensor([43.2284, 24.8587, 20.1014])","tensor([nan, nan])",0,0,grid_search_shd_rsnn_float_2_layers_v0/shd_biograd_rec_2_layers_float_transposed_loss_direct_frames_10_time_100364571_exp_shd_rsnn_float_2_layers_v0_47,100364571,50
13,0.4740068661108386,0.4783568904593639,6,"[256, 256]",0.5,0.5,"[0.2, 0.5]","[1.5, 1.5]","[0.3, 0.6]","[0.003, 0.003]","[0.001, 0.003]",0.003,"{'data_type': 'frame', 'duration': None, 'n_bins': 4, 'frames': 10, 'split_by': 'time'}","tensor([35.3880, 16.7490, 27.4050])","tensor([35.4017, 16.9503, 27.1414])","tensor([nan, nan])",0,0,grid_search_shd_rsnn_float_2_layers_v0/shd_biograd_rec_2_layers_float_transposed_loss_direct_frames_10_time_100364571_exp_shd_rsnn_float_2_layers_v0_13,100364571,50
4,0.5003678273663561,0.4496466431095406,7,"[256, 256]",0.5,0.5,"[0.2, 0.5]","[0.7, 0.7]","[0.3, 0.3]","[0.003, 0.003]","[0.001, 0.003]",0.003,"{'data_type': 'frame', 'duration': None, 'n_bins': 4, 'frames': 10, 'split_by': 'time'}","tensor([33.8104, 22.1848, 21.8929])","tensor([33.3068, 22.5762, 21.0536])","tensor([nan, nan])",0,0,grid_search_shd_rsnn_float_2_layers_v0/shd_biograd_rec_2_layers_float_transposed_loss_direct_frames_10_time_100364571_exp_shd_rsnn_float_2_layers_v0_4,100364571,50
19,0.3791074055909759,0.4156360424028268,3,"[256, 256]",0.5,0.5,"[0.2, 0.5]","[2.0, 4.0]","[1.0, 2.0]","[0.003, 0.003]","[0.001, 0.003]",0.003,"{'data_type': 'frame', 'duration': None, 'n_bins': 4, 'frames': 10, 'split_by': 'time'}","tensor([39.5820, 20.9768, 13.3680])","tensor([42.2607, 21.0592, 15.3137])","tensor([nan, nan])",0,0,grid_search_shd_rsnn_float_2_layers_v0/shd_biograd_rec_2_layers_float_transposed_loss_direct_frames_10_time_100364571_exp_shd_rsnn_float_2_layers_v0_19,100364571,50
52,0.3829082883766552,0.4262367491166077,4,"[256, 256]",0.5,0.5,"[0.5, 1.0]","[1.5, 1.5]","[0.3, 0.3]","[0.003, 0.003]","[0.001, 0.003]",0.003,"{'data_type': 'frame', 'duration': None, 'n_bins': 4, 'frames': 10, 'split_by': 'time'}","tensor([37.4115, 12.0500, 23.1408])","tensor([37.3035, 12.5095, 22.7762])","tensor([nan, nan])",0,0,grid_search_shd_rsnn_float_2_layers_v0/shd_biograd_rec_2_layers_float_transposed_loss_direct_frames_10_time_100364571_exp_shd_rsnn_float_2_layers_v0_52,100364571,50
99,0.0626532614026483,0.0689045936395759,2,"[256, 256]",0.5,0.5,"[2.0, 4.0]","[2.0, 4.0]","[1.0, 2.0]","[0.003, 0.003]","[0.001, 0.003]",0.003,"{'data_type': 'frame', 'duration': None, 'n_bins': 4, 'frames': 10, 'split_by': 'time'}","tensor([40.2633,  2.8693,  0.1083])","tensor([44.7167,  5.2329,  0.3029])","tensor([nan, nan])",0,0,grid_search_shd_rsnn_float_2_layers_v0/shd_biograd_rec_2_layers_float_transposed_loss_direct_frames_10_time_100364571_exp_shd_rsnn_float_2_layers_v0_99,100364571,50
56,0.4357528200098087,0.4743816254416961,6,"[256, 256]",0.5,0.5,"[0.5, 1.0]","[2.0, 4.0]","[0.3, 0.3]","[0.003, 0.003]","[0.001, 0.003]",0.003,"{'data_type': 'frame', 'duration': None, 'n_bins': 4, 'frames': 10, 'split_by': 'time'}","tensor([43.7785,  8.0960, 20.0748])","tensor([47.7787,  8.6115, 20.9218])","tensor([nan, nan])",0,0,grid_search_shd_rsnn_float_2_layers_v0/shd_biograd_rec_2_layers_float_transposed_loss_direct_frames_10_time_100364571_exp_shd_rsnn_float_2_layers_v0_56,100364571,50
55,0.3277341834232466,0.3803003533568904,3,"[256, 256]",0.5,0.5,"[0.5, 1.0]","[1.5, 1.5]","[1.0, 2.0]","[0.003, 0.003]","[0.001, 0.003]",0.003,"{'data_type': 'frame', 'duration': None, 'n_bins': 4, 'frames': 10, 'split_by': 'time'}","tensor([40.3048, 17.7931, 11.1611])","tensor([42.8191, 19.8301, 14.1339])","tensor([nan, nan])",0,0,grid_search_shd_rsnn_float_2_layers_v0/shd_biograd_rec_2_layers_float_transposed_loss_direct_frames_10_time_100364571_exp_shd_rsnn_float_2_layers_v0_55,100364571,50
35,0.4321971554683668,0.4602473498233215,8,"[256, 256]",0.5,0.5,"[0.7, 0.7]","[1.5, 1.5]","[1.0, 2.0]","[0.003, 0.003]","[0.001, 0.003]",0.003,"{'data_type': 'frame', 'duration': None, 'n_bins': 4, 'frames': 10, 'split_by': 'time'}","tensor([43.7398, 25.0577, 28.0882])","tensor([42.8415, 26.0643, 28.8714])","tensor([nan, nan])",0,0,grid_search_shd_rsnn_float_2_layers_v0/shd_biograd_rec_2_layers_float_transposed_loss_direct_frames_10_time_100364571_exp_shd_rsnn_float_2_layers_v0_35,100364571,50
27,0.4047327121137812,0.4045936395759717,5,"[256, 256]",0.5,0.5,"[0.7, 0.7]","[0.7, 0.7]","[1.0, 2.0]","[0.003, 0.003]","[0.001, 0.003]",0.003,"{'data_type': 'frame', 'duration': None, 'n_bins': 4, 'frames': 10, 'split_by': 'time'}","tensor([36.4200, 26.7981, 26.0994])","tensor([37.3532, 27.8033, 28.3064])","tensor([nan, nan])",0,0,grid_search_shd_rsnn_float_2_layers_v0/shd_biograd_rec_2_layers_float_transposed_loss_direct_frames_10_time_100364571_exp_shd_rsnn_float_2_layers_v0_27,100364571,50
83,0.0532123589995095,0.060512367491166,5,"[256, 256]",0.5,0.5,"[2.0, 4.0]","[0.2, 0.5]","[1.0, 2.0]","[0.003, 0.003]","[0.001, 0.003]",0.003,"{'data_type': 'frame', 'duration': None, 'n_bins': 4, 'frames': 10, 'split_by': 'time'}","tensor([50.3294,  2.4189,  0.0796])","tensor([55.5378,  3.1577,  0.3231])","tensor([nan, nan])",0,0,grid_search_shd_rsnn_float_2_layers_v0/shd_biograd_rec_2_layers_float_transposed_loss_direct_frames_10_time_100364571_exp_shd_rsnn_float_2_layers_v0_83,100364571,50
38,0.3228298185384993,0.3798586572438162,3,"[256, 256]",0.5,0.5,"[0.7, 0.7]","[2.0, 4.0]","[1.0, 1.0]","[0.003, 0.003]","[0.001, 0.003]",0.003,"{'data_type': 'frame', 'duration': None, 'n_bins': 4, 'frames': 10, 'split_by': 'time'}","tensor([36.1004, 14.6202, 13.0780])","tensor([36.8157, 14.9082, 15.9189])","tensor([nan, nan])",0,0,grid_search_shd_rsnn_float_2_layers_v0/shd_biograd_rec_2_layers_float_transposed_loss_direct_frames_10_time_100364571_exp_shd_rsnn_float_2_layers_v0_38,100364571,50
98,0.0566454144188327,0.0803886925795053,2,"[256, 256]",0.5,0.5,"[2.0, 4.0]","[2.0, 4.0]","[1.0, 1.0]","[0.003, 0.003]","[0.001, 0.003]",0.003,"{'data_type': 'frame', 'duration': None, 'n_bins': 4, 'frames': 10, 'split_by': 'time'}","tensor([39.5197,  2.5574,  0.0617])","tensor([42.0773,  4.4956,  0.1812])","tensor([nan, nan])",0,0,grid_search_shd_rsnn_float_2_layers_v0/shd_biograd_rec_2_layers_float_transposed_loss_direct_frames_10_time_100364571_exp_shd_rsnn_float_2_layers_v0_98,100364571,50
50,0.3905100539480137,0.3842756183745583,5,"[256, 256]",0.5,0.5,"[0.5, 1.0]","[0.5, 1.0]","[1.0, 1.0]","[0.003, 0.003]","[0.001, 0.003]",0.003,"{'data_type': 'frame', 'duration': None, 'n_bins': 4, 'frames': 10, 'split_by': 'time'}","tensor([38.8496, 20.8303, 29.0962])","tensor([42.2220, 22.7756, 32.3074])","tensor([nan, nan])",0,0,grid_search_shd_rsnn_float_2_layers_v0/shd_biograd_rec_2_layers_float_transposed_loss_direct_frames_10_time_100364571_exp_shd_rsnn_float_2_layers_v0_50,100364571,50
62,0.2713339872486513,0.3025618374558304,4,"[256, 256]",0.5,0.5,"[1.5, 1.5]","[0.2, 0.5]","[1.0, 1.0]","[0.003, 0.003]","[0.001, 0.003]",0.003,"{'data_type': 'frame', 'duration': None, 'n_bins': 4, 'frames': 10, 'split_by': 'time'}","tensor([36.5060, 11.7687, 10.3197])","tensor([39.2754, 13.6741, 15.4554])","tensor([nan, nan])",0,0,grid_search_shd_rsnn_float_2_layers_v0/shd_biograd_rec_2_layers_float_transposed_loss_direct_frames_10_time_100364571_exp_shd_rsnn_float_2_layers_v0_62,100364571,50
40,0.4752329573320255,0.4602473498233215,8,"[256, 256]",0.5,0.5,"[0.5, 1.0]","[0.2, 0.5]","[0.3, 0.3]","[0.003, 0.003]","[0.001, 0.003]",0.003,"{'data_type': 'frame', 'duration': None, 'n_bins': 4, 'frames': 10, 'split_by': 'time'}","tensor([35.2973, 16.6678, 22.2740])","tensor([36.8110, 17.8104, 22.3968])","tensor([nan, nan])",0,0,grid_search_shd_rsnn_float_2_layers_v0/shd_biograd_rec_2_layers_float_transposed_loss_direct_frames_10_time_100364571_exp_shd_rsnn_float_2_layers_v0_40,100364571,50
78,0.1715301618440411,0.2128975265017667,2,"[256, 256]",0.5,0.5,"[1.5, 1.5]","[2.0, 4.0]","[1.0, 1.0]","[0.003, 0.003]","[0.001, 0.003]",0.003,"{'data_type': 'frame', 'duration': None, 'n_bins': 4, 'frames': 10, 'split_by': 'time'}","tensor([36.5346,  6.2151,  1.6237])","tensor([39.1113,  7.0973,  3.6998])","tensor([nan, nan])",0,0,grid_search_shd_rsnn_float_2_layers_v0/shd_biograd_rec_2_layers_float_transposed_loss_direct_frames_10_time_100364571_exp_shd_rsnn_float_2_layers_v0_78,100364571,50
72,0.3195193722412947,0.3484982332155477,4,"[256, 256]",0.5,0.5,"[1.5, 1.5]","[1.5, 1.5]","[0.3, 0.3]","[0.003, 0.003]","[0.001, 0.003]",0.003,"{'data_type': 'frame', 'duration': None, 'n_bins': 4, 'frames': 10, 'split_by': 'time'}","tensor([37.0559,  9.2921, 24.1467])","tensor([38.1414, 10.5408, 26.1775])","tensor([nan, nan])",0,0,grid_search_shd_rsnn_float_2_layers_v0/shd_biograd_rec_2_layers_float_transposed_loss_direct_frames_10_time_100364571_exp_shd_rsnn_float_2_layers_v0_72,100364571,50
96,0.1484796468857283,0.1731448763250883,3,"[256, 256]",0.5,0.5,"[2.0, 4.0]","[2.0, 4.0]","[0.3, 0.3]","[0.003, 0.003]","[0.001, 0.003]",0.003,"{'data_type': 'frame', 'duration': None, 'n_bins': 4, 'frames': 10, 'split_by': 'time'}","tensor([43.9768,  3.7984,  5.9435])","tensor([51.2264,  5.6250,  8.8778])","tensor([nan, nan])",0,0,grid_search_shd_rsnn_float_2_layers_v0/shd_biograd_rec_2_layers_float_transposed_loss_direct_frames_10_time_100364571_exp_shd_rsnn_float_2_layers_v0_96,100364571,50
77,0.3278567925453653,0.3798586572438162,5,"[256, 256]",0.5,0.5,"[1.5, 1.5]","[2.0, 4.0]","[0.3, 0.6]","[0.003, 0.003]","[0.001, 0.003]",0.003,"{'data_type': 'frame', 'duration': None, 'n_bins': 4, 'frames': 10, 'split_by': 'time'}","tensor([40.6828,  5.5082, 14.5272])","tensor([44.6000,  5.8488, 15.4767])","tensor([nan, nan])",0,0,grid_search_shd_rsnn_float_2_layers_v0/shd_biograd_rec_2_layers_float_transposed_loss_direct_frames_10_time_100364571_exp_shd_rsnn_float_2_layers_v0_77,100364571,50
28,0.4519372241294752,0.4642226148409894,6,"[256, 256]",0.5,0.5,"[0.7, 0.7]","[0.5, 1.0]","[0.3, 0.3]","[0.003, 0.003]","[0.001, 0.003]",0.003,"{'data_type': 'frame', 'duration': None, 'n_bins': 4, 'frames': 10, 'split_by': 'time'}","tensor([33.0613, 16.8804, 21.7700])","tensor([32.8195, 17.4027, 22.1388])","tensor([nan, nan])",0,0,grid_search_shd_rsnn_float_2_layers_v0/shd_biograd_rec_2_layers_float_transposed_loss_direct_frames_10_time_100364571_exp_shd_rsnn_float_2_layers_v0_28,100364571,50
54,0.3262628739578224,0.3811837455830388,3,"[256, 256]",0.5,0.5,"[0.5, 1.0]","[1.5, 1.5]","[1.0, 1.0]","[0.003, 0.003]","[0.001, 0.003]",0.003,"{'data_type': 'frame', 'duration': None, 'n_bins': 4, 'frames': 10, 'split_by': 'time'}","tensor([38.0988, 15.1382, 15.2018])","tensor([39.1425, 16.3413, 19.2944])","tensor([nan, nan])",0,0,grid_search_shd_rsnn_float_2_layers_v0/shd_biograd_rec_2_layers_float_transposed_loss_direct_frames_10_time_100364571_exp_shd_rsnn_float_2_layers_v0_54,100364571,50
75,0.244114762138303,0.2809187279151943,3,"[256, 256]",0.5,0.5,"[1.5, 1.5]","[1.5, 1.5]","[1.0, 2.0]","[0.003, 0.003]","[0.001, 0.003]",0.003,"{'data_type': 'frame', 'duration': None, 'n_bins': 4, 'frames': 10, 'split_by': 'time'}","tensor([39.0898, 14.0140,  7.1086])","tensor([41.3924, 16.4208, 10.2595])","tensor([nan, nan])",0,0,grid_search_shd_rsnn_float_2_layers_v0/shd_biograd_rec_2_layers_float_transposed_loss_direct_frames_10_time_100364571_exp_shd_rsnn_float_2_layers_v0_75,100364571,50
9,0.4966895537027955,0.4624558303886926,6,"[256, 256]",0.5,0.5,"[0.2, 0.5]","[0.5, 1.0]","[0.3, 0.6]","[0.003, 0.003]","[0.001, 0.003]",0.003,"{'data_type': 'frame', 'duration': None, 'n_bins': 4, 'frames': 10, 'split_by': 'time'}","tensor([35.5486, 19.6506, 26.6725])","tensor([35.1041, 19.6943, 26.0258])","tensor([nan, nan])",0,0,grid_search_shd_rsnn_float_2_layers_v0/shd_biograd_rec_2_layers_float_transposed_loss_direct_frames_10_time_100364571_exp_shd_rsnn_float_2_layers_v0_9,100364571,50
48,0.4702059833251594,0.4443462897526501,8,"[256, 256]",0.5,0.5,"[0.5, 1.0]","[0.5, 1.0]","[0.3, 0.3]","[0.003, 0.003]","[0.001, 0.003]",0.003,"{'data_type': 'frame', 'duration': None, 'n_bins': 4, 'frames': 10, 'split_by': 'time'}","tensor([39.7357, 18.6698, 21.6984])","tensor([44.4804, 20.7149, 21.6579])","tensor([nan, nan])",0,0,grid_search_shd_rsnn_float_2_layers_v0/shd_biograd_rec_2_layers_float_transposed_loss_direct_frames_10_time_100364571_exp_shd_rsnn_float_2_layers_v0_48,100364571,50
20,0.5045365375183913,0.4743816254416961,9,"[256, 256]",0.5,0.5,"[0.7, 0.7]","[0.2, 0.5]","[0.3, 0.3]","[0.003, 0.003]","[0.001, 0.003]",0.003,"{'data_type': 'frame', 'duration': None, 'n_bins': 4, 'frames': 10, 'split_by': 'time'}","tensor([33.5778, 21.6181, 21.5867])","tensor([34.8257, 22.4111, 21.3190])","tensor([nan, nan])",0,0,grid_search_shd_rsnn_float_2_layers_v0/shd_biograd_rec_2_layers_float_transposed_loss_direct_frames_10_time_100364571_exp_shd_rsnn_float_2_layers_v0_20,100364571,50
6,0.5071113290828838,0.4942579505300353,8,"[256, 256]",0.5,0.5,"[0.2, 0.5]","[0.7, 0.7]","[1.0, 1.0]","[0.003, 0.003]","[0.001, 0.003]",0.003,"{'data_type': 'frame', 'duration': None, 'n_bins': 4, 'frames': 10, 'split_by': 'time'}","tensor([43.0768, 31.6620, 28.9842])","tensor([47.5571, 33.2401, 28.8787])","tensor([nan, nan])",0,0,grid_search_shd_rsnn_float_2_layers_v0/shd_biograd_rec_2_layers_float_transposed_loss_direct_frames_10_time_100364571_exp_shd_rsnn_float_2_layers_v0_6,100364571,50
22,0.4318293281020108,0.4174028268551237,7,"[256, 256]",0.5,0.5,"[0.7, 0.7]","[0.2, 0.5]","[1.0, 1.0]","[0.003, 0.003]","[0.001, 0.003]",0.003,"{'data_type': 'frame', 'duration': None, 'n_bins': 4, 'frames': 10, 'split_by': 'time'}","tensor([40.7780, 27.1615, 30.4947])","tensor([44.5680, 28.6976, 30.5523])","tensor([nan, nan])",0,0,grid_search_shd_rsnn_float_2_layers_v0/shd_biograd_rec_2_layers_float_transposed_loss_direct_frames_10_time_100364571_exp_shd_rsnn_float_2_layers_v0_22,100364571,50
25,0.5684158901422266,0.549469964664311,26,"[256, 256]",0.5,0.5,"[0.7, 0.7]","[0.7, 0.7]","[0.3, 0.6]","[0.003, 0.003]","[0.001, 0.003]",0.003,"{'data_type': 'frame', 'duration': None, 'n_bins': 4, 'frames': 10, 'split_by': 'time'}","tensor([46.0739, 25.9091, 24.2278])","tensor([46.5176, 26.1386, 25.2041])","tensor([nan, nan])",0,0,grid_search_shd_rsnn_float_2_layers_v0/shd_biograd_rec_2_layers_float_transposed_loss_direct_frames_10_time_100364571_exp_shd_rsnn_float_2_layers_v0_25,100364571,50
21,0.5494114762138304,0.5207597173144877,12,"[256, 256]",0.5,0.5,"[0.7, 0.7]","[0.2, 0.5]","[0.3, 0.6]","[0.003, 0.003]","[0.001, 0.003]",0.003,"{'data_type': 'frame', 'duration': None, 'n_bins': 4, 'frames': 10, 'split_by': 'time'}","tensor([45.2674, 26.2600, 22.1431])","tensor([47.4623, 26.7831, 22.4650])","tensor([nan, nan])",0,0,grid_search_shd_rsnn_float_2_layers_v0/shd_biograd_rec_2_layers_float_transposed_loss_direct_frames_10_time_100364571_exp_shd_rsnn_float_2_layers_v0_21,100364571,50
0,0.4749877390877881,0.4474381625441696,6,"[256, 256]",0.5,0.5,"[0.2, 0.5]","[0.2, 0.5]","[0.3, 0.3]","[0.003, 0.003]","[0.001, 0.003]",0.003,"{'data_type': 'frame', 'duration': None, 'n_bins': 4, 'frames': 10, 'split_by': 'time'}","tensor([33.8876, 23.5093, 23.6334])","tensor([33.1914, 23.9933, 23.8860])","tensor([nan, nan])",0,0,grid_search_shd_rsnn_float_2_layers_v0/shd_biograd_rec_2_layers_float_transposed_loss_direct_frames_10_time_100364571_exp_shd_rsnn_float_2_layers_v0_0,100364571,50
39,0.2606669936243256,0.3295053003533569,2,"[256, 256]",0.5,0.5,"[0.7, 0.7]","[2.0, 4.0]","[1.0, 2.0]","[0.003, 0.003]","[0.001, 0.003]",0.003,"{'data_type': 'frame', 'duration': None, 'n_bins': 4, 'frames': 10, 'split_by': 'time'}","tensor([36.1139, 15.6976,  5.5142])","tensor([36.1352, 16.3323,  8.3868])","tensor([nan, nan])",0,0,grid_search_shd_rsnn_float_2_layers_v0/shd_biograd_rec_2_layers_float_transposed_loss_direct_frames_10_time_100364571_exp_shd_rsnn_float_2_layers_v0_39,100364571,50
45,0.4616233447768514,0.4690812720848056,8,"[256, 256]",0.5,0.5,"[0.5, 1.0]","[0.7, 0.7]","[0.3, 0.6]","[0.003, 0.003]","[0.001, 0.003]",0.003,"{'data_type': 'frame', 'duration': None, 'n_bins': 4, 'frames': 10, 'split_by': 'time'}","tensor([40.1091, 20.9145, 26.3156])","tensor([42.4711, 22.3177, 25.7550])","tensor([nan, nan])",0,0,grid_search_shd_rsnn_float_2_layers_v0/shd_biograd_rec_2_layers_float_transposed_loss_direct_frames_10_time_100364571_exp_shd_rsnn_float_2_layers_v0_45,100364571,50
66,0.3208680725846003,0.3189045936395759,5,"[256, 256]",0.5,0.5,"[1.5, 1.5]","[0.7, 0.7]","[1.0, 1.0]","[0.003, 0.003]","[0.001, 0.003]",0.003,"{'data_type': 'frame', 'duration': None, 'n_bins': 4, 'frames': 10, 'split_by': 'time'}","tensor([40.6548, 14.7012, 19.6631])","tensor([44.7436, 16.3731, 24.2758])","tensor([nan, nan])",0,0,grid_search_shd_rsnn_float_2_layers_v0/shd_biograd_rec_2_layers_float_transposed_loss_direct_frames_10_time_100364571_exp_shd_rsnn_float_2_layers_v0_66,100364571,50
12,0.4553702795487984,0.4487632508833922,6,"[256, 256]",0.5,0.5,"[0.2, 0.5]","[1.5, 1.5]","[0.3, 0.3]","[0.003, 0.003]","[0.001, 0.003]",0.003,"{'data_type': 'frame', 'duration': None, 'n_bins': 4, 'frames': 10, 'split_by': 'time'}","tensor([34.6492, 18.6498, 22.5722])","tensor([34.2372, 18.5542, 20.9257])","tensor([nan, nan])",0,0,grid_search_shd_rsnn_float_2_layers_v0/shd_biograd_rec_2_layers_float_transposed_loss_direct_frames_10_time_100364571_exp_shd_rsnn_float_2_layers_v0_12,100364571,50
29,0.5002452182442374,0.4575971731448763,8,"[256, 256]",0.5,0.5,"[0.7, 0.7]","[0.5, 1.0]","[0.3, 0.6]","[0.003, 0.003]","[0.001, 0.003]",0.003,"{'data_type': 'frame', 'duration': None, 'n_bins': 4, 'frames': 10, 'split_by': 'time'}","tensor([35.0108, 19.2911, 24.3850])","tensor([37.8446, 20.9270, 24.1894])","tensor([nan, nan])",0,0,grid_search_shd_rsnn_float_2_layers_v0/shd_biograd_rec_2_layers_float_transposed_loss_direct_frames_10_time_100364571_exp_shd_rsnn_float_2_layers_v0_29,100364571,50
74,0.2936488474742521,0.3118374558303887,4,"[256, 256]",0.5,0.5,"[1.5, 1.5]","[1.5, 1.5]","[1.0, 1.0]","[0.003, 0.003]","[0.001, 0.003]",0.003,"{'data_type': 'frame', 'duration': None, 'n_bins': 4, 'frames': 10, 'split_by': 'time'}","tensor([39.2204, 14.8135, 15.8612])","tensor([44.5498, 17.7984, 21.8089])","tensor([nan, nan])",0,0,grid_search_shd_rsnn_float_2_layers_v0/shd_biograd_rec_2_layers_float_transposed_loss_direct_frames_10_time_100364571_exp_shd_rsnn_float_2_layers_v0_74,100364571,50
