id,train_acc,val_acc,best_epoch,vdecay,vedecay_rec,hidden_layer,out_layer,lr_hidden,lr_hidden_rec,lr_output,data_params,train_activations,val_activations,train_activations_fb,fb_angle,fb_ratio,session_name,seed,epochs
18,0.799166257969593,0.659452296819788,48,0.5,0.5,"[0.3, 0.6]","[0.7, 0.7]",0.001,0.1,0.003,"{'data_type': 'frame', 'duration': None, 'n_bins': 4, 'frames': 10, 'split_by': 'time'}","tensor([42.2425, 21.4685])","tensor([42.3629, 22.0720])","tensor([nan, nan])",0,0,grid_search_shd_rsnn_lr/shd_biograd_rec_1_layers_float_transposed_loss_direct_frames_10_time_100364571_exp_shd_rsnn_lr_18,100364571,50
51,0.6500735654732712,0.5335689045936396,48,0.5,0.5,"[0.5, 1.0]","[0.5, 1.0]",0.001,0.1,0.0004,"{'data_type': 'frame', 'duration': None, 'n_bins': 4, 'frames': 10, 'split_by': 'time'}","tensor([43.7377, 31.5309])","tensor([44.1534, 32.0465])","tensor([nan, nan])",0,0,grid_search_shd_rsnn_lr/shd_biograd_rec_1_layers_float_transposed_loss_direct_frames_10_time_100364571_exp_shd_rsnn_lr_51,100364571,50
19,0.8326385483079941,0.657243816254417,48,0.5,0.5,"[0.3, 0.6]","[0.7, 0.7]",0.001,0.01,0.003,"{'data_type': 'frame', 'duration': None, 'n_bins': 4, 'frames': 10, 'split_by': 'time'}","tensor([40.2966, 20.8542])","tensor([40.5622, 21.2443])","tensor([nan, nan])",0,0,grid_search_shd_rsnn_lr/shd_biograd_rec_1_layers_float_transposed_loss_direct_frames_10_time_100364571_exp_shd_rsnn_lr_19,100364571,50
59,0.7658165767533105,0.6356007067137809,42,0.5,0.5,"[0.5, 1.0]","[0.7, 0.7]",0.001,0.003,0.001,"{'data_type': 'frame', 'duration': None, 'n_bins': 4, 'frames': 10, 'split_by': 'time'}","tensor([41.2749, 25.2575])","tensor([41.7437, 25.9084])","tensor([nan, nan])",0,0,grid_search_shd_rsnn_lr/shd_biograd_rec_1_layers_float_transposed_loss_direct_frames_10_time_100364571_exp_shd_rsnn_lr_59,100364571,50
48,0.7726826875919568,0.6166077738515902,49,0.5,0.5,"[0.5, 1.0]","[0.5, 1.0]",0.001,0.1,0.001,"{'data_type': 'frame', 'duration': None, 'n_bins': 4, 'frames': 10, 'split_by': 'time'}","tensor([43.2844, 25.4776])","tensor([43.5194, 26.3720])","tensor([nan, nan])",0,0,grid_search_shd_rsnn_lr/shd_biograd_rec_1_layers_float_transposed_loss_direct_frames_10_time_100364571_exp_shd_rsnn_lr_48,100364571,50
128,0.8683178028445316,0.7062720848056537,48,0.5,0.5,"[1.5, 1.5]","[0.7, 0.7]",0.001,0.003,0.003,"{'data_type': 'frame', 'duration': None, 'n_bins': 4, 'frames': 10, 'split_by': 'time'}","tensor([35.6532, 20.4529])","tensor([35.9631, 20.8557])","tensor([nan, nan])",0,0,grid_search_shd_rsnn_lr/shd_biograd_rec_1_layers_float_transposed_loss_direct_frames_10_time_100364571_exp_shd_rsnn_lr_128,100364571,50
137,0.8499264345267288,0.7137809187279152,48,0.5,0.5,"[1.5, 1.5]","[1.5, 1.5]",0.001,0.003,0.003,"{'data_type': 'frame', 'duration': None, 'n_bins': 4, 'frames': 10, 'split_by': 'time'}","tensor([38.2942, 21.4526])","tensor([38.5920, 22.0044])","tensor([nan, nan])",0,0,grid_search_shd_rsnn_lr/shd_biograd_rec_1_layers_float_transposed_loss_direct_frames_10_time_100364571_exp_shd_rsnn_lr_137,100364571,50
110,0.8629230014713095,0.7142226148409894,48,0.5,0.5,"[1.5, 1.5]","[0.3, 0.6]",0.001,0.003,0.003,"{'data_type': 'frame', 'duration': None, 'n_bins': 4, 'frames': 10, 'split_by': 'time'}","tensor([34.8226, 18.4837])","tensor([35.0421, 18.5246])","tensor([nan, nan])",0,0,grid_search_shd_rsnn_lr/shd_biograd_rec_1_layers_float_transposed_loss_direct_frames_10_time_100364571_exp_shd_rsnn_lr_110,100364571,50
38,0.8536047081902893,0.7102473498233216,48,0.5,0.5,"[0.5, 1.0]","[0.3, 0.6]",0.001,0.003,0.003,"{'data_type': 'frame', 'duration': None, 'n_bins': 4, 'frames': 10, 'split_by': 'time'}","tensor([39.1650, 19.6448])","tensor([39.4150, 19.9660])","tensor([nan, nan])",0,0,grid_search_shd_rsnn_lr/shd_biograd_rec_1_layers_float_transposed_loss_direct_frames_10_time_100364571_exp_shd_rsnn_lr_38,100364571,50
108,0.8293281020107895,0.6881625441696113,36,0.5,0.5,"[1.5, 1.5]","[0.3, 0.6]",0.001,0.1,0.003,"{'data_type': 'frame', 'duration': None, 'n_bins': 4, 'frames': 10, 'split_by': 'time'}","tensor([37.1732, 19.1248])","tensor([37.5428, 19.4511])","tensor([nan, nan])",0,0,grid_search_shd_rsnn_lr/shd_biograd_rec_1_layers_float_transposed_loss_direct_frames_10_time_100364571_exp_shd_rsnn_lr_108,100364571,50
65,0.8071358509073076,0.7027385159010601,36,0.5,0.5,"[0.5, 1.0]","[1.5, 1.5]",0.001,0.003,0.003,"{'data_type': 'frame', 'duration': None, 'n_bins': 4, 'frames': 10, 'split_by': 'time'}","tensor([41.6103, 23.5912])","tensor([41.8652, 23.9198])","tensor([nan, nan])",0,0,grid_search_shd_rsnn_lr/shd_biograd_rec_1_layers_float_transposed_loss_direct_frames_10_time_100364571_exp_shd_rsnn_lr_65,100364571,50
124,0.6468857282981854,0.575530035335689,45,0.5,0.5,"[1.5, 1.5]","[0.5, 1.0]",0.001,0.01,0.0004,"{'data_type': 'frame', 'duration': None, 'n_bins': 4, 'frames': 10, 'split_by': 'time'}","tensor([37.9543, 32.4119])","tensor([38.4780, 32.9136])","tensor([nan, nan])",0,0,grid_search_shd_rsnn_lr/shd_biograd_rec_1_layers_float_transposed_loss_direct_frames_10_time_100364571_exp_shd_rsnn_lr_124,100364571,50
89,0.6401422265816576,0.5375441696113075,47,0.5,0.5,"[0.7, 0.7]","[0.5, 1.0]",0.001,0.003,0.0004,"{'data_type': 'frame', 'duration': None, 'n_bins': 4, 'frames': 10, 'split_by': 'time'}","tensor([40.1116, 32.9765])","tensor([40.7074, 33.4298])","tensor([nan, nan])",0,0,grid_search_shd_rsnn_lr/shd_biograd_rec_1_layers_float_transposed_loss_direct_frames_10_time_100364571_exp_shd_rsnn_lr_89,100364571,50
44,0.7005885237861696,0.6033568904593639,49,0.5,0.5,"[0.5, 1.0]","[0.3, 0.6]",0.001,0.003,0.0004,"{'data_type': 'frame', 'duration': None, 'n_bins': 4, 'frames': 10, 'split_by': 'time'}","tensor([40.6811, 29.5380])","tensor([41.0824, 30.5384])","tensor([nan, nan])",0,0,grid_search_shd_rsnn_lr/shd_biograd_rec_1_layers_float_transposed_loss_direct_frames_10_time_100364571_exp_shd_rsnn_lr_44,100364571,50
54,0.8142471799901912,0.6550353356890459,42,0.5,0.5,"[0.5, 1.0]","[0.7, 0.7]",0.001,0.1,0.003,"{'data_type': 'frame', 'duration': None, 'n_bins': 4, 'frames': 10, 'split_by': 'time'}","tensor([40.8707, 20.2432])","tensor([41.1029, 20.6605])","tensor([nan, nan])",0,0,grid_search_shd_rsnn_lr/shd_biograd_rec_1_layers_float_transposed_loss_direct_frames_10_time_100364571_exp_shd_rsnn_lr_54,100364571,50
141,0.586194212849436,0.553886925795053,47,0.5,0.5,"[1.5, 1.5]","[1.5, 1.5]",0.001,0.1,0.0004,"{'data_type': 'frame', 'duration': None, 'n_bins': 4, 'frames': 10, 'split_by': 'time'}","tensor([40.7202, 34.5780])","tensor([41.1881, 35.3637])","tensor([nan, nan])",0,0,grid_search_shd_rsnn_lr/shd_biograd_rec_1_layers_float_transposed_loss_direct_frames_10_time_100364571_exp_shd_rsnn_lr_141,100364571,50
143,0.5995586071603727,0.5521201413427562,48,0.5,0.5,"[1.5, 1.5]","[1.5, 1.5]",0.001,0.003,0.0004,"{'data_type': 'frame', 'duration': None, 'n_bins': 4, 'frames': 10, 'split_by': 'time'}","tensor([38.1903, 35.4767])","tensor([38.6746, 36.3893])","tensor([nan, nan])",0,0,grid_search_shd_rsnn_lr/shd_biograd_rec_1_layers_float_transposed_loss_direct_frames_10_time_100364571_exp_shd_rsnn_lr_143,100364571,50
24,0.6438205002452182,0.5507950530035336,47,0.5,0.5,"[0.3, 0.6]","[0.7, 0.7]",0.001,0.1,0.0004,"{'data_type': 'frame', 'duration': None, 'n_bins': 4, 'frames': 10, 'split_by': 'time'}","tensor([44.4458, 30.6932])","tensor([44.7812, 31.1193])","tensor([nan, nan])",0,0,grid_search_shd_rsnn_lr/shd_biograd_rec_1_layers_float_transposed_loss_direct_frames_10_time_100364571_exp_shd_rsnn_lr_24,100364571,50
1,0.8464933791074056,0.6841872791519434,48,0.5,0.5,"[0.3, 0.6]","[0.3, 0.6]",0.001,0.01,0.003,"{'data_type': 'frame', 'duration': None, 'n_bins': 4, 'frames': 10, 'split_by': 'time'}","tensor([40.6996, 19.2632])","tensor([40.7433, 19.9110])","tensor([nan, nan])",0,0,grid_search_shd_rsnn_lr/shd_biograd_rec_1_layers_float_transposed_loss_direct_frames_10_time_100364571_exp_shd_rsnn_lr_1,100364571,50
12,0.743379107405591,0.6236749116607774,48,0.5,0.5,"[0.3, 0.6]","[0.5, 1.0]",0.001,0.1,0.001,"{'data_type': 'frame', 'duration': None, 'n_bins': 4, 'frames': 10, 'split_by': 'time'}","tensor([44.2342, 26.8193])","tensor([44.4783, 27.8268])","tensor([nan, nan])",0,0,grid_search_shd_rsnn_lr/shd_biograd_rec_1_layers_float_transposed_loss_direct_frames_10_time_100364571_exp_shd_rsnn_lr_12,100364571,50
77,0.7759931338891614,0.6157243816254417,47,0.5,0.5,"[0.7, 0.7]","[0.3, 0.6]",0.001,0.003,0.001,"{'data_type': 'frame', 'duration': None, 'n_bins': 4, 'frames': 10, 'split_by': 'time'}","tensor([40.1600, 24.6721])","tensor([40.7343, 25.3120])","tensor([nan, nan])",0,0,grid_search_shd_rsnn_lr/shd_biograd_rec_1_layers_float_transposed_loss_direct_frames_10_time_100364571_exp_shd_rsnn_lr_77,100364571,50
20,0.8455125061304561,0.6881625441696113,48,0.5,0.5,"[0.3, 0.6]","[0.7, 0.7]",0.001,0.003,0.003,"{'data_type': 'frame', 'duration': None, 'n_bins': 4, 'frames': 10, 'split_by': 'time'}","tensor([39.8376, 20.3963])","tensor([39.9214, 21.1704])","tensor([nan, nan])",0,0,grid_search_shd_rsnn_lr/shd_biograd_rec_1_layers_float_transposed_loss_direct_frames_10_time_100364571_exp_shd_rsnn_lr_20,100364571,50
34,0.5749141736145169,0.5225265017667845,48,0.5,0.5,"[0.3, 0.6]","[1.5, 1.5]",0.001,0.01,0.0004,"{'data_type': 'frame', 'duration': None, 'n_bins': 4, 'frames': 10, 'split_by': 'time'}","tensor([43.4223, 36.8605])","tensor([43.9419, 37.5805])","tensor([nan, nan])",0,0,grid_search_shd_rsnn_lr/shd_biograd_rec_1_layers_float_transposed_loss_direct_frames_10_time_100364571_exp_shd_rsnn_lr_34,100364571,50
45,0.7979401667484061,0.6815371024734982,42,0.5,0.5,"[0.5, 1.0]","[0.5, 1.0]",0.001,0.1,0.003,"{'data_type': 'frame', 'duration': None, 'n_bins': 4, 'frames': 10, 'split_by': 'time'}","tensor([40.9541, 21.0309])","tensor([41.0502, 21.6002])","tensor([nan, nan])",0,0,grid_search_shd_rsnn_lr/shd_biograd_rec_1_layers_float_transposed_loss_direct_frames_10_time_100364571_exp_shd_rsnn_lr_45,100364571,50
90,0.8240559097596861,0.6771201413427562,43,0.5,0.5,"[0.7, 0.7]","[0.7, 0.7]",0.001,0.1,0.003,"{'data_type': 'frame', 'duration': None, 'n_bins': 4, 'frames': 10, 'split_by': 'time'}","tensor([40.4865, 20.3886])","tensor([40.8703, 20.8673])","tensor([nan, nan])",0,0,grid_search_shd_rsnn_lr/shd_biograd_rec_1_layers_float_transposed_loss_direct_frames_10_time_100364571_exp_shd_rsnn_lr_90,100364571,50
106,0.577243746934772,0.534452296819788,49,0.5,0.5,"[0.7, 0.7]","[1.5, 1.5]",0.001,0.01,0.0004,"{'data_type': 'frame', 'duration': None, 'n_bins': 4, 'frames': 10, 'split_by': 'time'}","tensor([41.2328, 36.2471])","tensor([41.7709, 37.2027])","tensor([nan, nan])",0,0,grid_search_shd_rsnn_lr/shd_biograd_rec_1_layers_float_transposed_loss_direct_frames_10_time_100364571_exp_shd_rsnn_lr_106,100364571,50
112,0.8032123589995096,0.6753533568904594,47,0.5,0.5,"[1.5, 1.5]","[0.3, 0.6]",0.001,0.01,0.001,"{'data_type': 'frame', 'duration': None, 'n_bins': 4, 'frames': 10, 'split_by': 'time'}","tensor([36.9877, 23.1603])","tensor([37.7074, 23.3063])","tensor([nan, nan])",0,0,grid_search_shd_rsnn_lr/shd_biograd_rec_1_layers_float_transposed_loss_direct_frames_10_time_100364571_exp_shd_rsnn_lr_112,100364571,50
31,0.6948258950465914,0.6183745583038869,49,0.5,0.5,"[0.3, 0.6]","[1.5, 1.5]",0.001,0.01,0.001,"{'data_type': 'frame', 'duration': None, 'n_bins': 4, 'frames': 10, 'split_by': 'time'}","tensor([42.5804, 29.8476])","tensor([42.8235, 30.5956])","tensor([nan, nan])",0,0,grid_search_shd_rsnn_lr/shd_biograd_rec_1_layers_float_transposed_loss_direct_frames_10_time_100364571_exp_shd_rsnn_lr_31,100364571,50
27,0.7508582638548308,0.6545936395759717,31,0.5,0.5,"[0.3, 0.6]","[1.5, 1.5]",0.001,0.1,0.003,"{'data_type': 'frame', 'duration': None, 'n_bins': 4, 'frames': 10, 'split_by': 'time'}","tensor([44.2312, 24.9492])","tensor([44.2522, 25.5786])","tensor([nan, nan])",0,0,grid_search_shd_rsnn_lr/shd_biograd_rec_1_layers_float_transposed_loss_direct_frames_10_time_100364571_exp_shd_rsnn_lr_27,100364571,50
17,0.6391613536047082,0.5397526501766784,48,0.5,0.5,"[0.3, 0.6]","[0.5, 1.0]",0.001,0.003,0.0004,"{'data_type': 'frame', 'duration': None, 'n_bins': 4, 'frames': 10, 'split_by': 'time'}","tensor([41.9325, 32.9963])","tensor([42.2868, 33.6414])","tensor([nan, nan])",0,0,grid_search_shd_rsnn_lr/shd_biograd_rec_1_layers_float_transposed_loss_direct_frames_10_time_100364571_exp_shd_rsnn_lr_17,100364571,50
84,0.7439921530161844,0.6289752650176679,47,0.5,0.5,"[0.7, 0.7]","[0.5, 1.0]",0.001,0.1,0.001,"{'data_type': 'frame', 'duration': None, 'n_bins': 4, 'frames': 10, 'split_by': 'time'}","tensor([42.6750, 26.4672])","tensor([42.9447, 27.1882])","tensor([nan, nan])",0,0,grid_search_shd_rsnn_lr/shd_biograd_rec_1_layers_float_transposed_loss_direct_frames_10_time_100364571_exp_shd_rsnn_lr_84,100364571,50
105,0.571726336439431,0.519434628975265,48,0.5,0.5,"[0.7, 0.7]","[1.5, 1.5]",0.001,0.1,0.0004,"{'data_type': 'frame', 'duration': None, 'n_bins': 4, 'frames': 10, 'split_by': 'time'}","tensor([42.2925, 36.1382])","tensor([42.6739, 37.0436])","tensor([nan, nan])",0,0,grid_search_shd_rsnn_lr/shd_biograd_rec_1_layers_float_transposed_loss_direct_frames_10_time_100364571_exp_shd_rsnn_lr_105,100364571,50
91,0.8277341834232467,0.6824204946996466,38,0.5,0.5,"[0.7, 0.7]","[0.7, 0.7]",0.001,0.01,0.003,"{'data_type': 'frame', 'duration': None, 'n_bins': 4, 'frames': 10, 'split_by': 'time'}","tensor([38.1853, 20.5545])","tensor([38.4430, 20.7136])","tensor([nan, nan])",0,0,grid_search_shd_rsnn_lr/shd_biograd_rec_1_layers_float_transposed_loss_direct_frames_10_time_100364571_exp_shd_rsnn_lr_91,100364571,50
136,0.851765571358509,0.6978798586572438,49,0.5,0.5,"[1.5, 1.5]","[1.5, 1.5]",0.001,0.01,0.003,"{'data_type': 'frame', 'duration': None, 'n_bins': 4, 'frames': 10, 'split_by': 'time'}","tensor([38.4765, 21.7781])","tensor([38.9571, 22.1242])","tensor([nan, nan])",0,0,grid_search_shd_rsnn_lr/shd_biograd_rec_1_layers_float_transposed_loss_direct_frames_10_time_100364571_exp_shd_rsnn_lr_136,100364571,50
36,0.786660127513487,0.6713780918727915,34,0.5,0.5,"[0.5, 1.0]","[0.3, 0.6]",0.001,0.1,0.003,"{'data_type': 'frame', 'duration': None, 'n_bins': 4, 'frames': 10, 'split_by': 'time'}","tensor([40.4283, 20.2251])","tensor([40.4343, 21.1449])","tensor([nan, nan])",0,0,grid_search_shd_rsnn_lr/shd_biograd_rec_1_layers_float_transposed_loss_direct_frames_10_time_100364571_exp_shd_rsnn_lr_36,100364571,50
40,0.7775870524767042,0.6378091872791519,48,0.5,0.5,"[0.5, 1.0]","[0.3, 0.6]",0.001,0.01,0.001,"{'data_type': 'frame', 'duration': None, 'n_bins': 4, 'frames': 10, 'split_by': 'time'}","tensor([40.6447, 24.2372])","tensor([40.9838, 25.0904])","tensor([nan, nan])",0,0,grid_search_shd_rsnn_lr/shd_biograd_rec_1_layers_float_transposed_loss_direct_frames_10_time_100364571_exp_shd_rsnn_lr_40,100364571,50
6,0.6603727317312408,0.5507950530035336,48,0.5,0.5,"[0.3, 0.6]","[0.3, 0.6]",0.001,0.1,0.0004,"{'data_type': 'frame', 'duration': None, 'n_bins': 4, 'frames': 10, 'split_by': 'time'}","tensor([43.7411, 28.2762])","tensor([43.9529, 28.6397])","tensor([nan, nan])",0,0,grid_search_shd_rsnn_lr/shd_biograd_rec_1_layers_float_transposed_loss_direct_frames_10_time_100364571_exp_shd_rsnn_lr_6,100364571,50
5,0.76679744973026,0.6126325088339223,43,0.5,0.5,"[0.3, 0.6]","[0.3, 0.6]",0.001,0.003,0.001,"{'data_type': 'frame', 'duration': None, 'n_bins': 4, 'frames': 10, 'split_by': 'time'}","tensor([41.9447, 25.8661])","tensor([42.4465, 26.7781])","tensor([nan, nan])",0,0,grid_search_shd_rsnn_lr/shd_biograd_rec_1_layers_float_transposed_loss_direct_frames_10_time_100364571_exp_shd_rsnn_lr_5,100364571,50
101,0.8298185384992643,0.7146643109540636,48,0.5,0.5,"[0.7, 0.7]","[1.5, 1.5]",0.001,0.003,0.003,"{'data_type': 'frame', 'duration': None, 'n_bins': 4, 'frames': 10, 'split_by': 'time'}","tensor([40.8268, 21.9870])","tensor([41.1871, 22.6427])","tensor([nan, nan])",0,0,grid_search_shd_rsnn_lr/shd_biograd_rec_1_layers_float_transposed_loss_direct_frames_10_time_100364571_exp_shd_rsnn_lr_101,100364571,50
118,0.8666012751348701,0.7190812720848057,47,0.5,0.5,"[1.5, 1.5]","[0.5, 1.0]",0.001,0.01,0.003,"{'data_type': 'frame', 'duration': None, 'n_bins': 4, 'frames': 10, 'split_by': 'time'}","tensor([36.6110, 20.5764])","tensor([36.8723, 21.0956])","tensor([nan, nan])",0,0,grid_search_shd_rsnn_lr/shd_biograd_rec_1_layers_float_transposed_loss_direct_frames_10_time_100364571_exp_shd_rsnn_lr_118,100364571,50
50,0.7705983325159392,0.6559187279151943,48,0.5,0.5,"[0.5, 1.0]","[0.5, 1.0]",0.001,0.003,0.001,"{'data_type': 'frame', 'duration': None, 'n_bins': 4, 'frames': 10, 'split_by': 'time'}","tensor([40.5666, 25.8957])","tensor([40.9831, 26.6956])","tensor([nan, nan])",0,0,grid_search_shd_rsnn_lr/shd_biograd_rec_1_layers_float_transposed_loss_direct_frames_10_time_100364571_exp_shd_rsnn_lr_50,100364571,50
25,0.6558361942128494,0.5424028268551236,49,0.5,0.5,"[0.3, 0.6]","[0.7, 0.7]",0.001,0.01,0.0004,"{'data_type': 'frame', 'duration': None, 'n_bins': 4, 'frames': 10, 'split_by': 'time'}","tensor([42.4058, 31.2753])","tensor([42.9085, 32.6165])","tensor([nan, nan])",0,0,grid_search_shd_rsnn_lr/shd_biograd_rec_1_layers_float_transposed_loss_direct_frames_10_time_100364571_exp_shd_rsnn_lr_25,100364571,50
94,0.7742766061794998,0.6426678445229682,48,0.5,0.5,"[0.7, 0.7]","[0.7, 0.7]",0.001,0.01,0.001,"{'data_type': 'frame', 'duration': None, 'n_bins': 4, 'frames': 10, 'split_by': 'time'}","tensor([40.5587, 25.0016])","tensor([41.0736, 25.6197])","tensor([nan, nan])",0,0,grid_search_shd_rsnn_lr/shd_biograd_rec_1_layers_float_transposed_loss_direct_frames_10_time_100364571_exp_shd_rsnn_lr_94,100364571,50
0,0.7579695929377146,0.648851590106007,32,0.5,0.5,"[0.3, 0.6]","[0.3, 0.6]",0.001,0.1,0.003,"{'data_type': 'frame', 'duration': None, 'n_bins': 4, 'frames': 10, 'split_by': 'time'}","tensor([42.4181, 20.7801])","tensor([42.5304, 20.8943])","tensor([nan, nan])",0,0,grid_search_shd_rsnn_lr/shd_biograd_rec_1_layers_float_transposed_loss_direct_frames_10_time_100364571_exp_shd_rsnn_lr_0,100364571,50
114,0.7081902893575281,0.6037985865724381,49,0.5,0.5,"[1.5, 1.5]","[0.3, 0.6]",0.001,0.1,0.0004,"{'data_type': 'frame', 'duration': None, 'n_bins': 4, 'frames': 10, 'split_by': 'time'}","tensor([39.2752, 27.6876])","tensor([39.6868, 28.9529])","tensor([nan, nan])",0,0,grid_search_shd_rsnn_lr/shd_biograd_rec_1_layers_float_transposed_loss_direct_frames_10_time_100364571_exp_shd_rsnn_lr_114,100364571,50
61,0.670794507111329,0.5574204946996466,48,0.5,0.5,"[0.5, 1.0]","[0.7, 0.7]",0.001,0.01,0.0004,"{'data_type': 'frame', 'duration': None, 'n_bins': 4, 'frames': 10, 'split_by': 'time'}","tensor([41.2296, 30.1098])","tensor([41.7891, 30.8480])","tensor([nan, nan])",0,0,grid_search_shd_rsnn_lr/shd_biograd_rec_1_layers_float_transposed_loss_direct_frames_10_time_100364571_exp_shd_rsnn_lr_61,100364571,50
131,0.7978175576262874,0.644434628975265,49,0.5,0.5,"[1.5, 1.5]","[0.7, 0.7]",0.001,0.003,0.001,"{'data_type': 'frame', 'duration': None, 'n_bins': 4, 'frames': 10, 'split_by': 'time'}","tensor([37.9342, 24.4194])","tensor([38.4892, 25.2610])","tensor([nan, nan])",0,0,grid_search_shd_rsnn_lr/shd_biograd_rec_1_layers_float_transposed_loss_direct_frames_10_time_100364571_exp_shd_rsnn_lr_131,100364571,50
42,0.6820745463462482,0.5658127208480566,47,0.5,0.5,"[0.5, 1.0]","[0.3, 0.6]",0.001,0.1,0.0004,"{'data_type': 'frame', 'duration': None, 'n_bins': 4, 'frames': 10, 'split_by': 'time'}","tensor([42.9197, 28.4975])","tensor([43.2200, 29.1532])","tensor([nan, nan])",0,0,grid_search_shd_rsnn_lr/shd_biograd_rec_1_layers_float_transposed_loss_direct_frames_10_time_100364571_exp_shd_rsnn_lr_42,100364571,50
88,0.6235899950956351,0.5189929328621908,48,0.5,0.5,"[0.7, 0.7]","[0.5, 1.0]",0.001,0.01,0.0004,"{'data_type': 'frame', 'duration': None, 'n_bins': 4, 'frames': 10, 'split_by': 'time'}","tensor([40.5755, 32.9761])","tensor([41.1862, 33.4916])","tensor([nan, nan])",0,0,grid_search_shd_rsnn_lr/shd_biograd_rec_1_layers_float_transposed_loss_direct_frames_10_time_100364571_exp_shd_rsnn_lr_88,100364571,50
7,0.6701814615007357,0.5521201413427562,47,0.5,0.5,"[0.3, 0.6]","[0.3, 0.6]",0.001,0.01,0.0004,"{'data_type': 'frame', 'duration': None, 'n_bins': 4, 'frames': 10, 'split_by': 'time'}","tensor([41.8636, 29.0392])","tensor([42.2703, 30.2313])","tensor([nan, nan])",0,0,grid_search_shd_rsnn_lr/shd_biograd_rec_1_layers_float_transposed_loss_direct_frames_10_time_100364571_exp_shd_rsnn_lr_7,100364571,50
95,0.7702305051495831,0.6373674911660777,49,0.5,0.5,"[0.7, 0.7]","[0.7, 0.7]",0.001,0.003,0.001,"{'data_type': 'frame', 'duration': None, 'n_bins': 4, 'frames': 10, 'split_by': 'time'}","tensor([40.3529, 25.2397])","tensor([40.9133, 25.9502])","tensor([nan, nan])",0,0,grid_search_shd_rsnn_lr/shd_biograd_rec_1_layers_float_transposed_loss_direct_frames_10_time_100364571_exp_shd_rsnn_lr_95,100364571,50
74,0.8390142226581657,0.7062720848056537,47,0.5,0.5,"[0.7, 0.7]","[0.3, 0.6]",0.001,0.003,0.003,"{'data_type': 'frame', 'duration': None, 'n_bins': 4, 'frames': 10, 'split_by': 'time'}","tensor([37.7992, 19.1782])","tensor([38.0675, 19.6982])","tensor([nan, nan])",0,0,grid_search_shd_rsnn_lr/shd_biograd_rec_1_layers_float_transposed_loss_direct_frames_10_time_100364571_exp_shd_rsnn_lr_74,100364571,50
130,0.7970819028935753,0.6479681978798587,49,0.5,0.5,"[1.5, 1.5]","[0.7, 0.7]",0.001,0.01,0.001,"{'data_type': 'frame', 'duration': None, 'n_bins': 4, 'frames': 10, 'split_by': 'time'}","tensor([37.9563, 24.7316])","tensor([38.5281, 25.3851])","tensor([nan, nan])",0,0,grid_search_shd_rsnn_lr/shd_biograd_rec_1_layers_float_transposed_loss_direct_frames_10_time_100364571_exp_shd_rsnn_lr_130,100364571,50
30,0.6932319764590485,0.605565371024735,47,0.5,0.5,"[0.3, 0.6]","[1.5, 1.5]",0.001,0.1,0.001,"{'data_type': 'frame', 'duration': None, 'n_bins': 4, 'frames': 10, 'split_by': 'time'}","tensor([45.0751, 29.4210])","tensor([45.1559, 30.2283])","tensor([nan, nan])",0,0,grid_search_shd_rsnn_lr/shd_biograd_rec_1_layers_float_transposed_loss_direct_frames_10_time_100364571_exp_shd_rsnn_lr_30,100364571,50
28,0.8238106915154487,0.6921378091872792,48,0.5,0.5,"[0.3, 0.6]","[1.5, 1.5]",0.001,0.01,0.003,"{'data_type': 'frame', 'duration': None, 'n_bins': 4, 'frames': 10, 'split_by': 'time'}","tensor([42.5545, 22.5960])","tensor([42.8588, 23.3941])","tensor([nan, nan])",0,0,grid_search_shd_rsnn_lr/shd_biograd_rec_1_layers_float_transposed_loss_direct_frames_10_time_100364571_exp_shd_rsnn_lr_28,100364571,50
103,0.6987493869543894,0.6210247349823321,48,0.5,0.5,"[0.7, 0.7]","[1.5, 1.5]",0.001,0.01,0.001,"{'data_type': 'frame', 'duration': None, 'n_bins': 4, 'frames': 10, 'split_by': 'time'}","tensor([40.9600, 28.8401])","tensor([41.3124, 29.6569])","tensor([nan, nan])",0,0,grid_search_shd_rsnn_lr/shd_biograd_rec_1_layers_float_transposed_loss_direct_frames_10_time_100364571_exp_shd_rsnn_lr_103,100364571,50
102,0.693477194703286,0.6139575971731449,47,0.5,0.5,"[0.7, 0.7]","[1.5, 1.5]",0.001,0.1,0.001,"{'data_type': 'frame', 'duration': None, 'n_bins': 4, 'frames': 10, 'split_by': 'time'}","tensor([42.8840, 28.1012])","tensor([43.2201, 28.9396])","tensor([nan, nan])",0,0,grid_search_shd_rsnn_lr/shd_biograd_rec_1_layers_float_transposed_loss_direct_frames_10_time_100364571_exp_shd_rsnn_lr_102,100364571,50
66,0.7177538008827857,0.6382508833922261,48,0.5,0.5,"[0.5, 1.0]","[1.5, 1.5]",0.001,0.1,0.001,"{'data_type': 'frame', 'duration': None, 'n_bins': 4, 'frames': 10, 'split_by': 'time'}","tensor([43.5632, 27.5423])","tensor([43.8328, 28.2184])","tensor([nan, nan])",0,0,grid_search_shd_rsnn_lr/shd_biograd_rec_1_layers_float_transposed_loss_direct_frames_10_time_100364571_exp_shd_rsnn_lr_66,100364571,50
32,0.6924963217263365,0.6042402826855123,48,0.5,0.5,"[0.3, 0.6]","[1.5, 1.5]",0.001,0.003,0.001,"{'data_type': 'frame', 'duration': None, 'n_bins': 4, 'frames': 10, 'split_by': 'time'}","tensor([42.5598, 29.7426])","tensor([43.0296, 30.5425])","tensor([nan, nan])",0,0,grid_search_shd_rsnn_lr/shd_biograd_rec_1_layers_float_transposed_loss_direct_frames_10_time_100364571_exp_shd_rsnn_lr_32,100364571,50
119,0.870892594409024,0.6947879858657244,49,0.5,0.5,"[1.5, 1.5]","[0.5, 1.0]",0.001,0.003,0.003,"{'data_type': 'frame', 'duration': None, 'n_bins': 4, 'frames': 10, 'split_by': 'time'}","tensor([35.6508, 20.0950])","tensor([35.9023, 20.5836])","tensor([nan, nan])",0,0,grid_search_shd_rsnn_lr/shd_biograd_rec_1_layers_float_transposed_loss_direct_frames_10_time_100364571_exp_shd_rsnn_lr_119,100364571,50
111,0.8019862677783227,0.6559187279151943,48,0.5,0.5,"[1.5, 1.5]","[0.3, 0.6]",0.001,0.1,0.001,"{'data_type': 'frame', 'duration': None, 'n_bins': 4, 'frames': 10, 'split_by': 'time'}","tensor([38.1228, 23.1243])","tensor([38.4853, 23.3224])","tensor([nan, nan])",0,0,grid_search_shd_rsnn_lr/shd_biograd_rec_1_layers_float_transposed_loss_direct_frames_10_time_100364571_exp_shd_rsnn_lr_111,100364571,50
85,0.7617704757233938,0.6236749116607774,48,0.5,0.5,"[0.7, 0.7]","[0.5, 1.0]",0.001,0.01,0.001,"{'data_type': 'frame', 'duration': None, 'n_bins': 4, 'frames': 10, 'split_by': 'time'}","tensor([40.7384, 26.5197])","tensor([41.2462, 27.0308])","tensor([nan, nan])",0,0,grid_search_shd_rsnn_lr/shd_biograd_rec_1_layers_float_transposed_loss_direct_frames_10_time_100364571_exp_shd_rsnn_lr_85,100364571,50
67,0.7188572829818538,0.640017667844523,48,0.5,0.5,"[0.5, 1.0]","[1.5, 1.5]",0.001,0.01,0.001,"{'data_type': 'frame', 'duration': None, 'n_bins': 4, 'frames': 10, 'split_by': 'time'}","tensor([42.1984, 28.4998])","tensor([42.5546, 29.2863])","tensor([nan, nan])",0,0,grid_search_shd_rsnn_lr/shd_biograd_rec_1_layers_float_transposed_loss_direct_frames_10_time_100364571_exp_shd_rsnn_lr_67,100364571,50
16,0.6262873957822462,0.5304770318021201,46,0.5,0.5,"[0.3, 0.6]","[0.5, 1.0]",0.001,0.01,0.0004,"{'data_type': 'frame', 'duration': None, 'n_bins': 4, 'frames': 10, 'split_by': 'time'}","tensor([42.3729, 32.6563])","tensor([42.7638, 33.6782])","tensor([nan, nan])",0,0,grid_search_shd_rsnn_lr/shd_biograd_rec_1_layers_float_transposed_loss_direct_frames_10_time_100364571_exp_shd_rsnn_lr_16,100364571,50
142,0.5882785679254536,0.5353356890459364,47,0.5,0.5,"[1.5, 1.5]","[1.5, 1.5]",0.001,0.01,0.0004,"{'data_type': 'frame', 'duration': None, 'n_bins': 4, 'frames': 10, 'split_by': 'time'}","tensor([38.6573, 34.8119])","tensor([39.0736, 35.6722])","tensor([nan, nan])",0,0,grid_search_shd_rsnn_lr/shd_biograd_rec_1_layers_float_transposed_loss_direct_frames_10_time_100364571_exp_shd_rsnn_lr_142,100364571,50
69,0.5798185384992643,0.5415194346289752,48,0.5,0.5,"[0.5, 1.0]","[1.5, 1.5]",0.001,0.1,0.0004,"{'data_type': 'frame', 'duration': None, 'n_bins': 4, 'frames': 10, 'split_by': 'time'}","tensor([44.2938, 36.1044])","tensor([44.5921, 36.8689])","tensor([nan, nan])",0,0,grid_search_shd_rsnn_lr/shd_biograd_rec_1_layers_float_transposed_loss_direct_frames_10_time_100364571_exp_shd_rsnn_lr_69,100364571,50
93,0.7604217753800883,0.6351590106007067,46,0.5,0.5,"[0.7, 0.7]","[0.7, 0.7]",0.001,0.1,0.001,"{'data_type': 'frame', 'duration': None, 'n_bins': 4, 'frames': 10, 'split_by': 'time'}","tensor([42.1324, 25.6332])","tensor([42.4791, 26.2120])","tensor([nan, nan])",0,0,grid_search_shd_rsnn_lr/shd_biograd_rec_1_layers_float_transposed_loss_direct_frames_10_time_100364571_exp_shd_rsnn_lr_93,100364571,50
23,0.7748896517900932,0.6157243816254417,49,0.5,0.5,"[0.3, 0.6]","[0.7, 0.7]",0.001,0.003,0.001,"{'data_type': 'frame', 'duration': None, 'n_bins': 4, 'frames': 10, 'split_by': 'time'}","tensor([42.8112, 26.0871])","tensor([43.2915, 27.1993])","tensor([nan, nan])",0,0,grid_search_shd_rsnn_lr/shd_biograd_rec_1_layers_float_transposed_loss_direct_frames_10_time_100364571_exp_shd_rsnn_lr_23,100364571,50
140,0.7252329573320255,0.6506183745583038,47,0.5,0.5,"[1.5, 1.5]","[1.5, 1.5]",0.001,0.003,0.001,"{'data_type': 'frame', 'duration': None, 'n_bins': 4, 'frames': 10, 'split_by': 'time'}","tensor([39.0833, 28.5121])","tensor([39.5551, 29.1819])","tensor([nan, nan])",0,0,grid_search_shd_rsnn_lr/shd_biograd_rec_1_layers_float_transposed_loss_direct_frames_10_time_100364571_exp_shd_rsnn_lr_140,100364571,50
8,0.6684649337910741,0.5653710247349824,48,0.5,0.5,"[0.3, 0.6]","[0.3, 0.6]",0.001,0.003,0.0004,"{'data_type': 'frame', 'duration': None, 'n_bins': 4, 'frames': 10, 'split_by': 'time'}","tensor([41.3933, 29.9247])","tensor([41.8134, 30.4343])","tensor([nan, nan])",0,0,grid_search_shd_rsnn_lr/shd_biograd_rec_1_layers_float_transposed_loss_direct_frames_10_time_100364571_exp_shd_rsnn_lr_8,100364571,50
75,0.776483570377636,0.6170494699646644,48,0.5,0.5,"[0.7, 0.7]","[0.3, 0.6]",0.001,0.1,0.001,"{'data_type': 'frame', 'duration': None, 'n_bins': 4, 'frames': 10, 'split_by': 'time'}","tensor([41.7295, 24.3058])","tensor([42.0220, 25.0535])","tensor([nan, nan])",0,0,grid_search_shd_rsnn_lr/shd_biograd_rec_1_layers_float_transposed_loss_direct_frames_10_time_100364571_exp_shd_rsnn_lr_75,100364571,50
79,0.6861206473761647,0.5830388692579506,48,0.5,0.5,"[0.7, 0.7]","[0.3, 0.6]",0.001,0.01,0.0004,"{'data_type': 'frame', 'duration': None, 'n_bins': 4, 'frames': 10, 'split_by': 'time'}","tensor([40.5090, 29.0650])","tensor([41.0336, 29.5487])","tensor([nan, nan])",0,0,grid_search_shd_rsnn_lr/shd_biograd_rec_1_layers_float_transposed_loss_direct_frames_10_time_100364571_exp_shd_rsnn_lr_79,100364571,50
60,0.6839136831780285,0.5534452296819788,49,0.5,0.5,"[0.5, 1.0]","[0.7, 0.7]",0.001,0.1,0.0004,"{'data_type': 'frame', 'duration': None, 'n_bins': 4, 'frames': 10, 'split_by': 'time'}","tensor([43.8798, 29.8230])","tensor([44.3069, 30.6691])","tensor([nan, nan])",0,0,grid_search_shd_rsnn_lr/shd_biograd_rec_1_layers_float_transposed_loss_direct_frames_10_time_100364571_exp_shd_rsnn_lr_60,100364571,50
116,0.6948258950465914,0.5984982332155477,48,0.5,0.5,"[1.5, 1.5]","[0.3, 0.6]",0.001,0.003,0.0004,"{'data_type': 'frame', 'duration': None, 'n_bins': 4, 'frames': 10, 'split_by': 'time'}","tensor([36.1723, 28.8277])","tensor([36.4808, 29.5786])","tensor([nan, nan])",0,0,grid_search_shd_rsnn_lr/shd_biograd_rec_1_layers_float_transposed_loss_direct_frames_10_time_100364571_exp_shd_rsnn_lr_116,100364571,50
29,0.8196419813634135,0.6921378091872792,48,0.5,0.5,"[0.3, 0.6]","[1.5, 1.5]",0.001,0.003,0.003,"{'data_type': 'frame', 'duration': None, 'n_bins': 4, 'frames': 10, 'split_by': 'time'}","tensor([41.9505, 22.8110])","tensor([42.1990, 23.4516])","tensor([nan, nan])",0,0,grid_search_shd_rsnn_lr/shd_biograd_rec_1_layers_float_transposed_loss_direct_frames_10_time_100364571_exp_shd_rsnn_lr_29,100364571,50
87,0.6329082883766552,0.5256183745583038,48,0.5,0.5,"[0.7, 0.7]","[0.5, 1.0]",0.001,0.1,0.0004,"{'data_type': 'frame', 'duration': None, 'n_bins': 4, 'frames': 10, 'split_by': 'time'}","tensor([42.2479, 31.0030])","tensor([42.6785, 31.4428])","tensor([nan, nan])",0,0,grid_search_shd_rsnn_lr/shd_biograd_rec_1_layers_float_transposed_loss_direct_frames_10_time_100364571_exp_shd_rsnn_lr_87,100364571,50
57,0.7729279058361942,0.6409010600706714,48,0.5,0.5,"[0.5, 1.0]","[0.7, 0.7]",0.001,0.1,0.001,"{'data_type': 'frame', 'duration': None, 'n_bins': 4, 'frames': 10, 'split_by': 'time'}","tensor([43.2825, 24.5271])","tensor([43.4903, 25.1287])","tensor([nan, nan])",0,0,grid_search_shd_rsnn_lr/shd_biograd_rec_1_layers_float_transposed_loss_direct_frames_10_time_100364571_exp_shd_rsnn_lr_57,100364571,50
53,0.6499509563511525,0.5605123674911661,48,0.5,0.5,"[0.5, 1.0]","[0.5, 1.0]",0.001,0.003,0.0004,"{'data_type': 'frame', 'duration': None, 'n_bins': 4, 'frames': 10, 'split_by': 'time'}","tensor([40.7108, 32.9168])","tensor([41.3685, 33.4887])","tensor([nan, nan])",0,0,grid_search_shd_rsnn_lr/shd_biograd_rec_1_layers_float_transposed_loss_direct_frames_10_time_100364571_exp_shd_rsnn_lr_53,100364571,50
64,0.8396272682687592,0.6987632508833922,47,0.5,0.5,"[0.5, 1.0]","[1.5, 1.5]",0.001,0.01,0.003,"{'data_type': 'frame', 'duration': None, 'n_bins': 4, 'frames': 10, 'split_by': 'time'}","tensor([41.4860, 22.0082])","tensor([41.7927, 22.3745])","tensor([nan, nan])",0,0,grid_search_shd_rsnn_lr/shd_biograd_rec_1_layers_float_transposed_loss_direct_frames_10_time_100364571_exp_shd_rsnn_lr_64,100364571,50
99,0.7522069641981364,0.6643109540636042,36,0.5,0.5,"[0.7, 0.7]","[1.5, 1.5]",0.001,0.1,0.003,"{'data_type': 'frame', 'duration': None, 'n_bins': 4, 'frames': 10, 'split_by': 'time'}","tensor([41.7151, 23.5441])","tensor([41.6525, 23.8061])","tensor([nan, nan])",0,0,grid_search_shd_rsnn_lr/shd_biograd_rec_1_layers_float_transposed_loss_direct_frames_10_time_100364571_exp_shd_rsnn_lr_99,100364571,50
47,0.8534820990681706,0.6930212014134276,48,0.5,0.5,"[0.5, 1.0]","[0.5, 1.0]",0.001,0.003,0.003,"{'data_type': 'frame', 'duration': None, 'n_bins': 4, 'frames': 10, 'split_by': 'time'}","tensor([39.4403, 20.8160])","tensor([39.6813, 21.0004])","tensor([nan, nan])",0,0,grid_search_shd_rsnn_lr/shd_biograd_rec_1_layers_float_transposed_loss_direct_frames_10_time_100364571_exp_shd_rsnn_lr_47,100364571,50
70,0.5830063756743502,0.5393109540636042,48,0.5,0.5,"[0.5, 1.0]","[1.5, 1.5]",0.001,0.01,0.0004,"{'data_type': 'frame', 'duration': None, 'n_bins': 4, 'frames': 10, 'split_by': 'time'}","tensor([42.2056, 36.0096])","tensor([42.7961, 36.9723])","tensor([nan, nan])",0,0,grid_search_shd_rsnn_lr/shd_biograd_rec_1_layers_float_transposed_loss_direct_frames_10_time_100364571_exp_shd_rsnn_lr_70,100364571,50
115,0.6972780774889652,0.5870141342756183,48,0.5,0.5,"[1.5, 1.5]","[0.3, 0.6]",0.001,0.01,0.0004,"{'data_type': 'frame', 'duration': None, 'n_bins': 4, 'frames': 10, 'split_by': 'time'}","tensor([37.1388, 28.5898])","tensor([37.7593, 29.0796])","tensor([nan, nan])",0,0,grid_search_shd_rsnn_lr/shd_biograd_rec_1_layers_float_transposed_loss_direct_frames_10_time_100364571_exp_shd_rsnn_lr_115,100364571,50
96,0.6506866110838646,0.5406360424028268,48,0.5,0.5,"[0.7, 0.7]","[0.7, 0.7]",0.001,0.1,0.0004,"{'data_type': 'frame', 'duration': None, 'n_bins': 4, 'frames': 10, 'split_by': 'time'}","tensor([42.2118, 29.5082])","tensor([42.5777, 30.0665])","tensor([nan, nan])",0,0,grid_search_shd_rsnn_lr/shd_biograd_rec_1_layers_float_transposed_loss_direct_frames_10_time_100364571_exp_shd_rsnn_lr_96,100364571,50
73,0.8565473271211378,0.6740282685512368,49,0.5,0.5,"[0.7, 0.7]","[0.3, 0.6]",0.001,0.01,0.003,"{'data_type': 'frame', 'duration': None, 'n_bins': 4, 'frames': 10, 'split_by': 'time'}","tensor([38.6249, 19.2994])","tensor([38.9591, 19.4728])","tensor([nan, nan])",0,0,grid_search_shd_rsnn_lr/shd_biograd_rec_1_layers_float_transposed_loss_direct_frames_10_time_100364571_exp_shd_rsnn_lr_73,100364571,50
52,0.657552721922511,0.5507950530035336,48,0.5,0.5,"[0.5, 1.0]","[0.5, 1.0]",0.001,0.01,0.0004,"{'data_type': 'frame', 'duration': None, 'n_bins': 4, 'frames': 10, 'split_by': 'time'}","tensor([41.6095, 32.3557])","tensor([42.2529, 33.0080])","tensor([nan, nan])",0,0,grid_search_shd_rsnn_lr/shd_biograd_rec_1_layers_float_transposed_loss_direct_frames_10_time_100364571_exp_shd_rsnn_lr_52,100364571,50
63,0.7829818538499265,0.6992049469964664,34,0.5,0.5,"[0.5, 1.0]","[1.5, 1.5]",0.001,0.1,0.003,"{'data_type': 'frame', 'duration': None, 'n_bins': 4, 'frames': 10, 'split_by': 'time'}","tensor([43.0448, 24.0522])","tensor([43.1387, 24.3832])","tensor([nan, nan])",0,0,grid_search_shd_rsnn_lr/shd_biograd_rec_1_layers_float_transposed_loss_direct_frames_10_time_100364571_exp_shd_rsnn_lr_63,100364571,50
100,0.8341098577734184,0.6943462897526502,48,0.5,0.5,"[0.7, 0.7]","[1.5, 1.5]",0.001,0.01,0.003,"{'data_type': 'frame', 'duration': None, 'n_bins': 4, 'frames': 10, 'split_by': 'time'}","tensor([41.0112, 22.2731])","tensor([41.5384, 23.0101])","tensor([nan, nan])",0,0,grid_search_shd_rsnn_lr/shd_biograd_rec_1_layers_float_transposed_loss_direct_frames_10_time_100364571_exp_shd_rsnn_lr_100,100364571,50
122,0.780039234919078,0.6382508833922261,49,0.5,0.5,"[1.5, 1.5]","[0.5, 1.0]",0.001,0.003,0.001,"{'data_type': 'frame', 'duration': None, 'n_bins': 4, 'frames': 10, 'split_by': 'time'}","tensor([37.8315, 25.1297])","tensor([38.3174, 25.5095])","tensor([nan, nan])",0,0,grid_search_shd_rsnn_lr/shd_biograd_rec_1_layers_float_transposed_loss_direct_frames_10_time_100364571_exp_shd_rsnn_lr_122,100364571,50
82,0.8488229524276606,0.6753533568904594,49,0.5,0.5,"[0.7, 0.7]","[0.5, 1.0]",0.001,0.01,0.003,"{'data_type': 'frame', 'duration': None, 'n_bins': 4, 'frames': 10, 'split_by': 'time'}","tensor([39.4253, 21.0754])","tensor([39.7648, 21.5208])","tensor([nan, nan])",0,0,grid_search_shd_rsnn_lr/shd_biograd_rec_1_layers_float_transposed_loss_direct_frames_10_time_100364571_exp_shd_rsnn_lr_82,100364571,50
49,0.7688818048062775,0.6404593639575972,48,0.5,0.5,"[0.5, 1.0]","[0.5, 1.0]",0.001,0.01,0.001,"{'data_type': 'frame', 'duration': None, 'n_bins': 4, 'frames': 10, 'split_by': 'time'}","tensor([41.6796, 26.6115])","tensor([42.1874, 27.6250])","tensor([nan, nan])",0,0,grid_search_shd_rsnn_lr/shd_biograd_rec_1_layers_float_transposed_loss_direct_frames_10_time_100364571_exp_shd_rsnn_lr_49,100364571,50
22,0.7683913683178029,0.6276501766784452,49,0.5,0.5,"[0.3, 0.6]","[0.7, 0.7]",0.001,0.01,0.001,"{'data_type': 'frame', 'duration': None, 'n_bins': 4, 'frames': 10, 'split_by': 'time'}","tensor([42.7064, 25.9039])","tensor([42.9864, 26.5514])","tensor([nan, nan])",0,0,grid_search_shd_rsnn_lr/shd_biograd_rec_1_layers_float_transposed_loss_direct_frames_10_time_100364571_exp_shd_rsnn_lr_22,100364571,50
14,0.7511034820990682,0.5962897526501767,47,0.5,0.5,"[0.3, 0.6]","[0.5, 1.0]",0.001,0.003,0.001,"{'data_type': 'frame', 'duration': None, 'n_bins': 4, 'frames': 10, 'split_by': 'time'}","tensor([42.2217, 27.3768])","tensor([42.6939, 28.0442])","tensor([nan, nan])",0,0,grid_search_shd_rsnn_lr/shd_biograd_rec_1_layers_float_transposed_loss_direct_frames_10_time_100364571_exp_shd_rsnn_lr_14,100364571,50
86,0.7524521824423737,0.6135159010600707,47,0.5,0.5,"[0.7, 0.7]","[0.5, 1.0]",0.001,0.003,0.001,"{'data_type': 'frame', 'duration': None, 'n_bins': 4, 'frames': 10, 'split_by': 'time'}","tensor([40.1922, 27.4291])","tensor([40.7191, 28.0126])","tensor([nan, nan])",0,0,grid_search_shd_rsnn_lr/shd_biograd_rec_1_layers_float_transposed_loss_direct_frames_10_time_100364571_exp_shd_rsnn_lr_86,100364571,50
3,0.7621383030897498,0.6148409893992933,44,0.5,0.5,"[0.3, 0.6]","[0.3, 0.6]",0.001,0.1,0.001,"{'data_type': 'frame', 'duration': None, 'n_bins': 4, 'frames': 10, 'split_by': 'time'}","tensor([44.6158, 25.2300])","tensor([44.7553, 26.1405])","tensor([nan, nan])",0,0,grid_search_shd_rsnn_lr/shd_biograd_rec_1_layers_float_transposed_loss_direct_frames_10_time_100364571_exp_shd_rsnn_lr_3,100364571,50
10,0.8238106915154487,0.6674028268551236,49,0.5,0.5,"[0.3, 0.6]","[0.5, 1.0]",0.001,0.01,0.003,"{'data_type': 'frame', 'duration': None, 'n_bins': 4, 'frames': 10, 'split_by': 'time'}","tensor([41.6860, 20.6411])","tensor([41.8605, 20.9069])","tensor([nan, nan])",0,0,grid_search_shd_rsnn_lr/shd_biograd_rec_1_layers_float_transposed_loss_direct_frames_10_time_100364571_exp_shd_rsnn_lr_10,100364571,50
41,0.7959784207945071,0.644434628975265,48,0.5,0.5,"[0.5, 1.0]","[0.3, 0.6]",0.001,0.003,0.001,"{'data_type': 'frame', 'duration': None, 'n_bins': 4, 'frames': 10, 'split_by': 'time'}","tensor([40.3662, 24.3770])","tensor([40.7119, 24.7341])","tensor([nan, nan])",0,0,grid_search_shd_rsnn_lr/shd_biograd_rec_1_layers_float_transposed_loss_direct_frames_10_time_100364571_exp_shd_rsnn_lr_41,100364571,50
98,0.6565718489455615,0.5441696113074205,47,0.5,0.5,"[0.7, 0.7]","[0.7, 0.7]",0.001,0.003,0.0004,"{'data_type': 'frame', 'duration': None, 'n_bins': 4, 'frames': 10, 'split_by': 'time'}","tensor([40.1651, 31.9520])","tensor([40.7083, 32.7671])","tensor([nan, nan])",0,0,grid_search_shd_rsnn_lr/shd_biograd_rec_1_layers_float_transposed_loss_direct_frames_10_time_100364571_exp_shd_rsnn_lr_98,100364571,50
134,0.676679744973026,0.5962897526501767,47,0.5,0.5,"[1.5, 1.5]","[0.7, 0.7]",0.001,0.003,0.0004,"{'data_type': 'frame', 'duration': None, 'n_bins': 4, 'frames': 10, 'split_by': 'time'}","tensor([37.7662, 29.7536])","tensor([38.4435, 30.4715])","tensor([nan, nan])",0,0,grid_search_shd_rsnn_lr/shd_biograd_rec_1_layers_float_transposed_loss_direct_frames_10_time_100364571_exp_shd_rsnn_lr_134,100364571,50
97,0.6603727317312408,0.5463780918727915,49,0.5,0.5,"[0.7, 0.7]","[0.7, 0.7]",0.001,0.01,0.0004,"{'data_type': 'frame', 'duration': None, 'n_bins': 4, 'frames': 10, 'split_by': 'time'}","tensor([40.8563, 30.8323])","tensor([41.4395, 32.2549])","tensor([nan, nan])",0,0,grid_search_shd_rsnn_lr/shd_biograd_rec_1_layers_float_transposed_loss_direct_frames_10_time_100364571_exp_shd_rsnn_lr_97,100364571,50
13,0.7593182932810201,0.6024734982332155,48,0.5,0.5,"[0.3, 0.6]","[0.5, 1.0]",0.001,0.01,0.001,"{'data_type': 'frame', 'duration': None, 'n_bins': 4, 'frames': 10, 'split_by': 'time'}","tensor([42.6756, 26.9352])","tensor([43.0741, 27.5835])","tensor([nan, nan])",0,0,grid_search_shd_rsnn_lr/shd_biograd_rec_1_layers_float_transposed_loss_direct_frames_10_time_100364571_exp_shd_rsnn_lr_13,100364571,50
138,0.7187346738597352,0.6360424028268551,47,0.5,0.5,"[1.5, 1.5]","[1.5, 1.5]",0.001,0.1,0.001,"{'data_type': 'frame', 'duration': None, 'n_bins': 4, 'frames': 10, 'split_by': 'time'}","tensor([40.0725, 26.7300])","tensor([40.4670, 27.3330])","tensor([nan, nan])",0,0,grid_search_shd_rsnn_lr/shd_biograd_rec_1_layers_float_transposed_loss_direct_frames_10_time_100364571_exp_shd_rsnn_lr_138,100364571,50
133,0.6867336929867582,0.6037985865724381,48,0.5,0.5,"[1.5, 1.5]","[0.7, 0.7]",0.001,0.01,0.0004,"{'data_type': 'frame', 'duration': None, 'n_bins': 4, 'frames': 10, 'split_by': 'time'}","tensor([37.7384, 29.0539])","tensor([38.3270, 30.0342])","tensor([nan, nan])",0,0,grid_search_shd_rsnn_lr/shd_biograd_rec_1_layers_float_transposed_loss_direct_frames_10_time_100364571_exp_shd_rsnn_lr_133,100364571,50
56,0.8532368808239333,0.7058303886925795,47,0.5,0.5,"[0.5, 1.0]","[0.7, 0.7]",0.001,0.003,0.003,"{'data_type': 'frame', 'duration': None, 'n_bins': 4, 'frames': 10, 'split_by': 'time'}","tensor([38.9159, 20.6289])","tensor([39.1795, 20.6596])","tensor([nan, nan])",0,0,grid_search_shd_rsnn_lr/shd_biograd_rec_1_layers_float_transposed_loss_direct_frames_10_time_100364571_exp_shd_rsnn_lr_56,100364571,50
117,0.8388916135360471,0.7075971731448764,48,0.5,0.5,"[1.5, 1.5]","[0.5, 1.0]",0.001,0.1,0.003,"{'data_type': 'frame', 'duration': None, 'n_bins': 4, 'frames': 10, 'split_by': 'time'}","tensor([37.9196, 20.3425])","tensor([38.3806, 20.6964])","tensor([nan, nan])",0,0,grid_search_shd_rsnn_lr/shd_biograd_rec_1_layers_float_transposed_loss_direct_frames_10_time_100364571_exp_shd_rsnn_lr_117,100364571,50
21,0.7644678764100049,0.6360424028268551,48,0.5,0.5,"[0.3, 0.6]","[0.7, 0.7]",0.001,0.1,0.001,"{'data_type': 'frame', 'duration': None, 'n_bins': 4, 'frames': 10, 'split_by': 'time'}","tensor([44.9297, 25.2683])","tensor([45.1074, 25.8859])","tensor([nan, nan])",0,0,grid_search_shd_rsnn_lr/shd_biograd_rec_1_layers_float_transposed_loss_direct_frames_10_time_100364571_exp_shd_rsnn_lr_21,100364571,50
37,0.8701569396763119,0.7173144876325088,49,0.5,0.5,"[0.5, 1.0]","[0.3, 0.6]",0.001,0.01,0.003,"{'data_type': 'frame', 'duration': None, 'n_bins': 4, 'frames': 10, 'split_by': 'time'}","tensor([38.3948, 18.8468])","tensor([38.6848, 19.3968])","tensor([nan, nan])",0,0,grid_search_shd_rsnn_lr/shd_biograd_rec_1_layers_float_transposed_loss_direct_frames_10_time_100364571_exp_shd_rsnn_lr_37,100364571,50
68,0.7229033840117705,0.6492932862190812,48,0.5,0.5,"[0.5, 1.0]","[1.5, 1.5]",0.001,0.003,0.001,"{'data_type': 'frame', 'duration': None, 'n_bins': 4, 'frames': 10, 'split_by': 'time'}","tensor([42.0846, 29.1597])","tensor([42.5741, 29.8167])","tensor([nan, nan])",0,0,grid_search_shd_rsnn_lr/shd_biograd_rec_1_layers_float_transposed_loss_direct_frames_10_time_100364571_exp_shd_rsnn_lr_68,100364571,50
127,0.862309955860716,0.708922261484099,48,0.5,0.5,"[1.5, 1.5]","[0.7, 0.7]",0.001,0.01,0.003,"{'data_type': 'frame', 'duration': None, 'n_bins': 4, 'frames': 10, 'split_by': 'time'}","tensor([35.9400, 20.1248])","tensor([36.2419, 20.5382])","tensor([nan, nan])",0,0,grid_search_shd_rsnn_lr/shd_biograd_rec_1_layers_float_transposed_loss_direct_frames_10_time_100364571_exp_shd_rsnn_lr_127,100364571,50
109,0.8528690534575772,0.7252650176678446,47,0.5,0.5,"[1.5, 1.5]","[0.3, 0.6]",0.001,0.01,0.003,"{'data_type': 'frame', 'duration': None, 'n_bins': 4, 'frames': 10, 'split_by': 'time'}","tensor([35.3334, 18.4118])","tensor([35.5957, 18.6025])","tensor([nan, nan])",0,0,grid_search_shd_rsnn_lr/shd_biograd_rec_1_layers_float_transposed_loss_direct_frames_10_time_100364571_exp_shd_rsnn_lr_109,100364571,50
104,0.7026728788621873,0.625,47,0.5,0.5,"[0.7, 0.7]","[1.5, 1.5]",0.001,0.003,0.001,"{'data_type': 'frame', 'duration': None, 'n_bins': 4, 'frames': 10, 'split_by': 'time'}","tensor([40.5531, 28.8192])","tensor([41.0067, 29.4085])","tensor([nan, nan])",0,0,grid_search_shd_rsnn_lr/shd_biograd_rec_1_layers_float_transposed_loss_direct_frames_10_time_100364571_exp_shd_rsnn_lr_104,100364571,50
58,0.7880088278567925,0.6329505300353356,48,0.5,0.5,"[0.5, 1.0]","[0.7, 0.7]",0.001,0.01,0.001,"{'data_type': 'frame', 'duration': None, 'n_bins': 4, 'frames': 10, 'split_by': 'time'}","tensor([41.5031, 25.6305])","tensor([42.0466, 26.4320])","tensor([nan, nan])",0,0,grid_search_shd_rsnn_lr/shd_biograd_rec_1_layers_float_transposed_loss_direct_frames_10_time_100364571_exp_shd_rsnn_lr_58,100364571,50
139,0.7232712113781266,0.6563604240282686,48,0.5,0.5,"[1.5, 1.5]","[1.5, 1.5]",0.001,0.01,0.001,"{'data_type': 'frame', 'duration': None, 'n_bins': 4, 'frames': 10, 'split_by': 'time'}","tensor([39.1342, 28.2640])","tensor([39.6888, 29.0170])","tensor([nan, nan])",0,0,grid_search_shd_rsnn_lr/shd_biograd_rec_1_layers_float_transposed_loss_direct_frames_10_time_100364571_exp_shd_rsnn_lr_139,100364571,50
123,0.6606179499754782,0.5786219081272085,48,0.5,0.5,"[1.5, 1.5]","[0.5, 1.0]",0.001,0.1,0.0004,"{'data_type': 'frame', 'duration': None, 'n_bins': 4, 'frames': 10, 'split_by': 'time'}","tensor([39.7214, 31.0681])","tensor([40.2219, 31.7295])","tensor([nan, nan])",0,0,grid_search_shd_rsnn_lr/shd_biograd_rec_1_layers_float_transposed_loss_direct_frames_10_time_100364571_exp_shd_rsnn_lr_123,100364571,50
39,0.784698381559588,0.6347173144876325,47,0.5,0.5,"[0.5, 1.0]","[0.3, 0.6]",0.001,0.1,0.001,"{'data_type': 'frame', 'duration': None, 'n_bins': 4, 'frames': 10, 'split_by': 'time'}","tensor([42.3430, 23.4099])","tensor([42.6699, 23.7100])","tensor([nan, nan])",0,0,grid_search_shd_rsnn_lr/shd_biograd_rec_1_layers_float_transposed_loss_direct_frames_10_time_100364571_exp_shd_rsnn_lr_39,100364571,50
83,0.8493133889161354,0.6762367491166078,48,0.5,0.5,"[0.7, 0.7]","[0.5, 1.0]",0.001,0.003,0.003,"{'data_type': 'frame', 'duration': None, 'n_bins': 4, 'frames': 10, 'split_by': 'time'}","tensor([39.0870, 21.2410])","tensor([39.3628, 21.4243])","tensor([nan, nan])",0,0,grid_search_shd_rsnn_lr/shd_biograd_rec_1_layers_float_transposed_loss_direct_frames_10_time_100364571_exp_shd_rsnn_lr_83,100364571,50
81,0.7918097106424719,0.6665194346289752,36,0.5,0.5,"[0.7, 0.7]","[0.5, 1.0]",0.001,0.1,0.003,"{'data_type': 'frame', 'duration': None, 'n_bins': 4, 'frames': 10, 'split_by': 'time'}","tensor([40.8832, 21.5341])","tensor([41.1825, 22.0082])","tensor([nan, nan])",0,0,grid_search_shd_rsnn_lr/shd_biograd_rec_1_layers_float_transposed_loss_direct_frames_10_time_100364571_exp_shd_rsnn_lr_81,100364571,50
43,0.6931093673369298,0.5825971731448764,49,0.5,0.5,"[0.5, 1.0]","[0.3, 0.6]",0.001,0.01,0.0004,"{'data_type': 'frame', 'duration': None, 'n_bins': 4, 'frames': 10, 'split_by': 'time'}","tensor([41.3690, 29.9098])","tensor([41.8676, 30.4863])","tensor([nan, nan])",0,0,grid_search_shd_rsnn_lr/shd_biograd_rec_1_layers_float_transposed_loss_direct_frames_10_time_100364571_exp_shd_rsnn_lr_43,100364571,50
46,0.8511525257479157,0.6947879858657244,48,0.5,0.5,"[0.5, 1.0]","[0.5, 1.0]",0.001,0.01,0.003,"{'data_type': 'frame', 'duration': None, 'n_bins': 4, 'frames': 10, 'split_by': 'time'}","tensor([39.6223, 21.1391])","tensor([39.8433, 21.3821])","tensor([nan, nan])",0,0,grid_search_shd_rsnn_lr/shd_biograd_rec_1_layers_float_transposed_loss_direct_frames_10_time_100364571_exp_shd_rsnn_lr_46,100364571,50
113,0.7945071113290829,0.6528268551236749,47,0.5,0.5,"[1.5, 1.5]","[0.3, 0.6]",0.001,0.003,0.001,"{'data_type': 'frame', 'duration': None, 'n_bins': 4, 'frames': 10, 'split_by': 'time'}","tensor([36.6687, 23.8591])","tensor([37.2746, 24.5897])","tensor([nan, nan])",0,0,grid_search_shd_rsnn_lr/shd_biograd_rec_1_layers_float_transposed_loss_direct_frames_10_time_100364571_exp_shd_rsnn_lr_113,100364571,50
135,0.7829818538499265,0.6749116607773852,34,0.5,0.5,"[1.5, 1.5]","[1.5, 1.5]",0.001,0.1,0.003,"{'data_type': 'frame', 'duration': None, 'n_bins': 4, 'frames': 10, 'split_by': 'time'}","tensor([38.8087, 21.9847])","tensor([38.9842, 22.3142])","tensor([nan, nan])",0,0,grid_search_shd_rsnn_lr/shd_biograd_rec_1_layers_float_transposed_loss_direct_frames_10_time_100364571_exp_shd_rsnn_lr_135,100364571,50
15,0.629107405590976,0.5335689045936396,49,0.5,0.5,"[0.3, 0.6]","[0.5, 1.0]",0.001,0.1,0.0004,"{'data_type': 'frame', 'duration': None, 'n_bins': 4, 'frames': 10, 'split_by': 'time'}","tensor([44.5081, 31.8329])","tensor([44.6206, 32.5907])","tensor([nan, nan])",0,0,grid_search_shd_rsnn_lr/shd_biograd_rec_1_layers_float_transposed_loss_direct_frames_10_time_100364571_exp_shd_rsnn_lr_15,100364571,50
129,0.7826140264835704,0.644434628975265,48,0.5,0.5,"[1.5, 1.5]","[0.7, 0.7]",0.001,0.1,0.001,"{'data_type': 'frame', 'duration': None, 'n_bins': 4, 'frames': 10, 'split_by': 'time'}","tensor([39.5372, 24.2885])","tensor([40.0585, 24.7056])","tensor([nan, nan])",0,0,grid_search_shd_rsnn_lr/shd_biograd_rec_1_layers_float_transposed_loss_direct_frames_10_time_100364571_exp_shd_rsnn_lr_129,100364571,50
92,0.8518881804806278,0.698321554770318,48,0.5,0.5,"[0.7, 0.7]","[0.7, 0.7]",0.001,0.003,0.003,"{'data_type': 'frame', 'duration': None, 'n_bins': 4, 'frames': 10, 'split_by': 'time'}","tensor([38.6633, 20.4497])","tensor([39.0756, 20.9529])","tensor([nan, nan])",0,0,grid_search_shd_rsnn_lr/shd_biograd_rec_1_layers_float_transposed_loss_direct_frames_10_time_100364571_exp_shd_rsnn_lr_92,100364571,50
121,0.7708435507601765,0.6342756183745583,47,0.5,0.5,"[1.5, 1.5]","[0.5, 1.0]",0.001,0.01,0.001,"{'data_type': 'frame', 'duration': None, 'n_bins': 4, 'frames': 10, 'split_by': 'time'}","tensor([38.1332, 25.5369])","tensor([38.8239, 25.6964])","tensor([nan, nan])",0,0,grid_search_shd_rsnn_lr/shd_biograd_rec_1_layers_float_transposed_loss_direct_frames_10_time_100364571_exp_shd_rsnn_lr_121,100364571,50
62,0.6629475232957333,0.5671378091872792,48,0.5,0.5,"[0.5, 1.0]","[0.7, 0.7]",0.001,0.003,0.0004,"{'data_type': 'frame', 'duration': None, 'n_bins': 4, 'frames': 10, 'split_by': 'time'}","tensor([41.2925, 31.0182])","tensor([41.7436, 31.7024])","tensor([nan, nan])",0,0,grid_search_shd_rsnn_lr/shd_biograd_rec_1_layers_float_transposed_loss_direct_frames_10_time_100364571_exp_shd_rsnn_lr_62,100364571,50
76,0.7794261893084845,0.6219081272084805,48,0.5,0.5,"[0.7, 0.7]","[0.3, 0.6]",0.001,0.01,0.001,"{'data_type': 'frame', 'duration': None, 'n_bins': 4, 'frames': 10, 'split_by': 'time'}","tensor([40.1941, 24.6713])","tensor([40.7670, 25.2736])","tensor([nan, nan])",0,0,grid_search_shd_rsnn_lr/shd_biograd_rec_1_layers_float_transposed_loss_direct_frames_10_time_100364571_exp_shd_rsnn_lr_76,100364571,50
72,0.8214811181951938,0.6837455830388692,47,0.5,0.5,"[0.7, 0.7]","[0.3, 0.6]",0.001,0.1,0.003,"{'data_type': 'frame', 'duration': None, 'n_bins': 4, 'frames': 10, 'split_by': 'time'}","tensor([40.5124, 19.3993])","tensor([40.8025, 19.5442])","tensor([nan, nan])",0,0,grid_search_shd_rsnn_lr/shd_biograd_rec_1_layers_float_transposed_loss_direct_frames_10_time_100364571_exp_shd_rsnn_lr_72,100364571,50
4,0.7655713585090731,0.6139575971731449,43,0.5,0.5,"[0.3, 0.6]","[0.3, 0.6]",0.001,0.01,0.001,"{'data_type': 'frame', 'duration': None, 'n_bins': 4, 'frames': 10, 'split_by': 'time'}","tensor([42.2403, 25.8398])","tensor([42.5793, 26.8186])","tensor([nan, nan])",0,0,grid_search_shd_rsnn_lr/shd_biograd_rec_1_layers_float_transposed_loss_direct_frames_10_time_100364571_exp_shd_rsnn_lr_4,100364571,50
125,0.6662579695929377,0.5909893992932862,49,0.5,0.5,"[1.5, 1.5]","[0.5, 1.0]",0.001,0.003,0.0004,"{'data_type': 'frame', 'duration': None, 'n_bins': 4, 'frames': 10, 'split_by': 'time'}","tensor([37.2406, 32.0381])","tensor([37.8257, 32.7540])","tensor([nan, nan])",0,0,grid_search_shd_rsnn_lr/shd_biograd_rec_1_layers_float_transposed_loss_direct_frames_10_time_100364571_exp_shd_rsnn_lr_125,100364571,50
120,0.7732957332025503,0.6214664310954063,48,0.5,0.5,"[1.5, 1.5]","[0.5, 1.0]",0.001,0.1,0.001,"{'data_type': 'frame', 'duration': None, 'n_bins': 4, 'frames': 10, 'split_by': 'time'}","tensor([39.2230, 24.7231])","tensor([39.8366, 25.1575])","tensor([nan, nan])",0,0,grid_search_shd_rsnn_lr/shd_biograd_rec_1_layers_float_transposed_loss_direct_frames_10_time_100364571_exp_shd_rsnn_lr_120,100364571,50
107,0.5728298185384992,0.5291519434628975,48,0.5,0.5,"[0.7, 0.7]","[1.5, 1.5]",0.001,0.003,0.0004,"{'data_type': 'frame', 'duration': None, 'n_bins': 4, 'frames': 10, 'split_by': 'time'}","tensor([40.7866, 36.6951])","tensor([41.3331, 37.7966])","tensor([nan, nan])",0,0,grid_search_shd_rsnn_lr/shd_biograd_rec_1_layers_float_transposed_loss_direct_frames_10_time_100364571_exp_shd_rsnn_lr_107,100364571,50
26,0.6405100539480137,0.5388692579505301,47,0.5,0.5,"[0.3, 0.6]","[0.7, 0.7]",0.001,0.003,0.0004,"{'data_type': 'frame', 'duration': None, 'n_bins': 4, 'frames': 10, 'split_by': 'time'}","tensor([42.0559, 32.2794])","tensor([42.4359, 33.1147])","tensor([nan, nan])",0,0,grid_search_shd_rsnn_lr/shd_biograd_rec_1_layers_float_transposed_loss_direct_frames_10_time_100364571_exp_shd_rsnn_lr_26,100364571,50
33,0.5626532614026484,0.5181095406360424,49,0.5,0.5,"[0.3, 0.6]","[1.5, 1.5]",0.001,0.1,0.0004,"{'data_type': 'frame', 'duration': None, 'n_bins': 4, 'frames': 10, 'split_by': 'time'}","tensor([45.2394, 36.5180])","tensor([45.4000, 37.3780])","tensor([nan, nan])",0,0,grid_search_shd_rsnn_lr/shd_biograd_rec_1_layers_float_transposed_loss_direct_frames_10_time_100364571_exp_shd_rsnn_lr_33,100364571,50
132,0.6820745463462482,0.575530035335689,48,0.5,0.5,"[1.5, 1.5]","[0.7, 0.7]",0.001,0.1,0.0004,"{'data_type': 'frame', 'duration': None, 'n_bins': 4, 'frames': 10, 'split_by': 'time'}","tensor([39.7826, 29.1550])","tensor([40.2488, 29.8061])","tensor([nan, nan])",0,0,grid_search_shd_rsnn_lr/shd_biograd_rec_1_layers_float_transposed_loss_direct_frames_10_time_100364571_exp_shd_rsnn_lr_132,100364571,50
71,0.5918342324668955,0.536660777385159,48,0.5,0.5,"[0.5, 1.0]","[1.5, 1.5]",0.001,0.003,0.0004,"{'data_type': 'frame', 'duration': None, 'n_bins': 4, 'frames': 10, 'split_by': 'time'}","tensor([42.3962, 37.1240])","tensor([42.8916, 37.9699])","tensor([nan, nan])",0,0,grid_search_shd_rsnn_lr/shd_biograd_rec_1_layers_float_transposed_loss_direct_frames_10_time_100364571_exp_shd_rsnn_lr_71,100364571,50
126,0.8550760176557136,0.7279151943462897,47,0.5,0.5,"[1.5, 1.5]","[0.7, 0.7]",0.001,0.1,0.003,"{'data_type': 'frame', 'duration': None, 'n_bins': 4, 'frames': 10, 'split_by': 'time'}","tensor([37.0224, 19.4530])","tensor([37.4224, 19.8589])","tensor([nan, nan])",0,0,grid_search_shd_rsnn_lr/shd_biograd_rec_1_layers_float_transposed_loss_direct_frames_10_time_100364571_exp_shd_rsnn_lr_126,100364571,50
11,0.8311672388425699,0.6532685512367491,49,0.5,0.5,"[0.3, 0.6]","[0.5, 1.0]",0.001,0.003,0.003,"{'data_type': 'frame', 'duration': None, 'n_bins': 4, 'frames': 10, 'split_by': 'time'}","tensor([41.1112, 20.8239])","tensor([41.2680, 21.0759])","tensor([nan, nan])",0,0,grid_search_shd_rsnn_lr/shd_biograd_rec_1_layers_float_transposed_loss_direct_frames_10_time_100364571_exp_shd_rsnn_lr_11,100364571,50
9,0.7994114762138304,0.651060070671378,42,0.5,0.5,"[0.3, 0.6]","[0.5, 1.0]",0.001,0.1,0.003,"{'data_type': 'frame', 'duration': None, 'n_bins': 4, 'frames': 10, 'split_by': 'time'}","tensor([42.6687, 22.1224])","tensor([42.7402, 22.7426])","tensor([nan, nan])",0,0,grid_search_shd_rsnn_lr/shd_biograd_rec_1_layers_float_transposed_loss_direct_frames_10_time_100364571_exp_shd_rsnn_lr_9,100364571,50
35,0.5669445806768023,0.526060070671378,48,0.5,0.5,"[0.3, 0.6]","[1.5, 1.5]",0.001,0.003,0.0004,"{'data_type': 'frame', 'duration': None, 'n_bins': 4, 'frames': 10, 'split_by': 'time'}","tensor([43.0247, 37.1160])","tensor([43.3275, 37.7356])","tensor([nan, nan])",0,0,grid_search_shd_rsnn_lr/shd_biograd_rec_1_layers_float_transposed_loss_direct_frames_10_time_100364571_exp_shd_rsnn_lr_35,100364571,50
80,0.6794997547817557,0.5786219081272085,49,0.5,0.5,"[0.7, 0.7]","[0.3, 0.6]",0.001,0.003,0.0004,"{'data_type': 'frame', 'duration': None, 'n_bins': 4, 'frames': 10, 'split_by': 'time'}","tensor([40.1573, 29.4901])","tensor([40.7556, 30.4286])","tensor([nan, nan])",0,0,grid_search_shd_rsnn_lr/shd_biograd_rec_1_layers_float_transposed_loss_direct_frames_10_time_100364571_exp_shd_rsnn_lr_80,100364571,50
55,0.8484551250613046,0.6881625441696113,49,0.5,0.5,"[0.5, 1.0]","[0.7, 0.7]",0.001,0.01,0.003,"{'data_type': 'frame', 'duration': None, 'n_bins': 4, 'frames': 10, 'split_by': 'time'}","tensor([39.2315, 19.7567])","tensor([39.4864, 19.9923])","tensor([nan, nan])",0,0,grid_search_shd_rsnn_lr/shd_biograd_rec_1_layers_float_transposed_loss_direct_frames_10_time_100364571_exp_shd_rsnn_lr_55,100364571,50
78,0.6771701814615008,0.5600706713780919,49,0.5,0.5,"[0.7, 0.7]","[0.3, 0.6]",0.001,0.1,0.0004,"{'data_type': 'frame', 'duration': None, 'n_bins': 4, 'frames': 10, 'split_by': 'time'}","tensor([41.9366, 28.4196])","tensor([42.2588, 29.1643])","tensor([nan, nan])",0,0,grid_search_shd_rsnn_lr/shd_biograd_rec_1_layers_float_transposed_loss_direct_frames_10_time_100364571_exp_shd_rsnn_lr_78,100364571,50
2,0.8409759686120647,0.678886925795053,48,0.5,0.5,"[0.3, 0.6]","[0.3, 0.6]",0.001,0.003,0.003,"{'data_type': 'frame', 'duration': None, 'n_bins': 4, 'frames': 10, 'split_by': 'time'}","tensor([40.4905, 20.0911])","tensor([40.5575, 20.3580])","tensor([nan, nan])",0,0,grid_search_shd_rsnn_lr/shd_biograd_rec_1_layers_float_transposed_loss_direct_frames_10_time_100364571_exp_shd_rsnn_lr_2,100364571,50
