id,train_acc,val_acc,best_epoch,vdecay,hidden_layer,out_layer,lr_hidden,lr_output,data_params,train_activations,val_activations,train_activations_fb,fb_angle,fb_ratio,session_name,seed,epochs
73,0.26508092202059835,0.284452296819788,32,0.5,"[1000.0, 2000.0]","[1000.0, 2000.0]",-16,-2,"{'data_type': 'frame', 'duration': 50, 'n_bins': 4, 'frames': 20, 'split_by': 'time'}","tensor([14.7195,  0.2671])","tensor([14.2911,  0.3519])","tensor([nan, nan])",0,0,grid_search_shd_int_data/mnist_biograd_quant_1_layers_int_16_16_8_transposed_loss_direct_frames_20_time_100364571_exp_shd_int_data_73,100364571,50
80,0.23810691515448748,0.24469964664310953,38,0.5,"[2000.0, 4000.0]","[250.0, 500.0]",-16,0,"{'data_type': 'frame', 'duration': 50, 'n_bins': 4, 'frames': 20, 'split_by': 'time'}","tensor([5.0630, 0.2821])","tensor([4.5897, 0.3512])","tensor([nan, nan])",0,0,grid_search_shd_int_data/mnist_biograd_quant_1_layers_int_16_16_8_transposed_loss_direct_frames_20_time_100364571_exp_shd_int_data_80,100364571,50
43,0.3106915154487494,0.284452296819788,46,0.5,"[16000.0, 32000.0]","[1000.0, 2000.0]",-16,-2,"{'data_type': 'frame', 'duration': None, 'n_bins': 1, 'frames': 20, 'split_by': 'time'}","tensor([15.2082,  0.3650])","tensor([15.5185,  0.3124])","tensor([nan, nan])",0,0,grid_search_shd_int_data/mnist_biograd_quant_1_layers_int_16_16_8_transposed_loss_direct_frames_20_time_100364571_exp_shd_int_data_43,100364571,50
24,0.24264345267287887,0.2760600706713781,26,0.5,"[1000.0, 2000.0]","[2000.0, 4000.0]",-16,0,"{'data_type': 'frame', 'duration': None, 'n_bins': 1, 'frames': 20, 'split_by': 'time'}","tensor([9.6517, 0.3367])","tensor([9.1006, 0.5603])","tensor([nan, nan])",0,0,grid_search_shd_int_data/mnist_biograd_quant_1_layers_int_16_16_8_transposed_loss_direct_frames_20_time_100364571_exp_shd_int_data_24,100364571,50
32,0.17925453653751838,0.2588339222614841,19,0.5,"[2000.0, 4000.0]","[1000.0, 2000.0]",-16,0,"{'data_type': 'frame', 'duration': None, 'n_bins': 1, 'frames': 20, 'split_by': 'time'}","tensor([4.2937, 0.3440])","tensor([4.0770, 0.4211])","tensor([nan, nan])",0,0,grid_search_shd_int_data/mnist_biograd_quant_1_layers_int_16_16_8_transposed_loss_direct_frames_20_time_100364571_exp_shd_int_data_32,100364571,50
82,0.2108876900441393,0.2667844522968198,25,0.5,"[2000.0, 4000.0]","[1000.0, 2000.0]",-16,0,"{'data_type': 'frame', 'duration': 50, 'n_bins': 4, 'frames': 20, 'split_by': 'time'}","tensor([4.9005, 0.2613])","tensor([4.4073, 0.3802])","tensor([nan, nan])",0,0,grid_search_shd_int_data/mnist_biograd_quant_1_layers_int_16_16_8_transposed_loss_direct_frames_20_time_100364571_exp_shd_int_data_82,100364571,50
84,0.2978175576262874,0.33171378091872794,41,0.5,"[2000.0, 4000.0]","[2000.0, 4000.0]",-16,0,"{'data_type': 'frame', 'duration': 50, 'n_bins': 4, 'frames': 20, 'split_by': 'time'}","tensor([10.2930,  0.2826])","tensor([10.0577,  0.3438])","tensor([nan, nan])",0,0,grid_search_shd_int_data/mnist_biograd_quant_1_layers_int_16_16_8_transposed_loss_direct_frames_20_time_100364571_exp_shd_int_data_84,100364571,50
87,0.24129475232957331,0.2575088339222615,44,0.5,"[2000.0, 4000.0]","[16000.0, 32000.0]",-16,-2,"{'data_type': 'frame', 'duration': 50, 'n_bins': 4, 'frames': 20, 'split_by': 'time'}","tensor([18.3052,  0.2296])","tensor([18.4061,  0.2333])","tensor([nan, nan])",0,0,grid_search_shd_int_data/mnist_biograd_quant_1_layers_int_16_16_8_transposed_loss_direct_frames_20_time_100364571_exp_shd_int_data_87,100364571,50
51,0.09673859735164296,0.12455830388692579,34,0.5,"[5, 10]","[250.0, 500.0]",-16,-2,"{'data_type': 'frame', 'duration': 50, 'n_bins': 4, 'frames': 20, 'split_by': 'time'}","tensor([23.8822,  0.1405])","tensor([22.1606,  0.1783])","tensor([nan, nan])",0,0,grid_search_shd_int_data/mnist_biograd_quant_1_layers_int_16_16_8_transposed_loss_direct_frames_20_time_100364571_exp_shd_int_data_51,100364571,50
12,0.25306522805296716,0.2831272084805654,24,0.5,"[250.0, 500.0]","[1000.0, 2000.0]",-16,0,"{'data_type': 'frame', 'duration': None, 'n_bins': 1, 'frames': 20, 'split_by': 'time'}","tensor([10.5616,  0.3555])","tensor([9.4343, 0.4619])","tensor([nan, nan])",0,0,grid_search_shd_int_data/mnist_biograd_quant_1_layers_int_16_16_8_transposed_loss_direct_frames_20_time_100364571_exp_shd_int_data_12,100364571,50
83,0.24350171652770966,0.26943462897526504,27,0.5,"[2000.0, 4000.0]","[1000.0, 2000.0]",-16,-2,"{'data_type': 'frame', 'duration': 50, 'n_bins': 4, 'frames': 20, 'split_by': 'time'}","tensor([11.6561,  0.2757])","tensor([11.0926,  0.2750])","tensor([nan, nan])",0,0,grid_search_shd_int_data/mnist_biograd_quant_1_layers_int_16_16_8_transposed_loss_direct_frames_20_time_100364571_exp_shd_int_data_83,100364571,50
72,0.2963462481608632,0.26943462897526504,44,0.5,"[1000.0, 2000.0]","[1000.0, 2000.0]",-16,0,"{'data_type': 'frame', 'duration': 50, 'n_bins': 4, 'frames': 20, 'split_by': 'time'}","tensor([8.9972, 0.2903])","tensor([8.9039, 0.4282])","tensor([nan, nan])",0,0,grid_search_shd_int_data/mnist_biograd_quant_1_layers_int_16_16_8_transposed_loss_direct_frames_20_time_100364571_exp_shd_int_data_72,100364571,50
62,0.29156449239823445,0.26545936395759717,47,0.5,"[250.0, 500.0]","[1000.0, 2000.0]",-16,0,"{'data_type': 'frame', 'duration': 50, 'n_bins': 4, 'frames': 20, 'split_by': 'time'}","tensor([12.3543,  0.2892])","tensor([11.6463,  0.3332])","tensor([nan, nan])",0,0,grid_search_shd_int_data/mnist_biograd_quant_1_layers_int_16_16_8_transposed_loss_direct_frames_20_time_100364571_exp_shd_int_data_62,100364571,50
19,0.1706718979892104,0.24293286219081273,37,0.5,"[250.0, 500.0]","[64000, 128000]",-16,-2,"{'data_type': 'frame', 'duration': None, 'n_bins': 1, 'frames': 20, 'split_by': 'time'}","tensor([41.2788,  0.2660])","tensor([40.6194,  0.5126])","tensor([nan, nan])",0,0,grid_search_shd_int_data/mnist_biograd_quant_1_layers_int_16_16_8_transposed_loss_direct_frames_20_time_100364571_exp_shd_int_data_19,100364571,50
86,0.17214320745463463,0.27164310954063603,19,0.5,"[2000.0, 4000.0]","[16000.0, 32000.0]",-16,0,"{'data_type': 'frame', 'duration': 50, 'n_bins': 4, 'frames': 20, 'split_by': 'time'}","tensor([6.3671, 0.2343])","tensor([5.9142, 0.2967])","tensor([nan, nan])",0,0,grid_search_shd_int_data/mnist_biograd_quant_1_layers_int_16_16_8_transposed_loss_direct_frames_20_time_100364571_exp_shd_int_data_86,100364571,50
36,0.2898479646885728,0.2579505300353357,49,0.5,"[2000.0, 4000.0]","[16000.0, 32000.0]",-16,0,"{'data_type': 'frame', 'duration': None, 'n_bins': 1, 'frames': 20, 'split_by': 'time'}","tensor([20.3323,  0.3108])","tensor([19.9567,  0.2823])","tensor([nan, nan])",0,0,grid_search_shd_int_data/mnist_biograd_quant_1_layers_int_16_16_8_transposed_loss_direct_frames_20_time_100364571_exp_shd_int_data_36,100364571,50
74,0.2704757233938205,0.3025618374558304,32,0.5,"[1000.0, 2000.0]","[2000.0, 4000.0]",-16,0,"{'data_type': 'frame', 'duration': 50, 'n_bins': 4, 'frames': 20, 'split_by': 'time'}","tensor([8.7621, 0.2758])","tensor([8.1205, 0.3079])","tensor([nan, nan])",0,0,grid_search_shd_int_data/mnist_biograd_quant_1_layers_int_16_16_8_transposed_loss_direct_frames_20_time_100364571_exp_shd_int_data_74,100364571,50
27,0.2080676802354095,0.26413427561837455,27,0.5,"[1000.0, 2000.0]","[16000.0, 32000.0]",-16,-2,"{'data_type': 'frame', 'duration': None, 'n_bins': 1, 'frames': 20, 'split_by': 'time'}","tensor([25.9283,  0.2844])","tensor([25.4192,  0.3167])","tensor([nan, nan])",0,0,grid_search_shd_int_data/mnist_biograd_quant_1_layers_int_16_16_8_transposed_loss_direct_frames_20_time_100364571_exp_shd_int_data_27,100364571,50
75,0.26814615007356546,0.2769434628975265,32,0.5,"[1000.0, 2000.0]","[2000.0, 4000.0]",-16,-2,"{'data_type': 'frame', 'duration': 50, 'n_bins': 4, 'frames': 20, 'split_by': 'time'}","tensor([14.6715,  0.2729])","tensor([13.9845,  0.2402])","tensor([nan, nan])",0,0,grid_search_shd_int_data/mnist_biograd_quant_1_layers_int_16_16_8_transposed_loss_direct_frames_20_time_100364571_exp_shd_int_data_75,100364571,50
37,0.20794507111329083,0.22968197879858657,31,0.5,"[2000.0, 4000.0]","[16000.0, 32000.0]",-16,-2,"{'data_type': 'frame', 'duration': None, 'n_bins': 1, 'frames': 20, 'split_by': 'time'}","tensor([26.9296,  0.2927])","tensor([25.8672,  0.3272])","tensor([nan, nan])",0,0,grid_search_shd_int_data/mnist_biograd_quant_1_layers_int_16_16_8_transposed_loss_direct_frames_20_time_100364571_exp_shd_int_data_37,100364571,50
29,0.18894065718489456,0.21113074204946997,49,0.5,"[1000.0, 2000.0]","[64000, 128000]",-16,-2,"{'data_type': 'frame', 'duration': None, 'n_bins': 1, 'frames': 20, 'split_by': 'time'}","tensor([39.3890,  0.2653])","tensor([39.0168,  0.2707])","tensor([nan, nan])",0,0,grid_search_shd_int_data/mnist_biograd_quant_1_layers_int_16_16_8_transposed_loss_direct_frames_20_time_100364571_exp_shd_int_data_29,100364571,50
39,0.18072584600294261,0.23056537102473498,33,0.5,"[2000.0, 4000.0]","[64000, 128000]",-16,-2,"{'data_type': 'frame', 'duration': None, 'n_bins': 1, 'frames': 20, 'split_by': 'time'}","tensor([39.8519,  0.2673])","tensor([39.6953,  0.4430])","tensor([nan, nan])",0,0,grid_search_shd_int_data/mnist_biograd_quant_1_layers_int_16_16_8_transposed_loss_direct_frames_20_time_100364571_exp_shd_int_data_39,100364571,50
66,0.23357037763609612,0.2628091872791519,38,0.5,"[250.0, 500.0]","[16000.0, 32000.0]",-16,0,"{'data_type': 'frame', 'duration': 50, 'n_bins': 4, 'frames': 20, 'split_by': 'time'}","tensor([12.6551,  0.2428])","tensor([11.6964,  0.2188])","tensor([nan, nan])",0,0,grid_search_shd_int_data/mnist_biograd_quant_1_layers_int_16_16_8_transposed_loss_direct_frames_20_time_100364571_exp_shd_int_data_66,100364571,50
69,0.12910740559097597,0.2137809187279152,31,0.5,"[250.0, 500.0]","[64000, 128000]",-16,-2,"{'data_type': 'frame', 'duration': 50, 'n_bins': 4, 'frames': 20, 'split_by': 'time'}","tensor([37.4200,  0.2257])","tensor([37.4710,  0.2817])","tensor([nan, nan])",0,0,grid_search_shd_int_data/mnist_biograd_quant_1_layers_int_16_16_8_transposed_loss_direct_frames_20_time_100364571_exp_shd_int_data_69,100364571,50
95,0.29818538499264347,0.286660777385159,40,0.5,"[16000.0, 32000.0]","[2000.0, 4000.0]",-16,-2,"{'data_type': 'frame', 'duration': 50, 'n_bins': 4, 'frames': 20, 'split_by': 'time'}","tensor([10.3128,  0.2568])","tensor([11.0719,  0.3066])","tensor([nan, nan])",0,0,grid_search_shd_int_data/mnist_biograd_quant_1_layers_int_16_16_8_transposed_loss_direct_frames_20_time_100364571_exp_shd_int_data_95,100364571,50
67,0.21064247179990192,0.25530035335689044,47,0.5,"[250.0, 500.0]","[16000.0, 32000.0]",-16,-2,"{'data_type': 'frame', 'duration': 50, 'n_bins': 4, 'frames': 20, 'split_by': 'time'}","tensor([24.5366,  0.2319])","tensor([23.6682,  0.2385])","tensor([nan, nan])",0,0,grid_search_shd_int_data/mnist_biograd_quant_1_layers_int_16_16_8_transposed_loss_direct_frames_20_time_100364571_exp_shd_int_data_67,100364571,50
48,0.21824423737126042,0.23454063604240283,40,0.5,"[16000.0, 32000.0]","[64000, 128000]",-16,0,"{'data_type': 'frame', 'duration': None, 'n_bins': 1, 'frames': 20, 'split_by': 'time'}","tensor([25.9749,  0.2835])","tensor([26.1489,  0.2845])","tensor([nan, nan])",0,0,grid_search_shd_int_data/mnist_biograd_quant_1_layers_int_16_16_8_transposed_loss_direct_frames_20_time_100364571_exp_shd_int_data_48,100364571,50
10,0.29818538499264347,0.25618374558303886,46,0.5,"[250.0, 500.0]","[250.0, 500.0]",-16,0,"{'data_type': 'frame', 'duration': None, 'n_bins': 1, 'frames': 20, 'split_by': 'time'}","tensor([13.3430,  0.3357])","tensor([13.2919,  0.4642])","tensor([nan, nan])",0,0,grid_search_shd_int_data/mnist_biograd_quant_1_layers_int_16_16_8_transposed_loss_direct_frames_20_time_100364571_exp_shd_int_data_10,100364571,50
11,0.24411476213830308,0.24249116607773852,41,0.5,"[250.0, 500.0]","[250.0, 500.0]",-16,-2,"{'data_type': 'frame', 'duration': None, 'n_bins': 1, 'frames': 20, 'split_by': 'time'}","tensor([29.9171,  0.2766])","tensor([29.0577,  0.2682])","tensor([nan, nan])",0,0,grid_search_shd_int_data/mnist_biograd_quant_1_layers_int_16_16_8_transposed_loss_direct_frames_20_time_100364571_exp_shd_int_data_11,100364571,50
89,0.16785188818048064,0.2314487632508834,40,0.5,"[2000.0, 4000.0]","[64000, 128000]",-16,-2,"{'data_type': 'frame', 'duration': 50, 'n_bins': 4, 'frames': 20, 'split_by': 'time'}","tensor([31.7438,  0.2158])","tensor([33.0528,  0.3614])","tensor([nan, nan])",0,0,grid_search_shd_int_data/mnist_biograd_quant_1_layers_int_16_16_8_transposed_loss_direct_frames_20_time_100364571_exp_shd_int_data_89,100364571,50
96,0.21726336439431093,0.2579505300353357,26,0.5,"[16000.0, 32000.0]","[16000.0, 32000.0]",-16,0,"{'data_type': 'frame', 'duration': 50, 'n_bins': 4, 'frames': 20, 'split_by': 'time'}","tensor([5.3661, 0.2244])","tensor([5.3805, 0.2421])","tensor([nan, nan])",0,0,grid_search_shd_int_data/mnist_biograd_quant_1_layers_int_16_16_8_transposed_loss_direct_frames_20_time_100364571_exp_shd_int_data_96,100364571,50
53,0.11647866601275135,0.14796819787985865,24,0.5,"[5, 10]","[1000.0, 2000.0]",-16,-2,"{'data_type': 'frame', 'duration': 50, 'n_bins': 4, 'frames': 20, 'split_by': 'time'}","tensor([29.4814,  0.1702])","tensor([28.4342,  0.2048])","tensor([nan, nan])",0,0,grid_search_shd_int_data/mnist_biograd_quant_1_layers_int_16_16_8_transposed_loss_direct_frames_20_time_100364571_exp_shd_int_data_53,100364571,50
14,0.3039480137322217,0.28136042402826855,39,0.5,"[250.0, 500.0]","[2000.0, 4000.0]",-16,0,"{'data_type': 'frame', 'duration': None, 'n_bins': 1, 'frames': 20, 'split_by': 'time'}","tensor([17.5286,  0.3688])","tensor([16.7972,  0.4835])","tensor([nan, nan])",0,0,grid_search_shd_int_data/mnist_biograd_quant_1_layers_int_16_16_8_transposed_loss_direct_frames_20_time_100364571_exp_shd_int_data_14,100364571,50
90,0.1998528690534576,0.21863957597173145,29,0.5,"[16000.0, 32000.0]","[250.0, 500.0]",-16,0,"{'data_type': 'frame', 'duration': 50, 'n_bins': 4, 'frames': 20, 'split_by': 'time'}","tensor([1.8241, 0.2874])","tensor([1.6130, 0.1936])","tensor([nan, nan])",0,0,grid_search_shd_int_data/mnist_biograd_quant_1_layers_int_16_16_8_transposed_loss_direct_frames_20_time_100364571_exp_shd_int_data_90,100364571,50
46,0.2831044629720451,0.2628091872791519,46,0.5,"[16000.0, 32000.0]","[16000.0, 32000.0]",-16,0,"{'data_type': 'frame', 'duration': None, 'n_bins': 1, 'frames': 20, 'split_by': 'time'}","tensor([20.6734,  0.3189])","tensor([21.0820,  0.3493])","tensor([nan, nan])",0,0,grid_search_shd_int_data/mnist_biograd_quant_1_layers_int_16_16_8_transposed_loss_direct_frames_20_time_100364571_exp_shd_int_data_46,100364571,50
18,0.25465914664051004,0.22747349823321555,49,0.5,"[250.0, 500.0]","[64000, 128000]",-16,0,"{'data_type': 'frame', 'duration': None, 'n_bins': 1, 'frames': 20, 'split_by': 'time'}","tensor([16.9694,  0.2793])","tensor([16.0427,  0.2875])","tensor([nan, nan])",0,0,grid_search_shd_int_data/mnist_biograd_quant_1_layers_int_16_16_8_transposed_loss_direct_frames_20_time_100364571_exp_shd_int_data_18,100364571,50
50,0.10176557135850907,0.13780918727915195,45,0.5,"[5, 10]","[250.0, 500.0]",-16,0,"{'data_type': 'frame', 'duration': 50, 'n_bins': 4, 'frames': 20, 'split_by': 'time'}","tensor([17.9519,  0.1765])","tensor([16.3936,  0.1889])","tensor([nan, nan])",0,0,grid_search_shd_int_data/mnist_biograd_quant_1_layers_int_16_16_8_transposed_loss_direct_frames_20_time_100364571_exp_shd_int_data_50,100364571,50
41,0.2193477194703286,0.26148409893992935,29,0.5,"[16000.0, 32000.0]","[250.0, 500.0]",-16,-2,"{'data_type': 'frame', 'duration': None, 'n_bins': 1, 'frames': 20, 'split_by': 'time'}","tensor([7.7737, 0.3324])","tensor([8.0845, 0.5336])","tensor([nan, nan])",0,0,grid_search_shd_int_data/mnist_biograd_quant_1_layers_int_16_16_8_transposed_loss_direct_frames_20_time_100364571_exp_shd_int_data_41,100364571,50
22,0.20635115252574793,0.2504416961130742,31,0.5,"[1000.0, 2000.0]","[1000.0, 2000.0]",-16,0,"{'data_type': 'frame', 'duration': None, 'n_bins': 1, 'frames': 20, 'split_by': 'time'}","tensor([8.0796, 0.3573])","tensor([7.5170, 0.5612])","tensor([nan, nan])",0,0,grid_search_shd_int_data/mnist_biograd_quant_1_layers_int_16_16_8_transposed_loss_direct_frames_20_time_100364571_exp_shd_int_data_22,100364571,50
25,0.29904364884747425,0.2915194346289753,45,0.5,"[1000.0, 2000.0]","[2000.0, 4000.0]",-16,-2,"{'data_type': 'frame', 'duration': None, 'n_bins': 1, 'frames': 20, 'split_by': 'time'}","tensor([27.8883,  0.3400])","tensor([27.2700,  0.3606])","tensor([nan, nan])",0,0,grid_search_shd_int_data/mnist_biograd_quant_1_layers_int_16_16_8_transposed_loss_direct_frames_20_time_100364571_exp_shd_int_data_25,100364571,50
61,0.1910250122609122,0.21024734982332155,16,0.5,"[250.0, 500.0]","[250.0, 500.0]",-16,-2,"{'data_type': 'frame', 'duration': 50, 'n_bins': 4, 'frames': 20, 'split_by': 'time'}","tensor([15.4575,  0.2498])","tensor([15.1607,  0.3137])","tensor([nan, nan])",0,0,grid_search_shd_int_data/mnist_biograd_quant_1_layers_int_16_16_8_transposed_loss_direct_frames_20_time_100364571_exp_shd_int_data_61,100364571,50
13,0.2773418342324669,0.26413427561837455,46,0.5,"[250.0, 500.0]","[1000.0, 2000.0]",-16,-2,"{'data_type': 'frame', 'duration': None, 'n_bins': 1, 'frames': 20, 'split_by': 'time'}","tensor([31.0479,  0.3568])","tensor([29.5483,  0.3631])","tensor([nan, nan])",0,0,grid_search_shd_int_data/mnist_biograd_quant_1_layers_int_16_16_8_transposed_loss_direct_frames_20_time_100364571_exp_shd_int_data_13,100364571,50
3,0.18464933791074056,0.17977031802120141,30,0.5,"[5, 10]","[1000.0, 2000.0]",-16,-2,"{'data_type': 'frame', 'duration': None, 'n_bins': 1, 'frames': 20, 'split_by': 'time'}","tensor([41.3833,  0.2555])","tensor([40.0556,  0.3083])","tensor([nan, nan])",0,0,grid_search_shd_int_data/mnist_biograd_quant_1_layers_int_16_16_8_transposed_loss_direct_frames_20_time_100364571_exp_shd_int_data_3,100364571,50
16,0.26373222167729277,0.26104240282685515,34,0.5,"[250.0, 500.0]","[16000.0, 32000.0]",-16,0,"{'data_type': 'frame', 'duration': None, 'n_bins': 1, 'frames': 20, 'split_by': 'time'}","tensor([13.3288,  0.2953])","tensor([12.6891,  0.3785])","tensor([nan, nan])",0,0,grid_search_shd_int_data/mnist_biograd_quant_1_layers_int_16_16_8_transposed_loss_direct_frames_20_time_100364571_exp_shd_int_data_16,100364571,50
4,0.2466895537027955,0.24867491166077738,37,0.5,"[5, 10]","[2000.0, 4000.0]",-16,0,"{'data_type': 'frame', 'duration': None, 'n_bins': 1, 'frames': 20, 'split_by': 'time'}","tensor([29.0203,  0.3207])","tensor([27.7278,  0.2851])","tensor([nan, nan])",0,0,grid_search_shd_int_data/mnist_biograd_quant_1_layers_int_16_16_8_transposed_loss_direct_frames_20_time_100364571_exp_shd_int_data_4,100364571,50
54,0.12849435998038253,0.19876325088339222,3,0.5,"[5, 10]","[2000.0, 4000.0]",-16,0,"{'data_type': 'frame', 'duration': 50, 'n_bins': 4, 'frames': 20, 'split_by': 'time'}","tensor([13.4852,  0.2134])","tensor([13.5857,  0.2310])","tensor([nan, nan])",0,0,grid_search_shd_int_data/mnist_biograd_quant_1_layers_int_16_16_8_transposed_loss_direct_frames_20_time_100364571_exp_shd_int_data_54,100364571,50
2,0.18244237371260422,0.2045053003533569,17,0.5,"[5, 10]","[1000.0, 2000.0]",-16,0,"{'data_type': 'frame', 'duration': None, 'n_bins': 1, 'frames': 20, 'split_by': 'time'}","tensor([19.1257,  0.2636])","tensor([17.9078,  0.3259])","tensor([nan, nan])",0,0,grid_search_shd_int_data/mnist_biograd_quant_1_layers_int_16_16_8_transposed_loss_direct_frames_20_time_100364571_exp_shd_int_data_2,100364571,50
56,0.15129965669445808,0.18021201413427562,33,0.5,"[5, 10]","[16000.0, 32000.0]",-16,0,"{'data_type': 'frame', 'duration': 50, 'n_bins': 4, 'frames': 20, 'split_by': 'time'}","tensor([18.1402,  0.2466])","tensor([16.5841,  0.2213])","tensor([nan, nan])",0,0,grid_search_shd_int_data/mnist_biograd_quant_1_layers_int_16_16_8_transposed_loss_direct_frames_20_time_100364571_exp_shd_int_data_56,100364571,50
55,0.12824914173614516,0.16519434628975266,19,0.5,"[5, 10]","[2000.0, 4000.0]",-16,-2,"{'data_type': 'frame', 'duration': 50, 'n_bins': 4, 'frames': 20, 'split_by': 'time'}","tensor([30.2264,  0.2031])","tensor([30.2146,  0.2510])","tensor([nan, nan])",0,0,grid_search_shd_int_data/mnist_biograd_quant_1_layers_int_16_16_8_transposed_loss_direct_frames_20_time_100364571_exp_shd_int_data_55,100364571,50
23,0.2833496812162825,0.2628091872791519,40,0.5,"[1000.0, 2000.0]","[1000.0, 2000.0]",-16,-2,"{'data_type': 'frame', 'duration': None, 'n_bins': 1, 'frames': 20, 'split_by': 'time'}","tensor([22.4061,  0.3545])","tensor([21.7214,  0.3256])","tensor([nan, nan])",0,0,grid_search_shd_int_data/mnist_biograd_quant_1_layers_int_16_16_8_transposed_loss_direct_frames_20_time_100364571_exp_shd_int_data_23,100364571,50
93,0.3202550269740069,0.3034452296819788,47,0.5,"[16000.0, 32000.0]","[1000.0, 2000.0]",-16,-2,"{'data_type': 'frame', 'duration': 50, 'n_bins': 4, 'frames': 20, 'split_by': 'time'}","tensor([11.2672,  0.2859])","tensor([11.4133,  0.2464])","tensor([nan, nan])",0,0,grid_search_shd_int_data/mnist_biograd_quant_1_layers_int_16_16_8_transposed_loss_direct_frames_20_time_100364571_exp_shd_int_data_93,100364571,50
26,0.2969592937714566,0.2623674911660777,46,0.5,"[1000.0, 2000.0]","[16000.0, 32000.0]",-16,0,"{'data_type': 'frame', 'duration': None, 'n_bins': 1, 'frames': 20, 'split_by': 'time'}","tensor([19.4696,  0.3070])","tensor([18.6208,  0.3612])","tensor([nan, nan])",0,0,grid_search_shd_int_data/mnist_biograd_quant_1_layers_int_16_16_8_transposed_loss_direct_frames_20_time_100364571_exp_shd_int_data_26,100364571,50
33,0.29315841098577733,0.2659010600706714,48,0.5,"[2000.0, 4000.0]","[1000.0, 2000.0]",-16,-2,"{'data_type': 'frame', 'duration': None, 'n_bins': 1, 'frames': 20, 'split_by': 'time'}","tensor([25.2945,  0.3486])","tensor([24.4464,  0.4412])","tensor([nan, nan])",0,0,grid_search_shd_int_data/mnist_biograd_quant_1_layers_int_16_16_8_transposed_loss_direct_frames_20_time_100364571_exp_shd_int_data_33,100364571,50
81,0.2919323197645905,0.25309187279151946,43,0.5,"[2000.0, 4000.0]","[250.0, 500.0]",-16,-2,"{'data_type': 'frame', 'duration': 50, 'n_bins': 4, 'frames': 20, 'split_by': 'time'}","tensor([15.4970,  0.2901])","tensor([15.4957,  0.3235])","tensor([nan, nan])",0,0,grid_search_shd_int_data/mnist_biograd_quant_1_layers_int_16_16_8_transposed_loss_direct_frames_20_time_100364571_exp_shd_int_data_81,100364571,50
44,0.24975478175576263,0.2795936395759717,31,0.5,"[16000.0, 32000.0]","[2000.0, 4000.0]",-16,0,"{'data_type': 'frame', 'duration': None, 'n_bins': 1, 'frames': 20, 'split_by': 'time'}","tensor([9.6279, 0.3556])","tensor([9.4201, 0.4470])","tensor([nan, nan])",0,0,grid_search_shd_int_data/mnist_biograd_quant_1_layers_int_16_16_8_transposed_loss_direct_frames_20_time_100364571_exp_shd_int_data_44,100364571,50
34,0.3141245708680726,0.28091872791519434,41,0.5,"[2000.0, 4000.0]","[2000.0, 4000.0]",-16,0,"{'data_type': 'frame', 'duration': None, 'n_bins': 1, 'frames': 20, 'split_by': 'time'}","tensor([14.6907,  0.3630])","tensor([13.8029,  0.3996])","tensor([nan, nan])",0,0,grid_search_shd_int_data/mnist_biograd_quant_1_layers_int_16_16_8_transposed_loss_direct_frames_20_time_100364571_exp_shd_int_data_34,100364571,50
28,0.20831289847964687,0.21996466431095407,38,0.5,"[1000.0, 2000.0]","[64000, 128000]",-16,0,"{'data_type': 'frame', 'duration': None, 'n_bins': 1, 'frames': 20, 'split_by': 'time'}","tensor([18.3518,  0.2803])","tensor([17.5906,  0.3661])","tensor([nan, nan])",0,0,grid_search_shd_int_data/mnist_biograd_quant_1_layers_int_16_16_8_transposed_loss_direct_frames_20_time_100364571_exp_shd_int_data_28,100364571,50
35,0.3060323688082393,0.2663427561837456,45,0.5,"[2000.0, 4000.0]","[2000.0, 4000.0]",-16,-2,"{'data_type': 'frame', 'duration': None, 'n_bins': 1, 'frames': 20, 'split_by': 'time'}","tensor([25.8972,  0.3437])","tensor([25.0982,  0.3341])","tensor([nan, nan])",0,0,grid_search_shd_int_data/mnist_biograd_quant_1_layers_int_16_16_8_transposed_loss_direct_frames_20_time_100364571_exp_shd_int_data_35,100364571,50
63,0.2073320255026974,0.24337455830388693,33,0.5,"[250.0, 500.0]","[1000.0, 2000.0]",-16,-2,"{'data_type': 'frame', 'duration': 50, 'n_bins': 4, 'frames': 20, 'split_by': 'time'}","tensor([19.1580,  0.2434])","tensor([18.3652,  0.3037])","tensor([nan, nan])",0,0,grid_search_shd_int_data/mnist_biograd_quant_1_layers_int_16_16_8_transposed_loss_direct_frames_20_time_100364571_exp_shd_int_data_63,100364571,50
76,0.25024521824423734,0.28533568904593637,38,0.5,"[1000.0, 2000.0]","[16000.0, 32000.0]",-16,0,"{'data_type': 'frame', 'duration': 50, 'n_bins': 4, 'frames': 20, 'split_by': 'time'}","tensor([10.4365,  0.2418])","tensor([10.1022,  0.2763])","tensor([nan, nan])",0,0,grid_search_shd_int_data/mnist_biograd_quant_1_layers_int_16_16_8_transposed_loss_direct_frames_20_time_100364571_exp_shd_int_data_76,100364571,50
97,0.2621383030897499,0.2712014134275618,47,0.5,"[16000.0, 32000.0]","[16000.0, 32000.0]",-16,-2,"{'data_type': 'frame', 'duration': 50, 'n_bins': 4, 'frames': 20, 'split_by': 'time'}","tensor([15.9239,  0.2270])","tensor([16.2785,  0.2758])","tensor([nan, nan])",0,0,grid_search_shd_int_data/mnist_biograd_quant_1_layers_int_16_16_8_transposed_loss_direct_frames_20_time_100364571_exp_shd_int_data_97,100364571,50
38,0.2175085826385483,0.25662544169611307,34,0.5,"[2000.0, 4000.0]","[64000, 128000]",-16,0,"{'data_type': 'frame', 'duration': None, 'n_bins': 1, 'frames': 20, 'split_by': 'time'}","tensor([19.8066,  0.2780])","tensor([19.4473,  0.3244])","tensor([nan, nan])",0,0,grid_search_shd_int_data/mnist_biograd_quant_1_layers_int_16_16_8_transposed_loss_direct_frames_20_time_100364571_exp_shd_int_data_38,100364571,50
64,0.24472780774889652,0.2698763250883392,34,0.5,"[250.0, 500.0]","[2000.0, 4000.0]",-16,0,"{'data_type': 'frame', 'duration': 50, 'n_bins': 4, 'frames': 20, 'split_by': 'time'}","tensor([11.7188,  0.2754])","tensor([10.6972,  0.2441])","tensor([nan, nan])",0,0,grid_search_shd_int_data/mnist_biograd_quant_1_layers_int_16_16_8_transposed_loss_direct_frames_20_time_100364571_exp_shd_int_data_64,100364571,50
92,0.26814615007356546,0.27385159010600707,44,0.5,"[16000.0, 32000.0]","[1000.0, 2000.0]",-16,0,"{'data_type': 'frame', 'duration': 50, 'n_bins': 4, 'frames': 20, 'split_by': 'time'}","tensor([7.1354, 0.2972])","tensor([7.1972, 0.2571])","tensor([nan, nan])",0,0,grid_search_shd_int_data/mnist_biograd_quant_1_layers_int_16_16_8_transposed_loss_direct_frames_20_time_100364571_exp_shd_int_data_92,100364571,50
57,0.12346738597351643,0.16696113074204946,37,0.5,"[5, 10]","[16000.0, 32000.0]",-16,-2,"{'data_type': 'frame', 'duration': 50, 'n_bins': 4, 'frames': 20, 'split_by': 'time'}","tensor([32.4942,  0.2520])","tensor([31.8415,  0.2150])","tensor([nan, nan])",0,0,grid_search_shd_int_data/mnist_biograd_quant_1_layers_int_16_16_8_transposed_loss_direct_frames_20_time_100364571_exp_shd_int_data_57,100364571,50
58,0.13131436978911232,0.16475265017667845,33,0.5,"[5, 10]","[64000, 128000]",-16,0,"{'data_type': 'frame', 'duration': 50, 'n_bins': 4, 'frames': 20, 'split_by': 'time'}","tensor([25.1418,  0.2253])","tensor([23.6677,  0.2970])","tensor([nan, nan])",0,0,grid_search_shd_int_data/mnist_biograd_quant_1_layers_int_16_16_8_transposed_loss_direct_frames_20_time_100364571_exp_shd_int_data_58,100364571,50
65,0.23369298675821482,0.27296819787985865,32,0.5,"[250.0, 500.0]","[2000.0, 4000.0]",-16,-2,"{'data_type': 'frame', 'duration': 50, 'n_bins': 4, 'frames': 20, 'split_by': 'time'}","tensor([19.8712,  0.2604])","tensor([18.9148,  0.3364])","tensor([nan, nan])",0,0,grid_search_shd_int_data/mnist_biograd_quant_1_layers_int_16_16_8_transposed_loss_direct_frames_20_time_100364571_exp_shd_int_data_65,100364571,50
5,0.19494850416871015,0.22968197879858657,26,0.5,"[5, 10]","[2000.0, 4000.0]",-16,-2,"{'data_type': 'frame', 'duration': None, 'n_bins': 1, 'frames': 20, 'split_by': 'time'}","tensor([42.1829,  0.3069])","tensor([42.4520,  0.4012])","tensor([nan, nan])",0,0,grid_search_shd_int_data/mnist_biograd_quant_1_layers_int_16_16_8_transposed_loss_direct_frames_20_time_100364571_exp_shd_int_data_5,100364571,50
59,0.11071603727317313,0.1338339222614841,48,0.5,"[5, 10]","[64000, 128000]",-16,-2,"{'data_type': 'frame', 'duration': 50, 'n_bins': 4, 'frames': 20, 'split_by': 'time'}","tensor([46.1630,  0.2395])","tensor([46.7261,  0.1889])","tensor([nan, nan])",0,0,grid_search_shd_int_data/mnist_biograd_quant_1_layers_int_16_16_8_transposed_loss_direct_frames_20_time_100364571_exp_shd_int_data_59,100364571,50
49,0.1868563021088769,0.20936395759717313,44,0.5,"[16000.0, 32000.0]","[64000, 128000]",-16,-2,"{'data_type': 'frame', 'duration': None, 'n_bins': 1, 'frames': 20, 'split_by': 'time'}","tensor([42.3858,  0.2659])","tensor([43.2889,  0.3606])","tensor([nan, nan])",0,0,grid_search_shd_int_data/mnist_biograd_quant_1_layers_int_16_16_8_transposed_loss_direct_frames_20_time_100364571_exp_shd_int_data_49,100364571,50
77,0.23982344286414908,0.28136042402826855,46,0.5,"[1000.0, 2000.0]","[16000.0, 32000.0]",-16,-2,"{'data_type': 'frame', 'duration': 50, 'n_bins': 4, 'frames': 20, 'split_by': 'time'}","tensor([19.7479,  0.2299])","tensor([19.7319,  0.2714])","tensor([nan, nan])",0,0,grid_search_shd_int_data/mnist_biograd_quant_1_layers_int_16_16_8_transposed_loss_direct_frames_20_time_100364571_exp_shd_int_data_77,100364571,50
85,0.30149583128984797,0.2826855123674912,44,0.5,"[2000.0, 4000.0]","[2000.0, 4000.0]",-16,-2,"{'data_type': 'frame', 'duration': 50, 'n_bins': 4, 'frames': 20, 'split_by': 'time'}","tensor([15.6696,  0.2723])","tensor([15.2337,  0.2763])","tensor([nan, nan])",0,0,grid_search_shd_int_data/mnist_biograd_quant_1_layers_int_16_16_8_transposed_loss_direct_frames_20_time_100364571_exp_shd_int_data_85,100364571,50
60,0.262873957822462,0.24381625441696114,40,0.5,"[250.0, 500.0]","[250.0, 500.0]",-16,0,"{'data_type': 'frame', 'duration': 50, 'n_bins': 4, 'frames': 20, 'split_by': 'time'}","tensor([9.5411, 0.2546])","tensor([9.2317, 0.3793])","tensor([nan, nan])",0,0,grid_search_shd_int_data/mnist_biograd_quant_1_layers_int_16_16_8_transposed_loss_direct_frames_20_time_100364571_exp_shd_int_data_60,100364571,50
88,0.22216772927905837,0.24337455830388693,47,0.5,"[2000.0, 4000.0]","[64000, 128000]",-16,0,"{'data_type': 'frame', 'duration': 50, 'n_bins': 4, 'frames': 20, 'split_by': 'time'}","tensor([13.1360,  0.2264])","tensor([12.6279,  0.2948])","tensor([nan, nan])",0,0,grid_search_shd_int_data/mnist_biograd_quant_1_layers_int_16_16_8_transposed_loss_direct_frames_20_time_100364571_exp_shd_int_data_88,100364571,50
78,0.21027464443354585,0.24469964664310953,45,0.5,"[1000.0, 2000.0]","[64000, 128000]",-16,0,"{'data_type': 'frame', 'duration': 50, 'n_bins': 4, 'frames': 20, 'split_by': 'time'}","tensor([15.2649,  0.2250])","tensor([15.0103,  0.2566])","tensor([nan, nan])",0,0,grid_search_shd_int_data/mnist_biograd_quant_1_layers_int_16_16_8_transposed_loss_direct_frames_20_time_100364571_exp_shd_int_data_78,100364571,50
98,0.14296223639038744,0.22614840989399293,20,0.5,"[16000.0, 32000.0]","[64000, 128000]",-16,0,"{'data_type': 'frame', 'duration': 50, 'n_bins': 4, 'frames': 20, 'split_by': 'time'}","tensor([10.1626,  0.2164])","tensor([10.1931,  0.3771])","tensor([nan, nan])",0,0,grid_search_shd_int_data/mnist_biograd_quant_1_layers_int_16_16_8_transposed_loss_direct_frames_20_time_100364571_exp_shd_int_data_98,100364571,50
8,0.1774153997057381,0.2393992932862191,26,0.5,"[5, 10]","[64000, 128000]",-16,0,"{'data_type': 'frame', 'duration': None, 'n_bins': 1, 'frames': 20, 'split_by': 'time'}","tensor([34.1054,  0.2726])","tensor([33.1672,  0.2629])","tensor([nan, nan])",0,0,grid_search_shd_int_data/mnist_biograd_quant_1_layers_int_16_16_8_transposed_loss_direct_frames_20_time_100364571_exp_shd_int_data_8,100364571,50
79,0.13094654242275625,0.17402826855123674,29,0.5,"[1000.0, 2000.0]","[64000, 128000]",-16,-2,"{'data_type': 'frame', 'duration': 50, 'n_bins': 4, 'frames': 20, 'split_by': 'time'}","tensor([32.2307,  0.2207])","tensor([33.2288,  0.2172])","tensor([nan, nan])",0,0,grid_search_shd_int_data/mnist_biograd_quant_1_layers_int_16_16_8_transposed_loss_direct_frames_20_time_100364571_exp_shd_int_data_79,100364571,50
47,0.2175085826385483,0.23542402826855124,31,0.5,"[16000.0, 32000.0]","[16000.0, 32000.0]",-16,-2,"{'data_type': 'frame', 'duration': None, 'n_bins': 1, 'frames': 20, 'split_by': 'time'}","tensor([21.8680,  0.2811])","tensor([22.6391,  0.2319])","tensor([nan, nan])",0,0,grid_search_shd_int_data/mnist_biograd_quant_1_layers_int_16_16_8_transposed_loss_direct_frames_20_time_100364571_exp_shd_int_data_47,100364571,50
70,0.2820009808729769,0.25485865724381623,40,0.5,"[1000.0, 2000.0]","[250.0, 500.0]",-16,0,"{'data_type': 'frame', 'duration': 50, 'n_bins': 4, 'frames': 20, 'split_by': 'time'}","tensor([8.0964, 0.2885])","tensor([7.6081, 0.2672])","tensor([nan, nan])",0,0,grid_search_shd_int_data/mnist_biograd_quant_1_layers_int_16_16_8_transposed_loss_direct_frames_20_time_100364571_exp_shd_int_data_70,100364571,50
99,0.17631191760666995,0.21333922261484098,45,0.5,"[16000.0, 32000.0]","[64000, 128000]",-16,-2,"{'data_type': 'frame', 'duration': 50, 'n_bins': 4, 'frames': 20, 'split_by': 'time'}","tensor([32.2587,  0.2155])","tensor([33.5490,  0.2404])","tensor([nan, nan])",0,0,grid_search_shd_int_data/mnist_biograd_quant_1_layers_int_16_16_8_transposed_loss_direct_frames_20_time_100364571_exp_shd_int_data_99,100364571,50
6,0.21566944580676803,0.26369257950530034,26,0.5,"[5, 10]","[16000.0, 32000.0]",-16,0,"{'data_type': 'frame', 'duration': None, 'n_bins': 1, 'frames': 20, 'split_by': 'time'}","tensor([29.4689,  0.3132])","tensor([28.5123,  0.3834])","tensor([nan, nan])",0,0,grid_search_shd_int_data/mnist_biograd_quant_1_layers_int_16_16_8_transposed_loss_direct_frames_20_time_100364571_exp_shd_int_data_6,100364571,50
17,0.26716527709661597,0.28975265017667845,49,0.5,"[250.0, 500.0]","[16000.0, 32000.0]",-16,-2,"{'data_type': 'frame', 'duration': None, 'n_bins': 1, 'frames': 20, 'split_by': 'time'}","tensor([35.8714,  0.2853])","tensor([34.8633,  0.3380])","tensor([nan, nan])",0,0,grid_search_shd_int_data/mnist_biograd_quant_1_layers_int_16_16_8_transposed_loss_direct_frames_20_time_100364571_exp_shd_int_data_17,100364571,50
68,0.1987493869543894,0.2667844522968198,48,0.5,"[250.0, 500.0]","[64000, 128000]",-16,0,"{'data_type': 'frame', 'duration': 50, 'n_bins': 4, 'frames': 20, 'split_by': 'time'}","tensor([15.0374,  0.2259])","tensor([14.9302,  0.2476])","tensor([nan, nan])",0,0,grid_search_shd_int_data/mnist_biograd_quant_1_layers_int_16_16_8_transposed_loss_direct_frames_20_time_100364571_exp_shd_int_data_68,100364571,50
15,0.24031387935262383,0.25220848056537104,26,0.5,"[250.0, 500.0]","[2000.0, 4000.0]",-16,-2,"{'data_type': 'frame', 'duration': None, 'n_bins': 1, 'frames': 20, 'split_by': 'time'}","tensor([26.7814,  0.3294])","tensor([25.9434,  0.5130])","tensor([nan, nan])",0,0,grid_search_shd_int_data/mnist_biograd_quant_1_layers_int_16_16_8_transposed_loss_direct_frames_20_time_100364571_exp_shd_int_data_15,100364571,50
21,0.24975478175576263,0.2623674911660777,37,0.5,"[1000.0, 2000.0]","[250.0, 500.0]",-16,-2,"{'data_type': 'frame', 'duration': None, 'n_bins': 1, 'frames': 20, 'split_by': 'time'}","tensor([27.8272,  0.3140])","tensor([26.1830,  0.4472])","tensor([nan, nan])",0,0,grid_search_shd_int_data/mnist_biograd_quant_1_layers_int_16_16_8_transposed_loss_direct_frames_20_time_100364571_exp_shd_int_data_21,100364571,50
30,0.2629965669445807,0.26060070671378094,31,0.5,"[2000.0, 4000.0]","[250.0, 500.0]",-16,0,"{'data_type': 'frame', 'duration': None, 'n_bins': 1, 'frames': 20, 'split_by': 'time'}","tensor([6.0379, 0.3457])","tensor([5.8622, 0.5332])","tensor([nan, nan])",0,0,grid_search_shd_int_data/mnist_biograd_quant_1_layers_int_16_16_8_transposed_loss_direct_frames_20_time_100364571_exp_shd_int_data_30,100364571,50
31,0.23111819519372243,0.22879858657243815,35,0.5,"[2000.0, 4000.0]","[250.0, 500.0]",-16,-2,"{'data_type': 'frame', 'duration': None, 'n_bins': 1, 'frames': 20, 'split_by': 'time'}","tensor([28.4625,  0.2986])","tensor([27.8500,  0.3458])","tensor([nan, nan])",0,0,grid_search_shd_int_data/mnist_biograd_quant_1_layers_int_16_16_8_transposed_loss_direct_frames_20_time_100364571_exp_shd_int_data_31,100364571,50
1,0.1381804806277587,0.15945229681978798,35,0.5,"[5, 10]","[250.0, 500.0]",-16,-2,"{'data_type': 'frame', 'duration': None, 'n_bins': 1, 'frames': 20, 'split_by': 'time'}","tensor([46.8617,  0.1390])","tensor([45.9830,  0.2606])","tensor([nan, nan])",0,0,grid_search_shd_int_data/mnist_biograd_quant_1_layers_int_16_16_8_transposed_loss_direct_frames_20_time_100364571_exp_shd_int_data_1,100364571,50
42,0.30456105934281513,0.2840106007067138,49,0.5,"[16000.0, 32000.0]","[1000.0, 2000.0]",-16,0,"{'data_type': 'frame', 'duration': None, 'n_bins': 1, 'frames': 20, 'split_by': 'time'}","tensor([12.0212,  0.3853])","tensor([11.6306,  0.5235])","tensor([nan, nan])",0,0,grid_search_shd_int_data/mnist_biograd_quant_1_layers_int_16_16_8_transposed_loss_direct_frames_20_time_100364571_exp_shd_int_data_42,100364571,50
45,0.256620892594409,0.26501766784452296,31,0.5,"[16000.0, 32000.0]","[2000.0, 4000.0]",-16,-2,"{'data_type': 'frame', 'duration': None, 'n_bins': 1, 'frames': 20, 'split_by': 'time'}","tensor([13.1422,  0.3228])","tensor([13.4831,  0.2752])","tensor([nan, nan])",0,0,grid_search_shd_int_data/mnist_biograd_quant_1_layers_int_16_16_8_transposed_loss_direct_frames_20_time_100364571_exp_shd_int_data_45,100364571,50
91,0.2859244727807749,0.24646643109540636,49,0.5,"[16000.0, 32000.0]","[250.0, 500.0]",-16,-2,"{'data_type': 'frame', 'duration': 50, 'n_bins': 4, 'frames': 20, 'split_by': 'time'}","tensor([11.5828,  0.2881])","tensor([12.0130,  0.2943])","tensor([nan, nan])",0,0,grid_search_shd_int_data/mnist_biograd_quant_1_layers_int_16_16_8_transposed_loss_direct_frames_20_time_100364571_exp_shd_int_data_91,100364571,50
20,0.2698626777832271,0.2623674911660777,46,0.5,"[1000.0, 2000.0]","[250.0, 500.0]",-16,0,"{'data_type': 'frame', 'duration': None, 'n_bins': 1, 'frames': 20, 'split_by': 'time'}","tensor([8.4734, 0.3432])","tensor([8.7231, 0.3987])","tensor([nan, nan])",0,0,grid_search_shd_int_data/mnist_biograd_quant_1_layers_int_16_16_8_transposed_loss_direct_frames_20_time_100364571_exp_shd_int_data_20,100364571,50
7,0.18906326630701323,0.22879858657243815,26,0.5,"[5, 10]","[16000.0, 32000.0]",-16,-2,"{'data_type': 'frame', 'duration': None, 'n_bins': 1, 'frames': 20, 'split_by': 'time'}","tensor([48.3998,  0.2878])","tensor([47.2201,  0.4372])","tensor([nan, nan])",0,0,grid_search_shd_int_data/mnist_biograd_quant_1_layers_int_16_16_8_transposed_loss_direct_frames_20_time_100364571_exp_shd_int_data_7,100364571,50
71,0.27378616969102504,0.24558303886925795,48,0.5,"[1000.0, 2000.0]","[250.0, 500.0]",-16,-2,"{'data_type': 'frame', 'duration': 50, 'n_bins': 4, 'frames': 20, 'split_by': 'time'}","tensor([19.6613,  0.2813])","tensor([19.2817,  0.2377])","tensor([nan, nan])",0,0,grid_search_shd_int_data/mnist_biograd_quant_1_layers_int_16_16_8_transposed_loss_direct_frames_20_time_100364571_exp_shd_int_data_71,100364571,50
94,0.3207454634624816,0.284452296819788,44,0.5,"[16000.0, 32000.0]","[2000.0, 4000.0]",-16,0,"{'data_type': 'frame', 'duration': 50, 'n_bins': 4, 'frames': 20, 'split_by': 'time'}","tensor([8.7554, 0.2819])","tensor([8.5497, 0.4067])","tensor([nan, nan])",0,0,grid_search_shd_int_data/mnist_biograd_quant_1_layers_int_16_16_8_transposed_loss_direct_frames_20_time_100364571_exp_shd_int_data_94,100364571,50
52,0.1365865620402158,0.1872791519434629,24,0.5,"[5, 10]","[1000.0, 2000.0]",-16,0,"{'data_type': 'frame', 'duration': 50, 'n_bins': 4, 'frames': 20, 'split_by': 'time'}","tensor([18.0476,  0.2129])","tensor([17.2613,  0.2828])","tensor([nan, nan])",0,0,grid_search_shd_int_data/mnist_biograd_quant_1_layers_int_16_16_8_transposed_loss_direct_frames_20_time_100364571_exp_shd_int_data_52,100364571,50
9,0.1646640510053948,0.19169611307420495,38,0.5,"[5, 10]","[64000, 128000]",-16,-2,"{'data_type': 'frame', 'duration': None, 'n_bins': 1, 'frames': 20, 'split_by': 'time'}","tensor([54.6286,  0.2617])","tensor([53.5714,  0.2618])","tensor([nan, nan])",0,0,grid_search_shd_int_data/mnist_biograd_quant_1_layers_int_16_16_8_transposed_loss_direct_frames_20_time_100364571_exp_shd_int_data_9,100364571,50
40,0.22927905836194212,0.2504416961130742,38,0.5,"[16000.0, 32000.0]","[250.0, 500.0]",-16,0,"{'data_type': 'frame', 'duration': None, 'n_bins': 1, 'frames': 20, 'split_by': 'time'}","tensor([3.2376, 0.3442])","tensor([2.9126, 0.3842])","tensor([nan, nan])",0,0,grid_search_shd_int_data/mnist_biograd_quant_1_layers_int_16_16_8_transposed_loss_direct_frames_20_time_100364571_exp_shd_int_data_40,100364571,50
