id,train_acc,val_acc,best_epoch,Neurons,loss_function,loss_precision,num_bits,weight_init_bits,low_precision_weights,activation_bits,vdecay,vedecay_rec,hidden_layer,out_layer,lr_hidden,lr_hidden_rec,lr_output,lr_scheduler,gradient_clip,fw_factor,rec_factor,data_params,train_activations,val_activations,train_activations_fb,train_batch_size,test_batch_size,fb_angle,fb_ratio,session_name,seed,epochs,weight_decay
88,0.6402648357037763,0.6426678445229682,49,[256],"('random', [-1, 2])",128,16,16,8,16,0.5,0.5,"[2000.0, 4000.0]","[1600.0, 1600.0]",0.000244140625,0,0.5,cosine,128,1.0,1.0,"{'data_type': 'frame', 'duration': None, 'n_bins': 4, 'frames': 10, 'split_by': 'time'}","tensor([29.0525,  5.5052])","tensor([29.4848,  5.9903])","tensor([nan, nan])",128,256,0,0,shd_biograd_rsnn_1_layers_int_16_16_8_642731685_exp_id_88,642731685,50,False?
123,0.5163070132417852,0.5534452296819788,22,[256],"('random', [-1, 2])",128,16,16,8,16,0.5,0.5,"[2000.0, 4000.0]","[1600.0, 1600.0]",0.000244140625,0,0.5,cosine,0,1.0,1.0,"{'data_type': 'frame', 'duration': None, 'n_bins': 4, 'frames': 10, 'split_by': 'time'}","tensor([17.0637,  5.5905])","tensor([17.3555,  5.2378])","tensor([nan, nan])",128,256,0,0,shd_biograd_rsnn_1_layers_int_16_16_8_613427981_exp_id_123,613427981,50,False?
21,0.4681216282491417,0.4681978798586572,48,[256],"('random', [-1, 2])",128,16,16,8,16,0.5,0.5,"[2000.0, 4000.0]","[1600.0, 1600.0]",0.000244140625,0,2.0,decay,0,1.0,1.0,"{'data_type': 'frame', 'duration': None, 'n_bins': 4, 'frames': 10, 'split_by': 'time'}","tensor([19.7913,  5.8023])","tensor([19.8251,  6.2563])","tensor([nan, nan])",128,256,0,0,shd_biograd_rsnn_1_layers_int_16_16_8_702546693_exp_id_21,702546693,50,False?
168,0.4093918587542913,0.4399293286219081,28,[256],"('random', [-1, 2])",128,16,16,8,16,0.5,0.5,"[2000.0, 4000.0]","[1600.0, 1600.0]",0.000244140625,0,2.0,cosine,0,1.0,1.0,"{'data_type': 'frame', 'duration': None, 'n_bins': 4, 'frames': 10, 'split_by': 'time'}","tensor([14.9028,  5.7413])","tensor([15.5751,  5.8682])","tensor([nan, nan])",128,256,0,0,shd_biograd_rsnn_1_layers_int_16_16_8_416302576_exp_id_168,416302576,50,False?
128,0.6114516920058852,0.6523851590106007,16,[256],"('random', [-1, 2])",128,16,16,8,16,0.5,0.5,"[2000.0, 4000.0]","[1600.0, 1600.0]",0.000244140625,0,2.0,none,256,1.0,1.0,"{'data_type': 'frame', 'duration': None, 'n_bins': 4, 'frames': 10, 'split_by': 'time'}","tensor([28.9943,  5.4405])","tensor([29.7780,  5.8607])","tensor([nan, nan])",128,256,0,0,shd_biograd_rsnn_1_layers_int_16_16_8_301420567_exp_id_128,301420567,50,False?
66,0.5365375183913683,0.536660777385159,44,[256],"('random', [-1, 2])",128,16,16,8,16,0.5,0.5,"[2000.0, 4000.0]","[1600.0, 1600.0]",0.000244140625,0,0.5,decay,0,1.0,1.0,"{'data_type': 'frame', 'duration': None, 'n_bins': 4, 'frames': 10, 'split_by': 'time'}","tensor([20.5839,  5.8803])","tensor([21.5868,  6.2682])","tensor([nan, nan])",128,256,0,0,shd_biograd_rsnn_1_layers_int_16_16_8_712492346_exp_id_66,712492346,50,False?
145,0.6392839627268269,0.6104240282685512,46,[256],"('random', [-1, 2])",128,16,16,8,16,0.5,0.5,"[2000.0, 4000.0]","[1600.0, 1600.0]",0.000244140625,0,2.0,none,128,1.0,1.0,"{'data_type': 'frame', 'duration': None, 'n_bins': 4, 'frames': 10, 'split_by': 'time'}","tensor([28.3683,  5.5104])","tensor([29.6599,  5.9189])","tensor([nan, nan])",128,256,0,0,shd_biograd_rsnn_1_layers_int_16_16_8_980342676_exp_id_145,980342676,50,False?
96,0.4778077488965179,0.5167844522968198,25,[256],"('random', [-1, 2])",128,16,16,8,16,0.5,0.5,"[2000.0, 4000.0]","[1600.0, 1600.0]",0.000244140625,0,2.0,cosine,0,1.0,1.0,"{'data_type': 'frame', 'duration': None, 'n_bins': 4, 'frames': 10, 'split_by': 'time'}","tensor([14.5716,  5.5758])","tensor([15.1422,  5.4013])","tensor([nan, nan])",128,256,0,0,shd_biograd_rsnn_1_layers_int_16_16_8_431267089_exp_id_96,431267089,50,False?
9,0.3884256988719961,0.5348939929328622,47,[256],"('random', [-1, 2])",128,16,16,8,16,0.5,0.5,"[2000.0, 4000.0]","[1600.0, 1600.0]",0.000244140625,0,0.5,none,0,1.0,1.0,"{'data_type': 'frame', 'duration': None, 'n_bins': 4, 'frames': 10, 'split_by': 'time'}","tensor([12.5580,  5.3229])","tensor([11.3826,  5.2362])","tensor([nan, nan])",128,256,0,0,shd_biograd_rsnn_1_layers_int_16_16_8_100364571_exp_id_9,100364571,50,False?
82,0.6440657184894556,0.6298586572438163,48,[256],"('random', [-1, 2])",128,16,16,8,16,0.5,0.5,"[2000.0, 4000.0]","[1600.0, 1600.0]",0.000244140625,0,0.5,none,128,1.0,1.0,"{'data_type': 'frame', 'duration': None, 'n_bins': 4, 'frames': 10, 'split_by': 'time'}","tensor([28.9151,  5.5427])","tensor([30.0320,  6.0413])","tensor([nan, nan])",128,256,0,0,shd_biograd_rsnn_1_layers_int_16_16_8_642731685_exp_id_82,642731685,50,False?
60,0.455125061304561,0.4624558303886926,29,[256],"('random', [-1, 2])",128,16,16,8,16,0.5,0.5,"[2000.0, 4000.0]","[1600.0, 1600.0]",0.000244140625,0,2.0,cosine,0,1.0,1.0,"{'data_type': 'frame', 'duration': None, 'n_bins': 4, 'frames': 10, 'split_by': 'time'}","tensor([14.0960,  5.7535])","tensor([14.3872,  5.8559])","tensor([nan, nan])",128,256,0,0,shd_biograd_rsnn_1_layers_int_16_16_8_712492346_exp_id_60,712492346,50,False?
38,0.6105934281510544,0.6347173144876325,15,[256],"('random', [-1, 2])",128,16,16,8,16,0.5,0.5,"[2000.0, 4000.0]","[1600.0, 1600.0]",0.000244140625,0,2.0,none,256,1.0,1.0,"{'data_type': 'frame', 'duration': None, 'n_bins': 4, 'frames': 10, 'split_by': 'time'}","tensor([27.8542,  5.4630])","tensor([28.8012,  5.6158])","tensor([nan, nan])",128,256,0,0,shd_biograd_rsnn_1_layers_int_16_16_8_210342476_exp_id_38,210342476,50,False?
127,0.633766552231486,0.6643109540636042,26,[256],"('random', [-1, 2])",128,16,16,8,16,0.5,0.5,"[2000.0, 4000.0]","[1600.0, 1600.0]",0.000244140625,0,2.0,none,128,1.0,1.0,"{'data_type': 'frame', 'duration': None, 'n_bins': 4, 'frames': 10, 'split_by': 'time'}","tensor([30.5178,  5.5274])","tensor([32.0581,  5.9837])","tensor([nan, nan])",128,256,0,0,shd_biograd_rsnn_1_layers_int_16_16_8_301420567_exp_id_127,301420567,50,False?
118,0.6476213830308974,0.6568021201413428,37,[256],"('random', [-1, 2])",128,16,16,8,16,0.5,0.5,"[2000.0, 4000.0]","[1600.0, 1600.0]",0.000244140625,0,0.5,none,128,1.0,1.0,"{'data_type': 'frame', 'duration': None, 'n_bins': 4, 'frames': 10, 'split_by': 'time'}","tensor([28.4109,  5.4640])","tensor([29.4459,  5.6003])","tensor([nan, nan])",128,256,0,0,shd_biograd_rsnn_1_layers_int_16_16_8_613427981_exp_id_118,613427981,50,False?
165,0.4649337910740559,0.4704063604240283,49,[256],"('random', [-1, 2])",128,16,16,8,16,0.5,0.5,"[2000.0, 4000.0]","[1600.0, 1600.0]",0.000244140625,0,2.0,decay,0,1.0,1.0,"{'data_type': 'frame', 'duration': None, 'n_bins': 4, 'frames': 10, 'split_by': 'time'}","tensor([18.5186,  5.7930])","tensor([18.8682,  6.0757])","tensor([nan, nan])",128,256,0,0,shd_biograd_rsnn_1_layers_int_16_16_8_416302576_exp_id_165,416302576,50,False?
173,0.6552231486022561,0.6457597173144877,35,[256],"('random', [-1, 2])",128,16,16,8,16,0.5,0.5,"[2000.0, 4000.0]","[1600.0, 1600.0]",0.000244140625,0,0.5,none,256,1.0,1.0,"{'data_type': 'frame', 'duration': None, 'n_bins': 4, 'frames': 10, 'split_by': 'time'}","tensor([30.0845,  5.5464])","tensor([31.0450,  6.1906])","tensor([nan, nan])",128,256,0,0,shd_biograd_rsnn_1_layers_int_16_16_8_416302576_exp_id_173,416302576,50,False?
146,0.6398970083374204,0.6409010600706714,24,[256],"('random', [-1, 2])",128,16,16,8,16,0.5,0.5,"[2000.0, 4000.0]","[1600.0, 1600.0]",0.000244140625,0,2.0,none,256,1.0,1.0,"{'data_type': 'frame', 'duration': None, 'n_bins': 4, 'frames': 10, 'split_by': 'time'}","tensor([28.6176,  5.5118])","tensor([29.8520,  5.8562])","tensor([nan, nan])",128,256,0,0,shd_biograd_rsnn_1_layers_int_16_16_8_980342676_exp_id_146,980342676,50,False?
164,0.631436978911231,0.6457597173144877,49,[256],"('random', [-1, 2])",128,16,16,8,16,0.5,0.5,"[2000.0, 4000.0]","[1600.0, 1600.0]",0.000244140625,0,2.0,none,256,1.0,1.0,"{'data_type': 'frame', 'duration': None, 'n_bins': 4, 'frames': 10, 'split_by': 'time'}","tensor([29.5875,  5.5936])","tensor([30.6038,  6.3341])","tensor([nan, nan])",128,256,0,0,shd_biograd_rsnn_1_layers_int_16_16_8_416302576_exp_id_164,416302576,50,False?
90,0.2865375183913683,0.4107773851590106,48,[256],"('random', [-1, 2])",128,16,16,8,16,0.5,0.5,"[2000.0, 4000.0]","[1600.0, 1600.0]",0.000244140625,0,2.0,none,0,1.0,1.0,"{'data_type': 'frame', 'duration': None, 'n_bins': 4, 'frames': 10, 'split_by': 'time'}","tensor([7.9123, 4.8482])","tensor([8.2096, 3.9787])","tensor([nan, nan])",128,256,0,0,shd_biograd_rsnn_1_layers_int_16_16_8_431267089_exp_id_90,431267089,50,False?
28,0.6156204021579206,0.6196996466431095,38,[256],"('random', [-1, 2])",128,16,16,8,16,0.5,0.5,"[2000.0, 4000.0]","[1600.0, 1600.0]",0.000244140625,0,0.5,none,128,1.0,1.0,"{'data_type': 'frame', 'duration': None, 'n_bins': 4, 'frames': 10, 'split_by': 'time'}","tensor([28.6618,  5.5224])","tensor([29.7811,  5.7947])","tensor([nan, nan])",128,256,0,0,shd_biograd_rsnn_1_layers_int_16_16_8_702546693_exp_id_28,702546693,50,False?
63,0.3509073075036782,0.5185512367491166,30,[256],"('random', [-1, 2])",128,16,16,8,16,0.5,0.5,"[2000.0, 4000.0]","[1600.0, 1600.0]",0.000244140625,0,0.5,none,0,1.0,1.0,"{'data_type': 'frame', 'duration': None, 'n_bins': 4, 'frames': 10, 'split_by': 'time'}","tensor([12.5070,  5.3080])","tensor([12.4021,  5.6565])","tensor([nan, nan])",128,256,0,0,shd_biograd_rsnn_1_layers_int_16_16_8_712492346_exp_id_63,712492346,50,False?
94,0.6273908778813144,0.6179328621908127,46,[256],"('random', [-1, 2])",128,16,16,8,16,0.5,0.5,"[2000.0, 4000.0]","[1600.0, 1600.0]",0.000244140625,0,2.0,decay,128,1.0,1.0,"{'data_type': 'frame', 'duration': None, 'n_bins': 4, 'frames': 10, 'split_by': 'time'}","tensor([30.8646,  5.5815])","tensor([32.0619,  6.0504])","tensor([nan, nan])",128,256,0,0,shd_biograd_rsnn_1_layers_int_16_16_8_431267089_exp_id_94,431267089,50,False?
19,0.6665031878371751,0.6550353356890459,47,[256],"('random', [-1, 2])",128,16,16,8,16,0.5,0.5,"[2000.0, 4000.0]","[1600.0, 1600.0]",0.000244140625,0,2.0,none,128,1.0,1.0,"{'data_type': 'frame', 'duration': None, 'n_bins': 4, 'frames': 10, 'split_by': 'time'}","tensor([29.1164,  5.4824])","tensor([29.0926,  5.7819])","tensor([nan, nan])",128,256,0,0,shd_biograd_rsnn_1_layers_int_16_16_8_702546693_exp_id_19,702546693,50,False?
40,0.633766552231486,0.648851590106007,27,[256],"('random', [-1, 2])",128,16,16,8,16,0.5,0.5,"[2000.0, 4000.0]","[1600.0, 1600.0]",0.000244140625,0,2.0,decay,128,1.0,1.0,"{'data_type': 'frame', 'duration': None, 'n_bins': 4, 'frames': 10, 'split_by': 'time'}","tensor([28.8996,  5.4834])","tensor([30.3892,  5.9210])","tensor([nan, nan])",128,256,0,0,shd_biograd_rsnn_1_layers_int_16_16_8_210342476_exp_id_40,210342476,50,False?
23,0.6444335458558117,0.6201413427561837,38,[256],"('random', [-1, 2])",128,16,16,8,16,0.5,0.5,"[2000.0, 4000.0]","[1600.0, 1600.0]",0.000244140625,0,2.0,decay,256,1.0,1.0,"{'data_type': 'frame', 'duration': None, 'n_bins': 4, 'frames': 10, 'split_by': 'time'}","tensor([28.5598,  5.5958])","tensor([28.9744,  5.9058])","tensor([nan, nan])",128,256,0,0,shd_biograd_rsnn_1_layers_int_16_16_8_702546693_exp_id_23,702546693,50,False?
50,0.5984551250613046,0.5861307420494699,20,[256],"('random', [-1, 2])",128,16,16,8,16,0.5,0.5,"[2000.0, 4000.0]","[1600.0, 1600.0]",0.000244140625,0,0.5,decay,256,1.0,1.0,"{'data_type': 'frame', 'duration': None, 'n_bins': 4, 'frames': 10, 'split_by': 'time'}","tensor([27.4676,  5.5232])","tensor([28.1646,  6.1737])","tensor([nan, nan])",128,256,0,0,shd_biograd_rsnn_1_layers_int_16_16_8_210342476_exp_id_50,210342476,50,False?
77,0.6180725846002942,0.6289752650176679,25,[256],"('random', [-1, 2])",128,16,16,8,16,0.5,0.5,"[2000.0, 4000.0]","[1600.0, 1600.0]",0.000244140625,0,2.0,decay,256,1.0,1.0,"{'data_type': 'frame', 'duration': None, 'n_bins': 4, 'frames': 10, 'split_by': 'time'}","tensor([28.4032,  5.5192])","tensor([29.4748,  6.1284])","tensor([nan, nan])",128,256,0,0,shd_biograd_rsnn_1_layers_int_16_16_8_642731685_exp_id_77,642731685,50,False?
121,0.577611574301128,0.6007067137809188,25,[256],"('random', [-1, 2])",128,16,16,8,16,0.5,0.5,"[2000.0, 4000.0]","[1600.0, 1600.0]",0.000244140625,0,0.5,decay,128,1.0,1.0,"{'data_type': 'frame', 'duration': None, 'n_bins': 4, 'frames': 10, 'split_by': 'time'}","tensor([28.7062,  5.5127])","tensor([29.7309,  5.9306])","tensor([nan, nan])",128,256,0,0,shd_biograd_rsnn_1_layers_int_16_16_8_613427981_exp_id_121,613427981,50,False?
112,0.629107405590976,0.644434628975265,31,[256],"('random', [-1, 2])",128,16,16,8,16,0.5,0.5,"[2000.0, 4000.0]","[1600.0, 1600.0]",0.000244140625,0,2.0,decay,128,1.0,1.0,"{'data_type': 'frame', 'duration': None, 'n_bins': 4, 'frames': 10, 'split_by': 'time'}","tensor([31.0789,  5.4768])","tensor([32.2779,  5.7423])","tensor([nan, nan])",128,256,0,0,shd_biograd_rsnn_1_layers_int_16_16_8_613427981_exp_id_112,613427981,50,False?
42,0.3683178028445316,0.4090106007067138,25,[256],"('random', [-1, 2])",128,16,16,8,16,0.5,0.5,"[2000.0, 4000.0]","[1600.0, 1600.0]",0.000244140625,0,2.0,cosine,0,1.0,1.0,"{'data_type': 'frame', 'duration': None, 'n_bins': 4, 'frames': 10, 'split_by': 'time'}","tensor([12.5820,  5.6303])","tensor([12.5090,  5.4210])","tensor([nan, nan])",128,256,0,0,shd_biograd_rsnn_1_layers_int_16_16_8_210342476_exp_id_42,210342476,50,False?
27,0.3856056890632663,0.4889575971731448,49,[256],"('random', [-1, 2])",128,16,16,8,16,0.5,0.5,"[2000.0, 4000.0]","[1600.0, 1600.0]",0.000244140625,0,0.5,none,0,1.0,1.0,"{'data_type': 'frame', 'duration': None, 'n_bins': 4, 'frames': 10, 'split_by': 'time'}","tensor([12.7407,  5.4214])","tensor([11.7481,  4.5022])","tensor([nan, nan])",128,256,0,0,shd_biograd_rsnn_1_layers_int_16_16_8_702546693_exp_id_27,702546693,50,False?
51,0.5399705738106915,0.5742049469964664,23,[256],"('random', [-1, 2])",128,16,16,8,16,0.5,0.5,"[2000.0, 4000.0]","[1600.0, 1600.0]",0.000244140625,0,0.5,cosine,0,1.0,1.0,"{'data_type': 'frame', 'duration': None, 'n_bins': 4, 'frames': 10, 'split_by': 'time'}","tensor([19.1639,  5.6458])","tensor([20.1065,  5.8875])","tensor([nan, nan])",128,256,0,0,shd_biograd_rsnn_1_layers_int_16_16_8_210342476_exp_id_51,210342476,50,False?
73,0.6313143697891123,0.642226148409894,32,[256],"('random', [-1, 2])",128,16,16,8,16,0.5,0.5,"[2000.0, 4000.0]","[1600.0, 1600.0]",0.000244140625,0,2.0,none,128,1.0,1.0,"{'data_type': 'frame', 'duration': None, 'n_bins': 4, 'frames': 10, 'split_by': 'time'}","tensor([27.5244,  5.3875])","tensor([27.9525,  5.9411])","tensor([nan, nan])",128,256,0,0,shd_biograd_rsnn_1_layers_int_16_16_8_642731685_exp_id_73,642731685,50,False?
99,0.3924717999019127,0.5123674911660777,47,[256],"('random', [-1, 2])",128,16,16,8,16,0.5,0.5,"[2000.0, 4000.0]","[1600.0, 1600.0]",0.000244140625,0,0.5,none,0,1.0,1.0,"{'data_type': 'frame', 'duration': None, 'n_bins': 4, 'frames': 10, 'split_by': 'time'}","tensor([12.5858,  5.3597])","tensor([12.7451,  5.6363])","tensor([nan, nan])",128,256,0,0,shd_biograd_rsnn_1_layers_int_16_16_8_431267089_exp_id_99,431267089,50,False?
52,0.6398970083374204,0.6276501766784452,35,[256],"('random', [-1, 2])",128,16,16,8,16,0.5,0.5,"[2000.0, 4000.0]","[1600.0, 1600.0]",0.000244140625,0,0.5,cosine,128,1.0,1.0,"{'data_type': 'frame', 'duration': None, 'n_bins': 4, 'frames': 10, 'split_by': 'time'}","tensor([29.3597,  5.5051])","tensor([30.4962,  6.1327])","tensor([nan, nan])",128,256,0,0,shd_biograd_rsnn_1_layers_int_16_16_8_210342476_exp_id_52,210342476,50,False?
170,0.6379352623835214,0.651060070671378,34,[256],"('random', [-1, 2])",128,16,16,8,16,0.5,0.5,"[2000.0, 4000.0]","[1600.0, 1600.0]",0.000244140625,0,2.0,cosine,256,1.0,1.0,"{'data_type': 'frame', 'duration': None, 'n_bins': 4, 'frames': 10, 'split_by': 'time'}","tensor([29.5519,  5.5387])","tensor([30.8260,  6.2682])","tensor([nan, nan])",128,256,0,0,shd_biograd_rsnn_1_layers_int_16_16_8_416302576_exp_id_170,416302576,50,False?
147,0.48320255026974,0.4960247349823322,47,[256],"('random', [-1, 2])",128,16,16,8,16,0.5,0.5,"[2000.0, 4000.0]","[1600.0, 1600.0]",0.000244140625,0,2.0,decay,0,1.0,1.0,"{'data_type': 'frame', 'duration': None, 'n_bins': 4, 'frames': 10, 'split_by': 'time'}","tensor([21.9285,  5.8186])","tensor([22.9467,  6.1735])","tensor([nan, nan])",128,256,0,0,shd_biograd_rsnn_1_layers_int_16_16_8_980342676_exp_id_147,980342676,50,False?
84,0.5315105443845022,0.5247349823321554,42,[256],"('random', [-1, 2])",128,16,16,8,16,0.5,0.5,"[2000.0, 4000.0]","[1600.0, 1600.0]",0.000244140625,0,0.5,decay,0,1.0,1.0,"{'data_type': 'frame', 'duration': None, 'n_bins': 4, 'frames': 10, 'split_by': 'time'}","tensor([22.6148,  5.7474])","tensor([23.1229,  6.1758])","tensor([nan, nan])",128,256,0,0,shd_biograd_rsnn_1_layers_int_16_16_8_642731685_exp_id_84,642731685,50,False?
72,0.1967876410004904,0.3078621908127208,43,[256],"('random', [-1, 2])",128,16,16,8,16,0.5,0.5,"[2000.0, 4000.0]","[1600.0, 1600.0]",0.000244140625,0,2.0,none,0,1.0,1.0,"{'data_type': 'frame', 'duration': None, 'n_bins': 4, 'frames': 10, 'split_by': 'time'}","tensor([4.3570, 4.5959])","tensor([4.5008, 3.1865])","tensor([nan, nan])",128,256,0,0,shd_biograd_rsnn_1_layers_int_16_16_8_642731685_exp_id_72,642731685,50,False?
53,0.6455370279548799,0.6037985865724381,42,[256],"('random', [-1, 2])",128,16,16,8,16,0.5,0.5,"[2000.0, 4000.0]","[1600.0, 1600.0]",0.000244140625,0,0.5,cosine,256,1.0,1.0,"{'data_type': 'frame', 'duration': None, 'n_bins': 4, 'frames': 10, 'split_by': 'time'}","tensor([29.3650,  5.5868])","tensor([30.8236,  5.7641])","tensor([nan, nan])",128,256,0,0,shd_biograd_rsnn_1_layers_int_16_16_8_210342476_exp_id_53,210342476,50,False?
12,0.5473271211378127,0.5485865724381626,31,[256],"('random', [-1, 2])",128,16,16,8,16,0.5,0.5,"[2000.0, 4000.0]","[1600.0, 1600.0]",0.000244140625,0,0.5,decay,0,1.0,1.0,"{'data_type': 'frame', 'duration': None, 'n_bins': 4, 'frames': 10, 'split_by': 'time'}","tensor([22.7082,  5.7418])","tensor([23.5767,  6.0773])","tensor([nan, nan])",128,256,0,0,shd_biograd_rsnn_1_layers_int_16_16_8_100364571_exp_id_12,100364571,50,False?
142,0.6245708680725846,0.6519434628975265,40,[256],"('random', [-1, 2])",128,16,16,8,16,0.5,0.5,"[2000.0, 4000.0]","[1600.0, 1600.0]",0.000244140625,0,0.5,cosine,128,1.0,1.0,"{'data_type': 'frame', 'duration': None, 'n_bins': 4, 'frames': 10, 'split_by': 'time'}","tensor([29.5156,  5.5564])","tensor([30.2003,  5.8761])","tensor([nan, nan])",128,256,0,0,shd_biograd_rsnn_1_layers_int_16_16_8_301420567_exp_id_142,301420567,50,False?
148,0.6259195684158901,0.6148409893992933,49,[256],"('random', [-1, 2])",128,16,16,8,16,0.5,0.5,"[2000.0, 4000.0]","[1600.0, 1600.0]",0.000244140625,0,2.0,decay,128,1.0,1.0,"{'data_type': 'frame', 'duration': None, 'n_bins': 4, 'frames': 10, 'split_by': 'time'}","tensor([29.7577,  5.6651])","tensor([30.9652,  6.0742])","tensor([nan, nan])",128,256,0,0,shd_biograd_rsnn_1_layers_int_16_16_8_980342676_exp_id_148,980342676,50,False?
125,0.6261647866601275,0.6285335689045937,46,[256],"('random', [-1, 2])",128,16,16,8,16,0.5,0.5,"[2000.0, 4000.0]","[1600.0, 1600.0]",0.000244140625,0,0.5,cosine,256,1.0,1.0,"{'data_type': 'frame', 'duration': None, 'n_bins': 4, 'frames': 10, 'split_by': 'time'}","tensor([30.6949,  5.5865])","tensor([32.1430,  6.0545])","tensor([nan, nan])",128,256,0,0,shd_biograd_rsnn_1_layers_int_16_16_8_613427981_exp_id_125,613427981,50,False?
98,0.6250613045610593,0.6329505300353356,18,[256],"('random', [-1, 2])",128,16,16,8,16,0.5,0.5,"[2000.0, 4000.0]","[1600.0, 1600.0]",0.000244140625,0,2.0,cosine,256,1.0,1.0,"{'data_type': 'frame', 'duration': None, 'n_bins': 4, 'frames': 10, 'split_by': 'time'}","tensor([27.6967,  5.5186])","tensor([28.9056,  5.9888])","tensor([nan, nan])",128,256,0,0,shd_biograd_rsnn_1_layers_int_16_16_8_431267089_exp_id_98,431267089,50,False?
113,0.6562040215792055,0.627208480565371,45,[256],"('random', [-1, 2])",128,16,16,8,16,0.5,0.5,"[2000.0, 4000.0]","[1600.0, 1600.0]",0.000244140625,0,2.0,decay,256,1.0,1.0,"{'data_type': 'frame', 'duration': None, 'n_bins': 4, 'frames': 10, 'split_by': 'time'}","tensor([29.9629,  5.6268])","tensor([30.9845,  5.9062])","tensor([nan, nan])",128,256,0,0,shd_biograd_rsnn_1_layers_int_16_16_8_613427981_exp_id_113,613427981,50,False?
33,0.4731486022560078,0.5181095406360424,49,[256],"('random', [-1, 2])",128,16,16,8,16,0.5,0.5,"[2000.0, 4000.0]","[1600.0, 1600.0]",0.000244140625,0,0.5,cosine,0,1.0,1.0,"{'data_type': 'frame', 'duration': None, 'n_bins': 4, 'frames': 10, 'split_by': 'time'}","tensor([15.9985,  5.5946])","tensor([16.5514,  5.5239])","tensor([nan, nan])",128,256,0,0,shd_biograd_rsnn_1_layers_int_16_16_8_702546693_exp_id_33,702546693,50,False?
178,0.6230995586071604,0.6245583038869258,43,[256],"('random', [-1, 2])",128,16,16,8,16,0.5,0.5,"[2000.0, 4000.0]","[1600.0, 1600.0]",0.000244140625,0,0.5,cosine,128,1.0,1.0,"{'data_type': 'frame', 'duration': None, 'n_bins': 4, 'frames': 10, 'split_by': 'time'}","tensor([30.4742,  5.5694])","tensor([31.6364,  5.9355])","tensor([nan, nan])",128,256,0,0,shd_biograd_rsnn_1_layers_int_16_16_8_416302576_exp_id_178,416302576,50,False?
139,0.587788131436979,0.6214664310954063,23,[256],"('random', [-1, 2])",128,16,16,8,16,0.5,0.5,"[2000.0, 4000.0]","[1600.0, 1600.0]",0.000244140625,0,0.5,decay,128,1.0,1.0,"{'data_type': 'frame', 'duration': None, 'n_bins': 4, 'frames': 10, 'split_by': 'time'}","tensor([27.8492,  5.5608])","tensor([28.7648,  5.8146])","tensor([nan, nan])",128,256,0,0,shd_biograd_rsnn_1_layers_int_16_16_8_301420567_exp_id_139,301420567,50,False?
103,0.5766307013241785,0.5808303886925795,22,[256],"('random', [-1, 2])",128,16,16,8,16,0.5,0.5,"[2000.0, 4000.0]","[1600.0, 1600.0]",0.000244140625,0,0.5,decay,128,1.0,1.0,"{'data_type': 'frame', 'duration': None, 'n_bins': 4, 'frames': 10, 'split_by': 'time'}","tensor([27.6747,  5.4713])","tensor([28.4079,  5.6818])","tensor([nan, nan])",128,256,0,0,shd_biograd_rsnn_1_layers_int_16_16_8_431267089_exp_id_103,431267089,50,False?
58,0.6168464933791074,0.6104240282685512,38,[256],"('random', [-1, 2])",128,16,16,8,16,0.5,0.5,"[2000.0, 4000.0]","[1600.0, 1600.0]",0.000244140625,0,2.0,decay,128,1.0,1.0,"{'data_type': 'frame', 'duration': None, 'n_bins': 4, 'frames': 10, 'split_by': 'time'}","tensor([29.1261,  5.5685])","tensor([29.9539,  5.8144])","tensor([nan, nan])",128,256,0,0,shd_biograd_rsnn_1_layers_int_16_16_8_712492346_exp_id_58,712492346,50,False?
133,0.6326630701324178,0.6470848056537103,23,[256],"('random', [-1, 2])",128,16,16,8,16,0.5,0.5,"[2000.0, 4000.0]","[1600.0, 1600.0]",0.000244140625,0,2.0,cosine,128,1.0,1.0,"{'data_type': 'frame', 'duration': None, 'n_bins': 4, 'frames': 10, 'split_by': 'time'}","tensor([29.1430,  5.4871])","tensor([29.8612,  5.8530])","tensor([nan, nan])",128,256,0,0,shd_biograd_rsnn_1_layers_int_16_16_8_301420567_exp_id_133,301420567,50,False?
107,0.6831780284453163,0.6506183745583038,45,[256],"('random', [-1, 2])",128,16,16,8,16,0.5,0.5,"[2000.0, 4000.0]","[1600.0, 1600.0]",0.000244140625,0,0.5,cosine,256,1.0,1.0,"{'data_type': 'frame', 'duration': None, 'n_bins': 4, 'frames': 10, 'split_by': 'time'}","tensor([29.7632,  5.5402])","tensor([30.4766,  5.4581])","tensor([nan, nan])",128,256,0,0,shd_biograd_rsnn_1_layers_int_16_16_8_431267089_exp_id_107,431267089,50,False?
116,0.6177047572339383,0.6024734982332155,47,[256],"('random', [-1, 2])",128,16,16,8,16,0.5,0.5,"[2000.0, 4000.0]","[1600.0, 1600.0]",0.000244140625,0,2.0,cosine,256,1.0,1.0,"{'data_type': 'frame', 'duration': None, 'n_bins': 4, 'frames': 10, 'split_by': 'time'}","tensor([29.2269,  5.6950])","tensor([29.7313,  5.8766])","tensor([nan, nan])",128,256,0,0,shd_biograd_rsnn_1_layers_int_16_16_8_613427981_exp_id_116,613427981,50,False?
175,0.5868072584600295,0.6170494699646644,19,[256],"('random', [-1, 2])",128,16,16,8,16,0.5,0.5,"[2000.0, 4000.0]","[1600.0, 1600.0]",0.000244140625,0,0.5,decay,128,1.0,1.0,"{'data_type': 'frame', 'duration': None, 'n_bins': 4, 'frames': 10, 'split_by': 'time'}","tensor([29.0549,  5.5329])","tensor([30.4772,  5.9106])","tensor([nan, nan])",128,256,0,0,shd_biograd_rsnn_1_layers_int_16_16_8_416302576_exp_id_175,416302576,50,False?
44,0.6094899460519863,0.651060070671378,15,[256],"('random', [-1, 2])",128,16,16,8,16,0.5,0.5,"[2000.0, 4000.0]","[1600.0, 1600.0]",0.000244140625,0,2.0,cosine,256,1.0,1.0,"{'data_type': 'frame', 'duration': None, 'n_bins': 4, 'frames': 10, 'split_by': 'time'}","tensor([27.8762,  5.4393])","tensor([29.8323,  6.0321])","tensor([nan, nan])",128,256,0,0,shd_biograd_rsnn_1_layers_int_16_16_8_210342476_exp_id_44,210342476,50,False?
20,0.6526483570377636,0.6378091872791519,27,[256],"('random', [-1, 2])",128,16,16,8,16,0.5,0.5,"[2000.0, 4000.0]","[1600.0, 1600.0]",0.000244140625,0,2.0,none,256,1.0,1.0,"{'data_type': 'frame', 'duration': None, 'n_bins': 4, 'frames': 10, 'split_by': 'time'}","tensor([28.3308,  5.5436])","tensor([29.1982,  5.8530])","tensor([nan, nan])",128,256,0,0,shd_biograd_rsnn_1_layers_int_16_16_8_702546693_exp_id_20,702546693,50,False?
56,0.6359735164296224,0.6351590106007067,34,[256],"('random', [-1, 2])",128,16,16,8,16,0.5,0.5,"[2000.0, 4000.0]","[1600.0, 1600.0]",0.000244140625,0,2.0,none,256,1.0,1.0,"{'data_type': 'frame', 'duration': None, 'n_bins': 4, 'frames': 10, 'split_by': 'time'}","tensor([29.4746,  5.5862])","tensor([30.3287,  6.0267])","tensor([nan, nan])",128,256,0,0,shd_biograd_rsnn_1_layers_int_16_16_8_712492346_exp_id_56,712492346,50,False?
49,0.5508827856792545,0.6042402826855123,15,[256],"('random', [-1, 2])",128,16,16,8,16,0.5,0.5,"[2000.0, 4000.0]","[1600.0, 1600.0]",0.000244140625,0,0.5,decay,128,1.0,1.0,"{'data_type': 'frame', 'duration': None, 'n_bins': 4, 'frames': 10, 'split_by': 'time'}","tensor([27.8001,  5.4645])","tensor([29.7625,  6.1360])","tensor([nan, nan])",128,256,0,0,shd_biograd_rsnn_1_layers_int_16_16_8_210342476_exp_id_49,210342476,50,False?
4,0.603727317312408,0.6126325088339223,47,[256],"('random', [-1, 2])",128,16,16,8,16,0.5,0.5,"[2000.0, 4000.0]","[1600.0, 1600.0]",0.000244140625,0,2.0,decay,128,1.0,1.0,"{'data_type': 'frame', 'duration': None, 'n_bins': 4, 'frames': 10, 'split_by': 'time'}","tensor([28.0451,  5.6361])","tensor([29.2514,  6.0844])","tensor([nan, nan])",128,256,0,0,shd_biograd_rsnn_1_layers_int_16_16_8_100364571_exp_id_4,100364571,50,False?
129,0.4201814615007356,0.4390459363957597,37,[256],"('random', [-1, 2])",128,16,16,8,16,0.5,0.5,"[2000.0, 4000.0]","[1600.0, 1600.0]",0.000244140625,0,2.0,decay,0,1.0,1.0,"{'data_type': 'frame', 'duration': None, 'n_bins': 4, 'frames': 10, 'split_by': 'time'}","tensor([16.6565,  5.7516])","tensor([17.5700,  6.0806])","tensor([nan, nan])",128,256,0,0,shd_biograd_rsnn_1_layers_int_16_16_8_301420567_exp_id_129,301420567,50,False?
16,0.6152525747915645,0.6157243816254417,42,[256],"('random', [-1, 2])",128,16,16,8,16,0.5,0.5,"[2000.0, 4000.0]","[1600.0, 1600.0]",0.000244140625,0,0.5,cosine,128,1.0,1.0,"{'data_type': 'frame', 'duration': None, 'n_bins': 4, 'frames': 10, 'split_by': 'time'}","tensor([26.9691,  5.5803])","tensor([27.9882,  6.1678])","tensor([nan, nan])",128,256,0,0,shd_biograd_rsnn_1_layers_int_16_16_8_100364571_exp_id_16,100364571,50,False?
59,0.6322952427660617,0.651060070671378,34,[256],"('random', [-1, 2])",128,16,16,8,16,0.5,0.5,"[2000.0, 4000.0]","[1600.0, 1600.0]",0.000244140625,0,2.0,decay,256,1.0,1.0,"{'data_type': 'frame', 'duration': None, 'n_bins': 4, 'frames': 10, 'split_by': 'time'}","tensor([28.1999,  5.6269])","tensor([29.0743,  5.9359])","tensor([nan, nan])",128,256,0,0,shd_biograd_rsnn_1_layers_int_16_16_8_712492346_exp_id_59,712492346,50,False?
61,0.6308239333006376,0.6453180212014135,39,[256],"('random', [-1, 2])",128,16,16,8,16,0.5,0.5,"[2000.0, 4000.0]","[1600.0, 1600.0]",0.000244140625,0,2.0,cosine,128,1.0,1.0,"{'data_type': 'frame', 'duration': None, 'n_bins': 4, 'frames': 10, 'split_by': 'time'}","tensor([29.8898,  5.5086])","tensor([30.2891,  6.0275])","tensor([nan, nan])",128,256,0,0,shd_biograd_rsnn_1_layers_int_16_16_8_712492346_exp_id_61,712492346,50,False?
74,0.6408778813143697,0.6519434628975265,41,[256],"('random', [-1, 2])",128,16,16,8,16,0.5,0.5,"[2000.0, 4000.0]","[1600.0, 1600.0]",0.000244140625,0,2.0,none,256,1.0,1.0,"{'data_type': 'frame', 'duration': None, 'n_bins': 4, 'frames': 10, 'split_by': 'time'}","tensor([30.9899,  5.5731])","tensor([31.7609,  6.3370])","tensor([nan, nan])",128,256,0,0,shd_biograd_rsnn_1_layers_int_16_16_8_642731685_exp_id_74,642731685,50,False?
45,0.3878126532614026,0.5163427561837456,36,[256],"('random', [-1, 2])",128,16,16,8,16,0.5,0.5,"[2000.0, 4000.0]","[1600.0, 1600.0]",0.000244140625,0,0.5,none,0,1.0,1.0,"{'data_type': 'frame', 'duration': None, 'n_bins': 4, 'frames': 10, 'split_by': 'time'}","tensor([13.3177,  5.4028])","tensor([12.3481,  6.2120])","tensor([nan, nan])",128,256,0,0,shd_biograd_rsnn_1_layers_int_16_16_8_210342476_exp_id_45,210342476,50,False?
95,0.6379352623835214,0.6426678445229682,19,[256],"('random', [-1, 2])",128,16,16,8,16,0.5,0.5,"[2000.0, 4000.0]","[1600.0, 1600.0]",0.000244140625,0,2.0,decay,256,1.0,1.0,"{'data_type': 'frame', 'duration': None, 'n_bins': 4, 'frames': 10, 'split_by': 'time'}","tensor([30.1563,  5.5270])","tensor([31.3038,  6.1238])","tensor([nan, nan])",128,256,0,0,shd_biograd_rsnn_1_layers_int_16_16_8_431267089_exp_id_95,431267089,50,False?
134,0.6053212358999509,0.6289752650176679,26,[256],"('random', [-1, 2])",128,16,16,8,16,0.5,0.5,"[2000.0, 4000.0]","[1600.0, 1600.0]",0.000244140625,0,2.0,cosine,256,1.0,1.0,"{'data_type': 'frame', 'duration': None, 'n_bins': 4, 'frames': 10, 'split_by': 'time'}","tensor([30.7278,  5.5207])","tensor([31.2837,  5.7953])","tensor([nan, nan])",128,256,0,0,shd_biograd_rsnn_1_layers_int_16_16_8_301420567_exp_id_134,301420567,50,False?
7,0.6487248651299656,0.6417844522968198,48,[256],"('random', [-1, 2])",128,16,16,8,16,0.5,0.5,"[2000.0, 4000.0]","[1600.0, 1600.0]",0.000244140625,0,2.0,cosine,128,1.0,1.0,"{'data_type': 'frame', 'duration': None, 'n_bins': 4, 'frames': 10, 'split_by': 'time'}","tensor([29.1094,  5.5513])","tensor([30.2908,  6.1403])","tensor([nan, nan])",128,256,0,0,shd_biograd_rsnn_1_layers_int_16_16_8_100364571_exp_id_7,100364571,50,False?
93,0.4961991172143207,0.5159010600706714,31,[256],"('random', [-1, 2])",128,16,16,8,16,0.5,0.5,"[2000.0, 4000.0]","[1600.0, 1600.0]",0.000244140625,0,2.0,decay,0,1.0,1.0,"{'data_type': 'frame', 'duration': None, 'n_bins': 4, 'frames': 10, 'split_by': 'time'}","tensor([21.1273,  5.7150])","tensor([22.6866,  6.1485])","tensor([nan, nan])",128,256,0,0,shd_biograd_rsnn_1_layers_int_16_16_8_431267089_exp_id_93,431267089,50,False?
62,0.6603727317312408,0.6700530035335689,46,[256],"('random', [-1, 2])",128,16,16,8,16,0.5,0.5,"[2000.0, 4000.0]","[1600.0, 1600.0]",0.000244140625,0,2.0,cosine,256,1.0,1.0,"{'data_type': 'frame', 'duration': None, 'n_bins': 4, 'frames': 10, 'split_by': 'time'}","tensor([28.8091,  5.5954])","tensor([29.4466,  5.5613])","tensor([nan, nan])",128,256,0,0,shd_biograd_rsnn_1_layers_int_16_16_8_712492346_exp_id_62,712492346,50,False?
10,0.6514222658165768,0.6612190812720848,37,[256],"('random', [-1, 2])",128,16,16,8,16,0.5,0.5,"[2000.0, 4000.0]","[1600.0, 1600.0]",0.000244140625,0,0.5,none,128,1.0,1.0,"{'data_type': 'frame', 'duration': None, 'n_bins': 4, 'frames': 10, 'split_by': 'time'}","tensor([28.6617,  5.5580])","tensor([30.0041,  6.2079])","tensor([nan, nan])",128,256,0,0,shd_biograd_rsnn_1_layers_int_16_16_8_100364571_exp_id_10,100364571,50,False?
17,0.6552231486022561,0.6457597173144877,36,[256],"('random', [-1, 2])",128,16,16,8,16,0.5,0.5,"[2000.0, 4000.0]","[1600.0, 1600.0]",0.000244140625,0,0.5,cosine,256,1.0,1.0,"{'data_type': 'frame', 'duration': None, 'n_bins': 4, 'frames': 10, 'split_by': 'time'}","tensor([27.8680,  5.6410])","tensor([28.4861,  5.9936])","tensor([nan, nan])",128,256,0,0,shd_biograd_rsnn_1_layers_int_16_16_8_100364571_exp_id_17,100364571,50,False?
179,0.5521088769004414,0.6285335689045937,11,[256],"('random', [-1, 2])",128,16,16,8,16,0.5,0.5,"[2000.0, 4000.0]","[1600.0, 1600.0]",0.000244140625,0,0.5,cosine,256,1.0,1.0,"{'data_type': 'frame', 'duration': None, 'n_bins': 4, 'frames': 10, 'split_by': 'time'}","tensor([27.6040,  5.5064])","tensor([28.1807,  6.2578])","tensor([nan, nan])",128,256,0,0,shd_biograd_rsnn_1_layers_int_16_16_8_416302576_exp_id_179,416302576,50,False?
120,0.5755272192251103,0.5375441696113075,40,[256],"('random', [-1, 2])",128,16,16,8,16,0.5,0.5,"[2000.0, 4000.0]","[1600.0, 1600.0]",0.000244140625,0,0.5,decay,0,1.0,1.0,"{'data_type': 'frame', 'duration': None, 'n_bins': 4, 'frames': 10, 'split_by': 'time'}","tensor([20.9877,  5.7818])","tensor([21.4136,  6.1757])","tensor([nan, nan])",128,256,0,0,shd_biograd_rsnn_1_layers_int_16_16_8_613427981_exp_id_120,613427981,50,False?
65,0.6332761157430112,0.6537102473498233,47,[256],"('random', [-1, 2])",128,16,16,8,16,0.5,0.5,"[2000.0, 4000.0]","[1600.0, 1600.0]",0.000244140625,0,0.5,none,256,1.0,1.0,"{'data_type': 'frame', 'duration': None, 'n_bins': 4, 'frames': 10, 'split_by': 'time'}","tensor([28.8608,  5.5487])","tensor([30.2444,  6.3509])","tensor([nan, nan])",128,256,0,0,shd_biograd_rsnn_1_layers_int_16_16_8_712492346_exp_id_65,712492346,50,False?
132,0.4049779303580186,0.4222614840989399,27,[256],"('random', [-1, 2])",128,16,16,8,16,0.5,0.5,"[2000.0, 4000.0]","[1600.0, 1600.0]",0.000244140625,0,2.0,cosine,0,1.0,1.0,"{'data_type': 'frame', 'duration': None, 'n_bins': 4, 'frames': 10, 'split_by': 'time'}","tensor([13.0961,  5.7168])","tensor([13.7494,  5.9893])","tensor([nan, nan])",128,256,0,0,shd_biograd_rsnn_1_layers_int_16_16_8_301420567_exp_id_132,301420567,50,False?
136,0.6261647866601275,0.6462014134275619,47,[256],"('random', [-1, 2])",128,16,16,8,16,0.5,0.5,"[2000.0, 4000.0]","[1600.0, 1600.0]",0.000244140625,0,0.5,none,128,1.0,1.0,"{'data_type': 'frame', 'duration': None, 'n_bins': 4, 'frames': 10, 'split_by': 'time'}","tensor([30.5279,  5.4858])","tensor([31.2043,  6.2404])","tensor([nan, nan])",128,256,0,0,shd_biograd_rsnn_1_layers_int_16_16_8_301420567_exp_id_136,301420567,50,False?
67,0.5830063756743502,0.5764134275618374,28,[256],"('random', [-1, 2])",128,16,16,8,16,0.5,0.5,"[2000.0, 4000.0]","[1600.0, 1600.0]",0.000244140625,0,0.5,decay,128,1.0,1.0,"{'data_type': 'frame', 'duration': None, 'n_bins': 4, 'frames': 10, 'split_by': 'time'}","tensor([26.5263,  5.4919])","tensor([27.6731,  6.1389])","tensor([nan, nan])",128,256,0,0,shd_biograd_rsnn_1_layers_int_16_16_8_712492346_exp_id_67,712492346,50,False?
78,0.4568415890142226,0.5220848056537103,25,[256],"('random', [-1, 2])",128,16,16,8,16,0.5,0.5,"[2000.0, 4000.0]","[1600.0, 1600.0]",0.000244140625,0,2.0,cosine,0,1.0,1.0,"{'data_type': 'frame', 'duration': None, 'n_bins': 4, 'frames': 10, 'split_by': 'time'}","tensor([15.9277,  5.6803])","tensor([17.7963,  6.1013])","tensor([nan, nan])",128,256,0,0,shd_biograd_rsnn_1_layers_int_16_16_8_642731685_exp_id_78,642731685,50,False?
76,0.5941638057871506,0.6267667844522968,21,[256],"('random', [-1, 2])",128,16,16,8,16,0.5,0.5,"[2000.0, 4000.0]","[1600.0, 1600.0]",0.000244140625,0,2.0,decay,128,1.0,1.0,"{'data_type': 'frame', 'duration': None, 'n_bins': 4, 'frames': 10, 'split_by': 'time'}","tensor([25.6371,  5.4498])","tensor([26.0443,  5.9457])","tensor([nan, nan])",128,256,0,0,shd_biograd_rsnn_1_layers_int_16_16_8_642731685_exp_id_76,642731685,50,False?
6,0.5080922020598333,0.4840989399293286,27,[256],"('random', [-1, 2])",128,16,16,8,16,0.5,0.5,"[2000.0, 4000.0]","[1600.0, 1600.0]",0.000244140625,0,2.0,cosine,0,1.0,1.0,"{'data_type': 'frame', 'duration': None, 'n_bins': 4, 'frames': 10, 'split_by': 'time'}","tensor([15.1258,  5.6887])","tensor([14.3744,  5.5044])","tensor([nan, nan])",128,256,0,0,shd_biograd_rsnn_1_layers_int_16_16_8_100364571_exp_id_6,100364571,50,False?
119,0.6371996076508092,0.6254416961130742,34,[256],"('random', [-1, 2])",128,16,16,8,16,0.5,0.5,"[2000.0, 4000.0]","[1600.0, 1600.0]",0.000244140625,0,0.5,none,256,1.0,1.0,"{'data_type': 'frame', 'duration': None, 'n_bins': 4, 'frames': 10, 'split_by': 'time'}","tensor([27.6298,  5.5136])","tensor([29.1610,  6.4803])","tensor([nan, nan])",128,256,0,0,shd_biograd_rsnn_1_layers_int_16_16_8_613427981_exp_id_119,613427981,50,False?
14,0.6097351642962237,0.6174911660777385,20,[256],"('random', [-1, 2])",128,16,16,8,16,0.5,0.5,"[2000.0, 4000.0]","[1600.0, 1600.0]",0.000244140625,0,0.5,decay,256,1.0,1.0,"{'data_type': 'frame', 'duration': None, 'n_bins': 4, 'frames': 10, 'split_by': 'time'}","tensor([26.6559,  5.5558])","tensor([26.9608,  5.8360])","tensor([nan, nan])",128,256,0,0,shd_biograd_rsnn_1_layers_int_16_16_8_100364571_exp_id_14,100364571,50,False?
26,0.669691025012261,0.6448763250883393,49,[256],"('random', [-1, 2])",128,16,16,8,16,0.5,0.5,"[2000.0, 4000.0]","[1600.0, 1600.0]",0.000244140625,0,2.0,cosine,256,1.0,1.0,"{'data_type': 'frame', 'duration': None, 'n_bins': 4, 'frames': 10, 'split_by': 'time'}","tensor([30.3671,  5.5702])","tensor([31.1941,  5.5471])","tensor([nan, nan])",128,256,0,0,shd_biograd_rsnn_1_layers_int_16_16_8_702546693_exp_id_26,702546693,50,False?
114,0.4720451201569396,0.5030918727915195,27,[256],"('random', [-1, 2])",128,16,16,8,16,0.5,0.5,"[2000.0, 4000.0]","[1600.0, 1600.0]",0.000244140625,0,2.0,cosine,0,1.0,1.0,"{'data_type': 'frame', 'duration': None, 'n_bins': 4, 'frames': 10, 'split_by': 'time'}","tensor([15.3724,  5.8602])","tensor([16.3429,  6.1427])","tensor([nan, nan])",128,256,0,0,shd_biograd_rsnn_1_layers_int_16_16_8_613427981_exp_id_114,613427981,50,False?
154,0.6359735164296224,0.6545936395759717,45,[256],"('random', [-1, 2])",128,16,16,8,16,0.5,0.5,"[2000.0, 4000.0]","[1600.0, 1600.0]",0.000244140625,0,0.5,none,128,1.0,1.0,"{'data_type': 'frame', 'duration': None, 'n_bins': 4, 'frames': 10, 'split_by': 'time'}","tensor([30.7493,  5.5484])","tensor([31.8291,  5.7959])","tensor([nan, nan])",128,256,0,0,shd_biograd_rsnn_1_layers_int_16_16_8_980342676_exp_id_154,980342676,50,False?
130,0.6488474742520843,0.6373674911660777,31,[256],"('random', [-1, 2])",128,16,16,8,16,0.5,0.5,"[2000.0, 4000.0]","[1600.0, 1600.0]",0.000244140625,0,2.0,decay,128,1.0,1.0,"{'data_type': 'frame', 'duration': None, 'n_bins': 4, 'frames': 10, 'split_by': 'time'}","tensor([29.4422,  5.5033])","tensor([30.0736,  5.6097])","tensor([nan, nan])",128,256,0,0,shd_biograd_rsnn_1_layers_int_16_16_8_301420567_exp_id_130,301420567,50,False?
111,0.6091221186856303,0.601148409893993,40,[256],"('random', [-1, 2])",128,16,16,8,16,0.5,0.5,"[2000.0, 4000.0]","[1600.0, 1600.0]",0.000244140625,0,2.0,decay,0,1.0,1.0,"{'data_type': 'frame', 'duration': None, 'n_bins': 4, 'frames': 10, 'split_by': 'time'}","tensor([20.0603,  5.7993])","tensor([20.5470,  6.1006])","tensor([nan, nan])",128,256,0,0,shd_biograd_rsnn_1_layers_int_16_16_8_613427981_exp_id_111,613427981,50,False?
162,0.2387199607650809,0.2919611307420495,45,[256],"('random', [-1, 2])",128,16,16,8,16,0.5,0.5,"[2000.0, 4000.0]","[1600.0, 1600.0]",0.000244140625,0,2.0,none,0,1.0,1.0,"{'data_type': 'frame', 'duration': None, 'n_bins': 4, 'frames': 10, 'split_by': 'time'}","tensor([4.8129, 4.9973])","tensor([4.8413, 4.7770])","tensor([nan, nan])",128,256,0,0,shd_biograd_rsnn_1_layers_int_16_16_8_416302576_exp_id_162,416302576,50,False?
43,0.6308239333006376,0.6360424028268551,34,[256],"('random', [-1, 2])",128,16,16,8,16,0.5,0.5,"[2000.0, 4000.0]","[1600.0, 1600.0]",0.000244140625,0,2.0,cosine,128,1.0,1.0,"{'data_type': 'frame', 'duration': None, 'n_bins': 4, 'frames': 10, 'split_by': 'time'}","tensor([29.4552,  5.5323])","tensor([30.1672,  5.7299])","tensor([nan, nan])",128,256,0,0,shd_biograd_rsnn_1_layers_int_16_16_8_210342476_exp_id_43,210342476,50,False?
159,0.4435998038254046,0.5304770318021201,45,[256],"('random', [-1, 2])",128,16,16,8,16,0.5,0.5,"[2000.0, 4000.0]","[1600.0, 1600.0]",0.000244140625,0,0.5,cosine,0,1.0,1.0,"{'data_type': 'frame', 'duration': None, 'n_bins': 4, 'frames': 10, 'split_by': 'time'}","tensor([15.0483,  5.5877])","tensor([15.0181,  5.6865])","tensor([nan, nan])",128,256,0,0,shd_biograd_rsnn_1_layers_int_16_16_8_980342676_exp_id_159,980342676,50,False?
86,0.5937959784207945,0.6002650176678446,19,[256],"('random', [-1, 2])",128,16,16,8,16,0.5,0.5,"[2000.0, 4000.0]","[1600.0, 1600.0]",0.000244140625,0,0.5,decay,256,1.0,1.0,"{'data_type': 'frame', 'duration': None, 'n_bins': 4, 'frames': 10, 'split_by': 'time'}","tensor([27.0723,  5.5489])","tensor([27.1713,  5.3530])","tensor([nan, nan])",128,256,0,0,shd_biograd_rsnn_1_layers_int_16_16_8_642731685_exp_id_86,642731685,50,False?
15,0.5805541932319764,0.5675795053003534,28,[256],"('random', [-1, 2])",128,16,16,8,16,0.5,0.5,"[2000.0, 4000.0]","[1600.0, 1600.0]",0.000244140625,0,0.5,cosine,0,1.0,1.0,"{'data_type': 'frame', 'duration': None, 'n_bins': 4, 'frames': 10, 'split_by': 'time'}","tensor([20.0061,  5.7338])","tensor([20.6932,  5.8935])","tensor([nan, nan])",128,256,0,0,shd_biograd_rsnn_1_layers_int_16_16_8_100364571_exp_id_15,100364571,50,False?
161,0.6159882295242766,0.6409010600706714,21,[256],"('random', [-1, 2])",128,16,16,8,16,0.5,0.5,"[2000.0, 4000.0]","[1600.0, 1600.0]",0.000244140625,0,0.5,cosine,256,1.0,1.0,"{'data_type': 'frame', 'duration': None, 'n_bins': 4, 'frames': 10, 'split_by': 'time'}","tensor([27.2960,  5.5342])","tensor([28.2867,  5.8430])","tensor([nan, nan])",128,256,0,0,shd_biograd_rsnn_1_layers_int_16_16_8_980342676_exp_id_161,980342676,50,False?
47,0.6136586562040216,0.6174911660777385,25,[256],"('random', [-1, 2])",128,16,16,8,16,0.5,0.5,"[2000.0, 4000.0]","[1600.0, 1600.0]",0.000244140625,0,0.5,none,256,1.0,1.0,"{'data_type': 'frame', 'duration': None, 'n_bins': 4, 'frames': 10, 'split_by': 'time'}","tensor([29.6279,  5.5376])","tensor([31.3921,  6.3293])","tensor([nan, nan])",128,256,0,0,shd_biograd_rsnn_1_layers_int_16_16_8_210342476_exp_id_47,210342476,50,False?
110,0.6527709661598823,0.6431095406360424,49,[256],"('random', [-1, 2])",128,16,16,8,16,0.5,0.5,"[2000.0, 4000.0]","[1600.0, 1600.0]",0.000244140625,0,2.0,none,256,1.0,1.0,"{'data_type': 'frame', 'duration': None, 'n_bins': 4, 'frames': 10, 'split_by': 'time'}","tensor([31.0380,  5.5756])","tensor([32.1735,  5.7035])","tensor([nan, nan])",128,256,0,0,shd_biograd_rsnn_1_layers_int_16_16_8_613427981_exp_id_110,613427981,50,False?
157,0.5881559588033349,0.6210247349823321,38,[256],"('random', [-1, 2])",128,16,16,8,16,0.5,0.5,"[2000.0, 4000.0]","[1600.0, 1600.0]",0.000244140625,0,0.5,decay,128,1.0,1.0,"{'data_type': 'frame', 'duration': None, 'n_bins': 4, 'frames': 10, 'split_by': 'time'}","tensor([29.3713,  5.5404])","tensor([30.5074,  6.0764])","tensor([nan, nan])",128,256,0,0,shd_biograd_rsnn_1_layers_int_16_16_8_980342676_exp_id_157,980342676,50,False?
126,0.1959293771456596,0.2835689045936396,8,[256],"('random', [-1, 2])",128,16,16,8,16,0.5,0.5,"[2000.0, 4000.0]","[1600.0, 1600.0]",0.000244140625,0,2.0,none,0,1.0,1.0,"{'data_type': 'frame', 'duration': None, 'n_bins': 4, 'frames': 10, 'split_by': 'time'}","tensor([4.7752, 4.8590])","tensor([4.7476, 2.8755])","tensor([nan, nan])",128,256,0,0,shd_biograd_rsnn_1_layers_int_16_16_8_301420567_exp_id_126,301420567,50,False?
172,0.5993133889161354,0.6267667844522968,20,[256],"('random', [-1, 2])",128,16,16,8,16,0.5,0.5,"[2000.0, 4000.0]","[1600.0, 1600.0]",0.000244140625,0,0.5,none,128,1.0,1.0,"{'data_type': 'frame', 'duration': None, 'n_bins': 4, 'frames': 10, 'split_by': 'time'}","tensor([29.7231,  5.4915])","tensor([31.3518,  5.9953])","tensor([nan, nan])",128,256,0,0,shd_biograd_rsnn_1_layers_int_16_16_8_416302576_exp_id_172,416302576,50,False?
37,0.6254291319274154,0.6280918727915195,34,[256],"('random', [-1, 2])",128,16,16,8,16,0.5,0.5,"[2000.0, 4000.0]","[1600.0, 1600.0]",0.000244140625,0,2.0,none,128,1.0,1.0,"{'data_type': 'frame', 'duration': None, 'n_bins': 4, 'frames': 10, 'split_by': 'time'}","tensor([29.0096,  5.5760])","tensor([30.3576,  6.0095])","tensor([nan, nan])",128,256,0,0,shd_biograd_rsnn_1_layers_int_16_16_8_210342476_exp_id_37,210342476,50,False?
151,0.6465179009318294,0.6148409893992933,47,[256],"('random', [-1, 2])",128,16,16,8,16,0.5,0.5,"[2000.0, 4000.0]","[1600.0, 1600.0]",0.000244140625,0,2.0,cosine,128,1.0,1.0,"{'data_type': 'frame', 'duration': None, 'n_bins': 4, 'frames': 10, 'split_by': 'time'}","tensor([30.5174,  5.5407])","tensor([31.1203,  5.7205])","tensor([nan, nan])",128,256,0,0,shd_biograd_rsnn_1_layers_int_16_16_8_980342676_exp_id_151,980342676,50,False?
75,0.5730750367827366,0.5512367491166078,41,[256],"('random', [-1, 2])",128,16,16,8,16,0.5,0.5,"[2000.0, 4000.0]","[1600.0, 1600.0]",0.000244140625,0,2.0,decay,0,1.0,1.0,"{'data_type': 'frame', 'duration': None, 'n_bins': 4, 'frames': 10, 'split_by': 'time'}","tensor([20.4528,  5.7502])","tensor([21.4864,  6.1416])","tensor([nan, nan])",128,256,0,0,shd_biograd_rsnn_1_layers_int_16_16_8_642731685_exp_id_75,642731685,50,False?
25,0.6656449239823443,0.6497349823321554,49,[256],"('random', [-1, 2])",128,16,16,8,16,0.5,0.5,"[2000.0, 4000.0]","[1600.0, 1600.0]",0.000244140625,0,2.0,cosine,128,1.0,1.0,"{'data_type': 'frame', 'duration': None, 'n_bins': 4, 'frames': 10, 'split_by': 'time'}","tensor([29.6934,  5.4673])","tensor([31.0394,  6.0983])","tensor([nan, nan])",128,256,0,0,shd_biograd_rsnn_1_layers_int_16_16_8_702546693_exp_id_25,702546693,50,False?
41,0.5972290338401177,0.6051236749116607,15,[256],"('random', [-1, 2])",128,16,16,8,16,0.5,0.5,"[2000.0, 4000.0]","[1600.0, 1600.0]",0.000244140625,0,2.0,decay,256,1.0,1.0,"{'data_type': 'frame', 'duration': None, 'n_bins': 4, 'frames': 10, 'split_by': 'time'}","tensor([27.1463,  5.5124])","tensor([27.8613,  5.7710])","tensor([nan, nan])",128,256,0,0,shd_biograd_rsnn_1_layers_int_16_16_8_210342476_exp_id_41,210342476,50,False?
79,0.6221186856302109,0.6121908127208481,45,[256],"('random', [-1, 2])",128,16,16,8,16,0.5,0.5,"[2000.0, 4000.0]","[1600.0, 1600.0]",0.000244140625,0,2.0,cosine,128,1.0,1.0,"{'data_type': 'frame', 'duration': None, 'n_bins': 4, 'frames': 10, 'split_by': 'time'}","tensor([30.0306,  5.4834])","tensor([31.0692,  5.8191])","tensor([nan, nan])",128,256,0,0,shd_biograd_rsnn_1_layers_int_16_16_8_642731685_exp_id_79,642731685,50,False?
169,0.6288621873467386,0.6342756183745583,42,[256],"('random', [-1, 2])",128,16,16,8,16,0.5,0.5,"[2000.0, 4000.0]","[1600.0, 1600.0]",0.000244140625,0,2.0,cosine,128,1.0,1.0,"{'data_type': 'frame', 'duration': None, 'n_bins': 4, 'frames': 10, 'split_by': 'time'}","tensor([30.9115,  5.6039])","tensor([32.3484,  5.7476])","tensor([nan, nan])",128,256,0,0,shd_biograd_rsnn_1_layers_int_16_16_8_416302576_exp_id_169,416302576,50,False?
100,0.6586562040215792,0.6545936395759717,45,[256],"('random', [-1, 2])",128,16,16,8,16,0.5,0.5,"[2000.0, 4000.0]","[1600.0, 1600.0]",0.000244140625,0,0.5,none,128,1.0,1.0,"{'data_type': 'frame', 'duration': None, 'n_bins': 4, 'frames': 10, 'split_by': 'time'}","tensor([30.3269,  5.4807])","tensor([31.4937,  5.9013])","tensor([nan, nan])",128,256,0,0,shd_biograd_rsnn_1_layers_int_16_16_8_431267089_exp_id_100,431267089,50,False?
135,0.3673369298675821,0.482773851590106,32,[256],"('random', [-1, 2])",128,16,16,8,16,0.5,0.5,"[2000.0, 4000.0]","[1600.0, 1600.0]",0.000244140625,0,0.5,none,0,1.0,1.0,"{'data_type': 'frame', 'duration': None, 'n_bins': 4, 'frames': 10, 'split_by': 'time'}","tensor([12.4684,  5.3683])","tensor([11.1833,  4.7130])","tensor([nan, nan])",128,256,0,0,shd_biograd_rsnn_1_layers_int_16_16_8_301420567_exp_id_135,301420567,50,False?
177,0.5397253555664542,0.5362190812720848,29,[256],"('random', [-1, 2])",128,16,16,8,16,0.5,0.5,"[2000.0, 4000.0]","[1600.0, 1600.0]",0.000244140625,0,0.5,cosine,0,1.0,1.0,"{'data_type': 'frame', 'duration': None, 'n_bins': 4, 'frames': 10, 'split_by': 'time'}","tensor([21.8662,  5.7942])","tensor([22.9530,  6.2378])","tensor([nan, nan])",128,256,0,0,shd_biograd_rsnn_1_layers_int_16_16_8_416302576_exp_id_177,416302576,50,False?
11,0.6589014222658166,0.661660777385159,32,[256],"('random', [-1, 2])",128,16,16,8,16,0.5,0.5,"[2000.0, 4000.0]","[1600.0, 1600.0]",0.000244140625,0,0.5,none,256,1.0,1.0,"{'data_type': 'frame', 'duration': None, 'n_bins': 4, 'frames': 10, 'split_by': 'time'}","tensor([29.5016,  5.6092])","tensor([30.2285,  6.0796])","tensor([nan, nan])",128,256,0,0,shd_biograd_rsnn_1_layers_int_16_16_8_100364571_exp_id_11,100364571,50,False?
36,0.2270720941638057,0.3189045936395759,48,[256],"('random', [-1, 2])",128,16,16,8,16,0.5,0.5,"[2000.0, 4000.0]","[1600.0, 1600.0]",0.000244140625,0,2.0,none,0,1.0,1.0,"{'data_type': 'frame', 'duration': None, 'n_bins': 4, 'frames': 10, 'split_by': 'time'}","tensor([6.4905, 4.7914])","tensor([6.3080, 5.6636])","tensor([nan, nan])",128,256,0,0,shd_biograd_rsnn_1_layers_int_16_16_8_210342476_exp_id_36,210342476,50,False?
22,0.6045855811672388,0.6046819787985865,25,[256],"('random', [-1, 2])",128,16,16,8,16,0.5,0.5,"[2000.0, 4000.0]","[1600.0, 1600.0]",0.000244140625,0,2.0,decay,128,1.0,1.0,"{'data_type': 'frame', 'duration': None, 'n_bins': 4, 'frames': 10, 'split_by': 'time'}","tensor([27.1186,  5.4413])","tensor([28.1972,  6.0513])","tensor([nan, nan])",128,256,0,0,shd_biograd_rsnn_1_layers_int_16_16_8_702546693_exp_id_22,702546693,50,False?
48,0.5267287886218734,0.5490282685512368,20,[256],"('random', [-1, 2])",128,16,16,8,16,0.5,0.5,"[2000.0, 4000.0]","[1600.0, 1600.0]",0.000244140625,0,0.5,decay,0,1.0,1.0,"{'data_type': 'frame', 'duration': None, 'n_bins': 4, 'frames': 10, 'split_by': 'time'}","tensor([20.1710,  5.6512])","tensor([20.9451,  5.7706])","tensor([nan, nan])",128,256,0,0,shd_biograd_rsnn_1_layers_int_16_16_8_210342476_exp_id_48,210342476,50,False?
101,0.6628249141736146,0.6704946996466431,45,[256],"('random', [-1, 2])",128,16,16,8,16,0.5,0.5,"[2000.0, 4000.0]","[1600.0, 1600.0]",0.000244140625,0,0.5,none,256,1.0,1.0,"{'data_type': 'frame', 'duration': None, 'n_bins': 4, 'frames': 10, 'split_by': 'time'}","tensor([28.3780,  5.5633])","tensor([29.1248,  6.1062])","tensor([nan, nan])",128,256,0,0,shd_biograd_rsnn_1_layers_int_16_16_8_431267089_exp_id_101,431267089,50,False?
31,0.5522314860225601,0.5693462897526502,16,[256],"('random', [-1, 2])",128,16,16,8,16,0.5,0.5,"[2000.0, 4000.0]","[1600.0, 1600.0]",0.000244140625,0,0.5,decay,128,1.0,1.0,"{'data_type': 'frame', 'duration': None, 'n_bins': 4, 'frames': 10, 'split_by': 'time'}","tensor([25.9412,  5.4736])","tensor([27.2045,  5.7337])","tensor([nan, nan])",128,256,0,0,shd_biograd_rsnn_1_layers_int_16_16_8_702546693_exp_id_31,702546693,50,False?
8,0.6525257479156449,0.6682862190812721,31,[256],"('random', [-1, 2])",128,16,16,8,16,0.5,0.5,"[2000.0, 4000.0]","[1600.0, 1600.0]",0.000244140625,0,2.0,cosine,256,1.0,1.0,"{'data_type': 'frame', 'duration': None, 'n_bins': 4, 'frames': 10, 'split_by': 'time'}","tensor([28.0681,  5.5621])","tensor([28.7018,  6.3348])","tensor([nan, nan])",128,256,0,0,shd_biograd_rsnn_1_layers_int_16_16_8_100364571_exp_id_8,100364571,50,False?
2,0.6817067189798921,0.6735865724381626,48,[256],"('random', [-1, 2])",128,16,16,8,16,0.5,0.5,"[2000.0, 4000.0]","[1600.0, 1600.0]",0.000244140625,0,2.0,none,256,1.0,1.0,"{'data_type': 'frame', 'duration': None, 'n_bins': 4, 'frames': 10, 'split_by': 'time'}","tensor([29.6602,  5.6674])","tensor([30.4982,  6.0954])","tensor([nan, nan])",128,256,0,0,shd_biograd_rsnn_1_layers_int_16_16_8_100364571_exp_id_2,100364571,50,False?
105,0.5334722903384012,0.5459363957597173,25,[256],"('random', [-1, 2])",128,16,16,8,16,0.5,0.5,"[2000.0, 4000.0]","[1600.0, 1600.0]",0.000244140625,0,0.5,cosine,0,1.0,1.0,"{'data_type': 'frame', 'duration': None, 'n_bins': 4, 'frames': 10, 'split_by': 'time'}","tensor([20.5548,  5.6664])","tensor([21.1658,  5.6935])","tensor([nan, nan])",128,256,0,0,shd_biograd_rsnn_1_layers_int_16_16_8_431267089_exp_id_105,431267089,50,False?
124,0.6516674840608141,0.6378091872791519,37,[256],"('random', [-1, 2])",128,16,16,8,16,0.5,0.5,"[2000.0, 4000.0]","[1600.0, 1600.0]",0.000244140625,0,0.5,cosine,128,1.0,1.0,"{'data_type': 'frame', 'duration': None, 'n_bins': 4, 'frames': 10, 'split_by': 'time'}","tensor([30.0886,  5.4708])","tensor([30.9945,  5.8563])","tensor([nan, nan])",128,256,0,0,shd_biograd_rsnn_1_layers_int_16_16_8_613427981_exp_id_124,613427981,50,False?
13,0.5919568415890142,0.6007067137809188,42,[256],"('random', [-1, 2])",128,16,16,8,16,0.5,0.5,"[2000.0, 4000.0]","[1600.0, 1600.0]",0.000244140625,0,0.5,decay,128,1.0,1.0,"{'data_type': 'frame', 'duration': None, 'n_bins': 4, 'frames': 10, 'split_by': 'time'}","tensor([27.1007,  5.6058])","tensor([28.2007,  5.9599])","tensor([nan, nan])",128,256,0,0,shd_biograd_rsnn_1_layers_int_16_16_8_100364571_exp_id_13,100364571,50,False?
109,0.6417361451692006,0.6559187279151943,40,[256],"('random', [-1, 2])",128,16,16,8,16,0.5,0.5,"[2000.0, 4000.0]","[1600.0, 1600.0]",0.000244140625,0,2.0,none,128,1.0,1.0,"{'data_type': 'frame', 'duration': None, 'n_bins': 4, 'frames': 10, 'split_by': 'time'}","tensor([30.4796,  5.4477])","tensor([32.4060,  5.8649])","tensor([nan, nan])",128,256,0,0,shd_biograd_rsnn_1_layers_int_16_16_8_613427981_exp_id_109,613427981,50,False?
0,0.2385973516429622,0.3480565371024735,47,[256],"('random', [-1, 2])",128,16,16,8,16,0.5,0.5,"[2000.0, 4000.0]","[1600.0, 1600.0]",0.000244140625,0,2.0,none,0,1.0,1.0,"{'data_type': 'frame', 'duration': None, 'n_bins': 4, 'frames': 10, 'split_by': 'time'}","tensor([5.0513, 4.9561])","tensor([5.0886, 4.4192])","tensor([nan, nan])",128,256,0,0,shd_biograd_rsnn_1_layers_int_16_16_8_100364571_exp_id_0,100364571,50,False?
143,0.6410004904364884,0.6603356890459364,40,[256],"('random', [-1, 2])",128,16,16,8,16,0.5,0.5,"[2000.0, 4000.0]","[1600.0, 1600.0]",0.000244140625,0,0.5,cosine,256,1.0,1.0,"{'data_type': 'frame', 'duration': None, 'n_bins': 4, 'frames': 10, 'split_by': 'time'}","tensor([28.9740,  5.5298])","tensor([29.8720,  5.8831])","tensor([nan, nan])",128,256,0,0,shd_biograd_rsnn_1_layers_int_16_16_8_301420567_exp_id_143,301420567,50,False?
104,0.5978420794507111,0.5680212014134276,31,[256],"('random', [-1, 2])",128,16,16,8,16,0.5,0.5,"[2000.0, 4000.0]","[1600.0, 1600.0]",0.000244140625,0,0.5,decay,256,1.0,1.0,"{'data_type': 'frame', 'duration': None, 'n_bins': 4, 'frames': 10, 'split_by': 'time'}","tensor([28.6299,  5.5368])","tensor([29.0656,  5.8946])","tensor([nan, nan])",128,256,0,0,shd_biograd_rsnn_1_layers_int_16_16_8_431267089_exp_id_104,431267089,50,False?
87,0.5175331044629721,0.5331272084805654,25,[256],"('random', [-1, 2])",128,16,16,8,16,0.5,0.5,"[2000.0, 4000.0]","[1600.0, 1600.0]",0.000244140625,0,0.5,cosine,0,1.0,1.0,"{'data_type': 'frame', 'duration': None, 'n_bins': 4, 'frames': 10, 'split_by': 'time'}","tensor([20.3258,  5.6765])","tensor([21.0099,  5.8944])","tensor([nan, nan])",128,256,0,0,shd_biograd_rsnn_1_layers_int_16_16_8_642731685_exp_id_87,642731685,50,False?
68,0.5539480137322217,0.598939929328622,12,[256],"('random', [-1, 2])",128,16,16,8,16,0.5,0.5,"[2000.0, 4000.0]","[1600.0, 1600.0]",0.000244140625,0,0.5,decay,256,1.0,1.0,"{'data_type': 'frame', 'duration': None, 'n_bins': 4, 'frames': 10, 'split_by': 'time'}","tensor([26.0957,  5.5156])","tensor([27.9895,  6.1025])","tensor([nan, nan])",128,256,0,0,shd_biograd_rsnn_1_layers_int_16_16_8_712492346_exp_id_68,712492346,50,False?
137,0.6341343795978421,0.6713780918727915,40,[256],"('random', [-1, 2])",128,16,16,8,16,0.5,0.5,"[2000.0, 4000.0]","[1600.0, 1600.0]",0.000244140625,0,0.5,none,256,1.0,1.0,"{'data_type': 'frame', 'duration': None, 'n_bins': 4, 'frames': 10, 'split_by': 'time'}","tensor([29.4249,  5.5677])","tensor([30.4665,  6.1545])","tensor([nan, nan])",128,256,0,0,shd_biograd_rsnn_1_layers_int_16_16_8_301420567_exp_id_137,301420567,50,False?
64,0.6618440411966651,0.6528268551236749,38,[256],"('random', [-1, 2])",128,16,16,8,16,0.5,0.5,"[2000.0, 4000.0]","[1600.0, 1600.0]",0.000244140625,0,0.5,none,128,1.0,1.0,"{'data_type': 'frame', 'duration': None, 'n_bins': 4, 'frames': 10, 'split_by': 'time'}","tensor([28.2878,  5.5160])","tensor([29.2363,  5.6992])","tensor([nan, nan])",128,256,0,0,shd_biograd_rsnn_1_layers_int_16_16_8_712492346_exp_id_64,712492346,50,False?
150,0.4151544874938695,0.4143109540636042,27,[256],"('random', [-1, 2])",128,16,16,8,16,0.5,0.5,"[2000.0, 4000.0]","[1600.0, 1600.0]",0.000244140625,0,2.0,cosine,0,1.0,1.0,"{'data_type': 'frame', 'duration': None, 'n_bins': 4, 'frames': 10, 'split_by': 'time'}","tensor([15.6047,  5.6887])","tensor([15.8351,  5.9068])","tensor([nan, nan])",128,256,0,0,shd_biograd_rsnn_1_layers_int_16_16_8_980342676_exp_id_150,980342676,50,False?
97,0.6286169691025012,0.6205830388692579,37,[256],"('random', [-1, 2])",128,16,16,8,16,0.5,0.5,"[2000.0, 4000.0]","[1600.0, 1600.0]",0.000244140625,0,2.0,cosine,128,1.0,1.0,"{'data_type': 'frame', 'duration': None, 'n_bins': 4, 'frames': 10, 'split_by': 'time'}","tensor([30.6157,  5.4647])","tensor([31.1516,  6.2375])","tensor([nan, nan])",128,256,0,0,shd_biograd_rsnn_1_layers_int_16_16_8_431267089_exp_id_97,431267089,50,False?
32,0.5864394310936734,0.588339222614841,22,[256],"('random', [-1, 2])",128,16,16,8,16,0.5,0.5,"[2000.0, 4000.0]","[1600.0, 1600.0]",0.000244140625,0,0.5,decay,256,1.0,1.0,"{'data_type': 'frame', 'duration': None, 'n_bins': 4, 'frames': 10, 'split_by': 'time'}","tensor([27.6064,  5.6444])","tensor([28.2620,  5.9155])","tensor([nan, nan])",128,256,0,0,shd_biograd_rsnn_1_layers_int_16_16_8_702546693_exp_id_32,702546693,50,False?
158,0.5833742030407062,0.6360424028268551,11,[256],"('random', [-1, 2])",128,16,16,8,16,0.5,0.5,"[2000.0, 4000.0]","[1600.0, 1600.0]",0.000244140625,0,0.5,decay,256,1.0,1.0,"{'data_type': 'frame', 'duration': None, 'n_bins': 4, 'frames': 10, 'split_by': 'time'}","tensor([26.6105,  5.4778])","tensor([28.1184,  6.0971])","tensor([nan, nan])",128,256,0,0,shd_biograd_rsnn_1_layers_int_16_16_8_980342676_exp_id_158,980342676,50,False?
138,0.5750367827366356,0.5680212014134276,27,[256],"('random', [-1, 2])",128,16,16,8,16,0.5,0.5,"[2000.0, 4000.0]","[1600.0, 1600.0]",0.000244140625,0,0.5,decay,0,1.0,1.0,"{'data_type': 'frame', 'duration': None, 'n_bins': 4, 'frames': 10, 'split_by': 'time'}","tensor([21.4445,  5.7467])","tensor([22.1694,  6.0486])","tensor([nan, nan])",128,256,0,0,shd_biograd_rsnn_1_layers_int_16_16_8_301420567_exp_id_138,301420567,50,False?
70,0.6435752820009809,0.6462014134275619,47,[256],"('random', [-1, 2])",128,16,16,8,16,0.5,0.5,"[2000.0, 4000.0]","[1600.0, 1600.0]",0.000244140625,0,0.5,cosine,128,1.0,1.0,"{'data_type': 'frame', 'duration': None, 'n_bins': 4, 'frames': 10, 'split_by': 'time'}","tensor([27.5786,  5.4805])","tensor([28.1619,  5.8545])","tensor([nan, nan])",128,256,0,0,shd_biograd_rsnn_1_layers_int_16_16_8_712492346_exp_id_70,712492346,50,False?
155,0.629475232957332,0.6466431095406361,15,[256],"('random', [-1, 2])",128,16,16,8,16,0.5,0.5,"[2000.0, 4000.0]","[1600.0, 1600.0]",0.000244140625,0,0.5,none,256,1.0,1.0,"{'data_type': 'frame', 'duration': None, 'n_bins': 4, 'frames': 10, 'split_by': 'time'}","tensor([27.7834,  5.4663])","tensor([27.9633,  5.7526])","tensor([nan, nan])",128,256,0,0,shd_biograd_rsnn_1_layers_int_16_16_8_980342676_exp_id_155,980342676,50,False?
156,0.5177783227072095,0.5159010600706714,32,[256],"('random', [-1, 2])",128,16,16,8,16,0.5,0.5,"[2000.0, 4000.0]","[1600.0, 1600.0]",0.000244140625,0,0.5,decay,0,1.0,1.0,"{'data_type': 'frame', 'duration': None, 'n_bins': 4, 'frames': 10, 'split_by': 'time'}","tensor([23.5502,  5.7948])","tensor([24.8267,  6.4335])","tensor([nan, nan])",128,256,0,0,shd_biograd_rsnn_1_layers_int_16_16_8_980342676_exp_id_156,980342676,50,False?
18,0.205125061304561,0.3087455830388692,49,[256],"('random', [-1, 2])",128,16,16,8,16,0.5,0.5,"[2000.0, 4000.0]","[1600.0, 1600.0]",0.000244140625,0,2.0,none,0,1.0,1.0,"{'data_type': 'frame', 'duration': None, 'n_bins': 4, 'frames': 10, 'split_by': 'time'}","tensor([5.7010, 4.8174])","tensor([5.3975, 5.8250])","tensor([nan, nan])",128,256,0,0,shd_biograd_rsnn_1_layers_int_16_16_8_702546693_exp_id_18,702546693,50,False?
108,0.2495095635115252,0.3511484098939929,43,[256],"('random', [-1, 2])",128,16,16,8,16,0.5,0.5,"[2000.0, 4000.0]","[1600.0, 1600.0]",0.000244140625,0,2.0,none,0,1.0,1.0,"{'data_type': 'frame', 'duration': None, 'n_bins': 4, 'frames': 10, 'split_by': 'time'}","tensor([5.9315, 4.8917])","tensor([4.9070, 5.3891])","tensor([nan, nan])",128,256,0,0,shd_biograd_rsnn_1_layers_int_16_16_8_613427981_exp_id_108,613427981,50,False?
34,0.6421039725355566,0.6364840989399293,48,[256],"('random', [-1, 2])",128,16,16,8,16,0.5,0.5,"[2000.0, 4000.0]","[1600.0, 1600.0]",0.000244140625,0,0.5,cosine,128,1.0,1.0,"{'data_type': 'frame', 'duration': None, 'n_bins': 4, 'frames': 10, 'split_by': 'time'}","tensor([29.0047,  5.5860])","tensor([30.2304,  6.2461])","tensor([nan, nan])",128,256,0,0,shd_biograd_rsnn_1_layers_int_16_16_8_702546693_exp_id_34,702546693,50,False?
69,0.4629720451201569,0.5768551236749117,47,[256],"('random', [-1, 2])",128,16,16,8,16,0.5,0.5,"[2000.0, 4000.0]","[1600.0, 1600.0]",0.000244140625,0,0.5,cosine,0,1.0,1.0,"{'data_type': 'frame', 'duration': None, 'n_bins': 4, 'frames': 10, 'split_by': 'time'}","tensor([16.6148,  5.6320])","tensor([17.2945,  6.1035])","tensor([nan, nan])",128,256,0,0,shd_biograd_rsnn_1_layers_int_16_16_8_712492346_exp_id_69,712492346,50,False?
1,0.5978420794507111,0.6188162544169611,34,[256],"('random', [-1, 2])",128,16,16,8,16,0.5,0.5,"[2000.0, 4000.0]","[1600.0, 1600.0]",0.000244140625,0,2.0,none,128,1.0,1.0,"{'data_type': 'frame', 'duration': None, 'n_bins': 4, 'frames': 10, 'split_by': 'time'}","tensor([28.7132,  5.6404])","tensor([30.0245,  5.8014])","tensor([nan, nan])",128,256,0,0,shd_biograd_rsnn_1_layers_int_16_16_8_100364571_exp_id_1,100364571,50,False?
39,0.4997547817557626,0.5017667844522968,42,[256],"('random', [-1, 2])",128,16,16,8,16,0.5,0.5,"[2000.0, 4000.0]","[1600.0, 1600.0]",0.000244140625,0,2.0,decay,0,1.0,1.0,"{'data_type': 'frame', 'duration': None, 'n_bins': 4, 'frames': 10, 'split_by': 'time'}","tensor([20.8538,  5.7213])","tensor([20.6655,  5.9232])","tensor([nan, nan])",128,256,0,0,shd_biograd_rsnn_1_layers_int_16_16_8_210342476_exp_id_39,210342476,50,False?
83,0.622854340362923,0.6223498233215548,21,[256],"('random', [-1, 2])",128,16,16,8,16,0.5,0.5,"[2000.0, 4000.0]","[1600.0, 1600.0]",0.000244140625,0,0.5,none,256,1.0,1.0,"{'data_type': 'frame', 'duration': None, 'n_bins': 4, 'frames': 10, 'split_by': 'time'}","tensor([27.3244,  5.5036])","tensor([28.3359,  5.7934])","tensor([nan, nan])",128,256,0,0,shd_biograd_rsnn_1_layers_int_16_16_8_642731685_exp_id_83,642731685,50,False?
149,0.6455370279548799,0.6289752650176679,43,[256],"('random', [-1, 2])",128,16,16,8,16,0.5,0.5,"[2000.0, 4000.0]","[1600.0, 1600.0]",0.000244140625,0,2.0,decay,256,1.0,1.0,"{'data_type': 'frame', 'duration': None, 'n_bins': 4, 'frames': 10, 'split_by': 'time'}","tensor([28.8688,  5.6088])","tensor([29.7197,  5.9830])","tensor([nan, nan])",128,256,0,0,shd_biograd_rsnn_1_layers_int_16_16_8_980342676_exp_id_149,980342676,50,False?
57,0.51679744973026,0.4933745583038869,48,[256],"('random', [-1, 2])",128,16,16,8,16,0.5,0.5,"[2000.0, 4000.0]","[1600.0, 1600.0]",0.000244140625,0,2.0,decay,0,1.0,1.0,"{'data_type': 'frame', 'duration': None, 'n_bins': 4, 'frames': 10, 'split_by': 'time'}","tensor([22.0743,  5.8925])","tensor([22.2751,  6.2392])","tensor([nan, nan])",128,256,0,0,shd_biograd_rsnn_1_layers_int_16_16_8_712492346_exp_id_57,712492346,50,False?
85,0.5586071603727317,0.607773851590106,18,[256],"('random', [-1, 2])",128,16,16,8,16,0.5,0.5,"[2000.0, 4000.0]","[1600.0, 1600.0]",0.000244140625,0,0.5,decay,128,1.0,1.0,"{'data_type': 'frame', 'duration': None, 'n_bins': 4, 'frames': 10, 'split_by': 'time'}","tensor([25.0353,  5.4549])","tensor([25.2607,  5.6895])","tensor([nan, nan])",128,256,0,0,shd_biograd_rsnn_1_layers_int_16_16_8_642731685_exp_id_85,642731685,50,False?
54,0.23320255026974,0.3308303886925795,29,[256],"('random', [-1, 2])",128,16,16,8,16,0.5,0.5,"[2000.0, 4000.0]","[1600.0, 1600.0]",0.000244140625,0,2.0,none,0,1.0,1.0,"{'data_type': 'frame', 'duration': None, 'n_bins': 4, 'frames': 10, 'split_by': 'time'}","tensor([5.9835, 4.8555])","tensor([5.6790, 4.4046])","tensor([nan, nan])",128,256,0,0,shd_biograd_rsnn_1_layers_int_16_16_8_712492346_exp_id_54,712492346,50,False?
92,0.6215056400196175,0.6364840989399293,19,[256],"('random', [-1, 2])",128,16,16,8,16,0.5,0.5,"[2000.0, 4000.0]","[1600.0, 1600.0]",0.000244140625,0,2.0,none,256,1.0,1.0,"{'data_type': 'frame', 'duration': None, 'n_bins': 4, 'frames': 10, 'split_by': 'time'}","tensor([28.9978,  5.5041])","tensor([30.4497,  6.0172])","tensor([nan, nan])",128,256,0,0,shd_biograd_rsnn_1_layers_int_16_16_8_431267089_exp_id_92,431267089,50,False?
81,0.359980382540461,0.4823321554770318,47,[256],"('random', [-1, 2])",128,16,16,8,16,0.5,0.5,"[2000.0, 4000.0]","[1600.0, 1600.0]",0.000244140625,0,0.5,none,0,1.0,1.0,"{'data_type': 'frame', 'duration': None, 'n_bins': 4, 'frames': 10, 'split_by': 'time'}","tensor([12.9215,  5.4196])","tensor([12.4926,  4.9738])","tensor([nan, nan])",128,256,0,0,shd_biograd_rsnn_1_layers_int_16_16_8_642731685_exp_id_81,642731685,50,False?
5,0.677415399705738,0.6784452296819788,34,[256],"('random', [-1, 2])",128,16,16,8,16,0.5,0.5,"[2000.0, 4000.0]","[1600.0, 1600.0]",0.000244140625,0,2.0,decay,256,1.0,1.0,"{'data_type': 'frame', 'duration': None, 'n_bins': 4, 'frames': 10, 'split_by': 'time'}","tensor([29.9926,  5.5482])","tensor([30.7692,  5.5138])","tensor([nan, nan])",128,256,0,0,shd_biograd_rsnn_1_layers_int_16_16_8_100364571_exp_id_5,100364571,50,False?
140,0.5884011770475723,0.5931978798586572,23,[256],"('random', [-1, 2])",128,16,16,8,16,0.5,0.5,"[2000.0, 4000.0]","[1600.0, 1600.0]",0.000244140625,0,0.5,decay,256,1.0,1.0,"{'data_type': 'frame', 'duration': None, 'n_bins': 4, 'frames': 10, 'split_by': 'time'}","tensor([26.3855,  5.5441])","tensor([26.7330,  6.0973])","tensor([nan, nan])",128,256,0,0,shd_biograd_rsnn_1_layers_int_16_16_8_301420567_exp_id_140,301420567,50,False?
29,0.6249386954389407,0.6484098939929329,22,[256],"('random', [-1, 2])",128,16,16,8,16,0.5,0.5,"[2000.0, 4000.0]","[1600.0, 1600.0]",0.000244140625,0,0.5,none,256,1.0,1.0,"{'data_type': 'frame', 'duration': None, 'n_bins': 4, 'frames': 10, 'split_by': 'time'}","tensor([27.2791,  5.5279])","tensor([28.0232,  5.9382])","tensor([nan, nan])",128,256,0,0,shd_biograd_rsnn_1_layers_int_16_16_8_702546693_exp_id_29,702546693,50,False?
176,0.5814124570868072,0.5808303886925795,16,[256],"('random', [-1, 2])",128,16,16,8,16,0.5,0.5,"[2000.0, 4000.0]","[1600.0, 1600.0]",0.000244140625,0,0.5,decay,256,1.0,1.0,"{'data_type': 'frame', 'duration': None, 'n_bins': 4, 'frames': 10, 'split_by': 'time'}","tensor([28.4292,  5.5681])","tensor([29.9293,  5.8056])","tensor([nan, nan])",128,256,0,0,shd_biograd_rsnn_1_layers_int_16_16_8_416302576_exp_id_176,416302576,50,False?
167,0.6440657184894556,0.6651943462897526,43,[256],"('random', [-1, 2])",128,16,16,8,16,0.5,0.5,"[2000.0, 4000.0]","[1600.0, 1600.0]",0.000244140625,0,2.0,decay,256,1.0,1.0,"{'data_type': 'frame', 'duration': None, 'n_bins': 4, 'frames': 10, 'split_by': 'time'}","tensor([30.5467,  5.6165])","tensor([31.4409,  5.8913])","tensor([nan, nan])",128,256,0,0,shd_biograd_rsnn_1_layers_int_16_16_8_416302576_exp_id_167,416302576,50,False?
35,0.6349926434526729,0.6457597173144877,38,[256],"('random', [-1, 2])",128,16,16,8,16,0.5,0.5,"[2000.0, 4000.0]","[1600.0, 1600.0]",0.000244140625,0,0.5,cosine,256,1.0,1.0,"{'data_type': 'frame', 'duration': None, 'n_bins': 4, 'frames': 10, 'split_by': 'time'}","tensor([29.6858,  5.6203])","tensor([30.4528,  5.8771])","tensor([nan, nan])",128,256,0,0,shd_biograd_rsnn_1_layers_int_16_16_8_702546693_exp_id_35,702546693,50,False?
91,0.6048307994114762,0.6342756183745583,38,[256],"('random', [-1, 2])",128,16,16,8,16,0.5,0.5,"[2000.0, 4000.0]","[1600.0, 1600.0]",0.000244140625,0,2.0,none,128,1.0,1.0,"{'data_type': 'frame', 'duration': None, 'n_bins': 4, 'frames': 10, 'split_by': 'time'}","tensor([30.1924,  5.5366])","tensor([31.1675,  6.0141])","tensor([nan, nan])",128,256,0,0,shd_biograd_rsnn_1_layers_int_16_16_8_431267089_exp_id_91,431267089,50,False?
3,0.5210887690044139,0.5295936395759717,36,[256],"('random', [-1, 2])",128,16,16,8,16,0.5,0.5,"[2000.0, 4000.0]","[1600.0, 1600.0]",0.000244140625,0,2.0,decay,0,1.0,1.0,"{'data_type': 'frame', 'duration': None, 'n_bins': 4, 'frames': 10, 'split_by': 'time'}","tensor([19.4954,  5.7386])","tensor([19.9548,  6.2529])","tensor([nan, nan])",128,256,0,0,shd_biograd_rsnn_1_layers_int_16_16_8_100364571_exp_id_3,100364571,50,False?
152,0.6671162334477685,0.6378091872791519,49,[256],"('random', [-1, 2])",128,16,16,8,16,0.5,0.5,"[2000.0, 4000.0]","[1600.0, 1600.0]",0.000244140625,0,2.0,cosine,256,1.0,1.0,"{'data_type': 'frame', 'duration': None, 'n_bins': 4, 'frames': 10, 'split_by': 'time'}","tensor([28.9187,  5.5210])","tensor([29.7539,  5.5735])","tensor([nan, nan])",128,256,0,0,shd_biograd_rsnn_1_layers_int_16_16_8_980342676_exp_id_152,980342676,50,False?
106,0.6256743501716527,0.6267667844522968,44,[256],"('random', [-1, 2])",128,16,16,8,16,0.5,0.5,"[2000.0, 4000.0]","[1600.0, 1600.0]",0.000244140625,0,0.5,cosine,128,1.0,1.0,"{'data_type': 'frame', 'duration': None, 'n_bins': 4, 'frames': 10, 'split_by': 'time'}","tensor([29.7096,  5.5307])","tensor([30.7429,  5.8334])","tensor([nan, nan])",128,256,0,0,shd_biograd_rsnn_1_layers_int_16_16_8_431267089_exp_id_106,431267089,50,False?
163,0.6115743011280039,0.6484098939929329,32,[256],"('random', [-1, 2])",128,16,16,8,16,0.5,0.5,"[2000.0, 4000.0]","[1600.0, 1600.0]",0.000244140625,0,2.0,none,128,1.0,1.0,"{'data_type': 'frame', 'duration': None, 'n_bins': 4, 'frames': 10, 'split_by': 'time'}","tensor([29.6284,  5.5584])","tensor([31.2757,  5.9820])","tensor([nan, nan])",128,256,0,0,shd_biograd_rsnn_1_layers_int_16_16_8_416302576_exp_id_163,416302576,50,False?
144,0.2298921039725355,0.3365724381625442,45,[256],"('random', [-1, 2])",128,16,16,8,16,0.5,0.5,"[2000.0, 4000.0]","[1600.0, 1600.0]",0.000244140625,0,2.0,none,0,1.0,1.0,"{'data_type': 'frame', 'duration': None, 'n_bins': 4, 'frames': 10, 'split_by': 'time'}","tensor([5.2920, 4.9547])","tensor([5.2717, 4.9537])","tensor([nan, nan])",128,256,0,0,shd_biograd_rsnn_1_layers_int_16_16_8_980342676_exp_id_144,980342676,50,False?
102,0.558116723884257,0.5326855123674912,37,[256],"('random', [-1, 2])",128,16,16,8,16,0.5,0.5,"[2000.0, 4000.0]","[1600.0, 1600.0]",0.000244140625,0,0.5,decay,0,1.0,1.0,"{'data_type': 'frame', 'duration': None, 'n_bins': 4, 'frames': 10, 'split_by': 'time'}","tensor([22.0836,  5.6174])","tensor([23.2244,  6.2499])","tensor([nan, nan])",128,256,0,0,shd_biograd_rsnn_1_layers_int_16_16_8_431267089_exp_id_102,431267089,50,False?
55,0.6333987248651299,0.6563604240282686,45,[256],"('random', [-1, 2])",128,16,16,8,16,0.5,0.5,"[2000.0, 4000.0]","[1600.0, 1600.0]",0.000244140625,0,2.0,none,128,1.0,1.0,"{'data_type': 'frame', 'duration': None, 'n_bins': 4, 'frames': 10, 'split_by': 'time'}","tensor([29.1386,  5.4824])","tensor([29.8313,  6.1166])","tensor([nan, nan])",128,256,0,0,shd_biograd_rsnn_1_layers_int_16_16_8_712492346_exp_id_55,712492346,50,False?
80,0.6110838646395291,0.6232332155477032,25,[256],"('random', [-1, 2])",128,16,16,8,16,0.5,0.5,"[2000.0, 4000.0]","[1600.0, 1600.0]",0.000244140625,0,2.0,cosine,256,1.0,1.0,"{'data_type': 'frame', 'duration': None, 'n_bins': 4, 'frames': 10, 'split_by': 'time'}","tensor([29.6268,  5.5657])","tensor([30.7048,  6.0077])","tensor([nan, nan])",128,256,0,0,shd_biograd_rsnn_1_layers_int_16_16_8_642731685_exp_id_80,642731685,50,False?
30,0.5274644433545855,0.5353356890459364,22,[256],"('random', [-1, 2])",128,16,16,8,16,0.5,0.5,"[2000.0, 4000.0]","[1600.0, 1600.0]",0.000244140625,0,0.5,decay,0,1.0,1.0,"{'data_type': 'frame', 'duration': None, 'n_bins': 4, 'frames': 10, 'split_by': 'time'}","tensor([21.0646,  5.7453])","tensor([22.1263,  6.2283])","tensor([nan, nan])",128,256,0,0,shd_biograd_rsnn_1_layers_int_16_16_8_702546693_exp_id_30,702546693,50,False?
46,0.6714075527219225,0.6576855123674912,42,[256],"('random', [-1, 2])",128,16,16,8,16,0.5,0.5,"[2000.0, 4000.0]","[1600.0, 1600.0]",0.000244140625,0,0.5,none,128,1.0,1.0,"{'data_type': 'frame', 'duration': None, 'n_bins': 4, 'frames': 10, 'split_by': 'time'}","tensor([30.0341,  5.5720])","tensor([31.0782,  5.8042])","tensor([nan, nan])",128,256,0,0,shd_biograd_rsnn_1_layers_int_16_16_8_210342476_exp_id_46,210342476,50,False?
160,0.6434526728788622,0.6426678445229682,43,[256],"('random', [-1, 2])",128,16,16,8,16,0.5,0.5,"[2000.0, 4000.0]","[1600.0, 1600.0]",0.000244140625,0,0.5,cosine,128,1.0,1.0,"{'data_type': 'frame', 'duration': None, 'n_bins': 4, 'frames': 10, 'split_by': 'time'}","tensor([30.0082,  5.5420])","tensor([30.8285,  6.0399])","tensor([nan, nan])",128,256,0,0,shd_biograd_rsnn_1_layers_int_16_16_8_980342676_exp_id_160,980342676,50,False?
141,0.4324423737126042,0.5503533568904594,44,[256],"('random', [-1, 2])",128,16,16,8,16,0.5,0.5,"[2000.0, 4000.0]","[1600.0, 1600.0]",0.000244140625,0,0.5,cosine,0,1.0,1.0,"{'data_type': 'frame', 'duration': None, 'n_bins': 4, 'frames': 10, 'split_by': 'time'}","tensor([14.3289,  5.5126])","tensor([14.4794,  4.5198])","tensor([nan, nan])",128,256,0,0,shd_biograd_rsnn_1_layers_int_16_16_8_301420567_exp_id_141,301420567,50,False?
71,0.6277587052476704,0.6453180212014135,38,[256],"('random', [-1, 2])",128,16,16,8,16,0.5,0.5,"[2000.0, 4000.0]","[1600.0, 1600.0]",0.000244140625,0,0.5,cosine,256,1.0,1.0,"{'data_type': 'frame', 'duration': None, 'n_bins': 4, 'frames': 10, 'split_by': 'time'}","tensor([28.1448,  5.6346])","tensor([29.0805,  6.1712])","tensor([nan, nan])",128,256,0,0,shd_biograd_rsnn_1_layers_int_16_16_8_712492346_exp_id_71,712492346,50,False?
115,0.6093673369298676,0.6484098939929329,40,[256],"('random', [-1, 2])",128,16,16,8,16,0.5,0.5,"[2000.0, 4000.0]","[1600.0, 1600.0]",0.000244140625,0,2.0,cosine,128,1.0,1.0,"{'data_type': 'frame', 'duration': None, 'n_bins': 4, 'frames': 10, 'split_by': 'time'}","tensor([29.2929,  5.4800])","tensor([30.2785,  5.7306])","tensor([nan, nan])",128,256,0,0,shd_biograd_rsnn_1_layers_int_16_16_8_613427981_exp_id_115,613427981,50,False?
166,0.6083864639529181,0.6205830388692579,33,[256],"('random', [-1, 2])",128,16,16,8,16,0.5,0.5,"[2000.0, 4000.0]","[1600.0, 1600.0]",0.000244140625,0,2.0,decay,128,1.0,1.0,"{'data_type': 'frame', 'duration': None, 'n_bins': 4, 'frames': 10, 'split_by': 'time'}","tensor([30.2573,  5.5957])","tensor([31.8093,  5.7893])","tensor([nan, nan])",128,256,0,0,shd_biograd_rsnn_1_layers_int_16_16_8_416302576_exp_id_166,416302576,50,False?
89,0.5912211868563021,0.6245583038869258,32,[256],"('random', [-1, 2])",128,16,16,8,16,0.5,0.5,"[2000.0, 4000.0]","[1600.0, 1600.0]",0.000244140625,0,0.5,cosine,256,1.0,1.0,"{'data_type': 'frame', 'duration': None, 'n_bins': 4, 'frames': 10, 'split_by': 'time'}","tensor([27.2933,  5.5667])","tensor([27.7186,  5.5940])","tensor([nan, nan])",128,256,0,0,shd_biograd_rsnn_1_layers_int_16_16_8_642731685_exp_id_89,642731685,50,False?
24,0.4307258460029426,0.4474381625441696,29,[256],"('random', [-1, 2])",128,16,16,8,16,0.5,0.5,"[2000.0, 4000.0]","[1600.0, 1600.0]",0.000244140625,0,2.0,cosine,0,1.0,1.0,"{'data_type': 'frame', 'duration': None, 'n_bins': 4, 'frames': 10, 'split_by': 'time'}","tensor([16.8792,  5.6800])","tensor([16.8819,  5.6182])","tensor([nan, nan])",128,256,0,0,shd_biograd_rsnn_1_layers_int_16_16_8_702546693_exp_id_24,702546693,50,False?
131,0.6107160372731731,0.6351590106007067,16,[256],"('random', [-1, 2])",128,16,16,8,16,0.5,0.5,"[2000.0, 4000.0]","[1600.0, 1600.0]",0.000244140625,0,2.0,decay,256,1.0,1.0,"{'data_type': 'frame', 'duration': None, 'n_bins': 4, 'frames': 10, 'split_by': 'time'}","tensor([28.9909,  5.5213])","tensor([30.0625,  5.8035])","tensor([nan, nan])",128,256,0,0,shd_biograd_rsnn_1_layers_int_16_16_8_301420567_exp_id_131,301420567,50,False?
171,0.3452672878862187,0.4783568904593639,49,[256],"('random', [-1, 2])",128,16,16,8,16,0.5,0.5,"[2000.0, 4000.0]","[1600.0, 1600.0]",0.000244140625,0,0.5,none,0,1.0,1.0,"{'data_type': 'frame', 'duration': None, 'n_bins': 4, 'frames': 10, 'split_by': 'time'}","tensor([12.0006,  5.3013])","tensor([10.6357,  5.9952])","tensor([nan, nan])",128,256,0,0,shd_biograd_rsnn_1_layers_int_16_16_8_416302576_exp_id_171,416302576,50,False?
174,0.553825404610103,0.5340106007067138,42,[256],"('random', [-1, 2])",128,16,16,8,16,0.5,0.5,"[2000.0, 4000.0]","[1600.0, 1600.0]",0.000244140625,0,0.5,decay,0,1.0,1.0,"{'data_type': 'frame', 'duration': None, 'n_bins': 4, 'frames': 10, 'split_by': 'time'}","tensor([22.3458,  5.7301])","tensor([23.3342,  5.9212])","tensor([nan, nan])",128,256,0,0,shd_biograd_rsnn_1_layers_int_16_16_8_416302576_exp_id_174,416302576,50,False?
153,0.3938205002452182,0.5159010600706714,28,[256],"('random', [-1, 2])",128,16,16,8,16,0.5,0.5,"[2000.0, 4000.0]","[1600.0, 1600.0]",0.000244140625,0,0.5,none,0,1.0,1.0,"{'data_type': 'frame', 'duration': None, 'n_bins': 4, 'frames': 10, 'split_by': 'time'}","tensor([13.0202,  5.4996])","tensor([12.6215,  5.6797])","tensor([nan, nan])",128,256,0,0,shd_biograd_rsnn_1_layers_int_16_16_8_980342676_exp_id_153,980342676,50,False?
122,0.5659637076998528,0.5812720848056537,13,[256],"('random', [-1, 2])",128,16,16,8,16,0.5,0.5,"[2000.0, 4000.0]","[1600.0, 1600.0]",0.000244140625,0,0.5,decay,256,1.0,1.0,"{'data_type': 'frame', 'duration': None, 'n_bins': 4, 'frames': 10, 'split_by': 'time'}","tensor([27.2214,  5.4974])","tensor([28.1332,  6.0749])","tensor([nan, nan])",128,256,0,0,shd_biograd_rsnn_1_layers_int_16_16_8_613427981_exp_id_122,613427981,50,False?
117,0.3760421775380088,0.5203180212014135,35,[256],"('random', [-1, 2])",128,16,16,8,16,0.5,0.5,"[2000.0, 4000.0]","[1600.0, 1600.0]",0.000244140625,0,0.5,none,0,1.0,1.0,"{'data_type': 'frame', 'duration': None, 'n_bins': 4, 'frames': 10, 'split_by': 'time'}","tensor([12.7084,  5.3421])","tensor([12.8366,  5.8305])","tensor([nan, nan])",128,256,0,0,shd_biograd_rsnn_1_layers_int_16_16_8_613427981_exp_id_117,613427981,50,False?
